login_event_id,username,created_at,is_anomaly,anomaly_type,login_hour,successful_login_count_so_far,avg_login_hour_so_far,stddev_login_hour_so_far,first_login_at_so_far,hour_sin,hour_cos,day_of_week,hour_deviation_from_avg,is_new_location,is_new_device,minutes_since_last_login,logins_last_24h,distance_km_from_home
4783,user101,2026-06-24T09:32:04+00:00,0,,9.533333333333333,0,,,,0.6018150231520486,-0.7986355100472926,2.0,0.0,1.0,1.0,1440.0,0.0,0.0
4781,user101,2026-06-25T10:38:44+00:00,0,,10.633333333333333,1,9.533333333333333,0.0,2026-06-24T09:32:04+00:00,0.35020738125946793,-0.9366721892483975,3.0,1.0999999999999996,0.0,1.0,1506.6666666666667,0.0,0.0
4799,user101,2026-06-26T11:30:06+00:00,1,unusual_location,11.5,2,10.083333333333332,0.5499999999999998,2026-06-24T09:32:04+00:00,0.130526192220052,-0.9914448613738104,4.0,1.4166666666666679,1.0,0.0,1491.3666666666666,0.0,13699.536276697454
4768,user101,2026-06-27T11:08:38+00:00,0,,11.133333333333333,3,10.555555555555555,0.8047697316547475,2026-06-24T09:32:04+00:00,0.2249510543438652,-0.9743700647852351,5.0,0.5777777777777775,0.0,0.0,1418.5333333333333,1.0,0.0
4788,user101,2026-06-28T09:25:25+00:00,0,,9.416666666666666,4,10.7,0.7404953297174354,2026-06-24T09:32:04+00:00,0.6259234721840592,-0.7798844830928817,6.0,1.2833333333333332,0.0,0.0,1336.7833333333333,1.0,0.0
4784,user101,2026-06-28T10:56:53+00:00,0,,10.933333333333334,5,10.443333333333332,0.8379604870026856,2026-06-24T09:32:04+00:00,0.2756373558169992,-0.9612616959383189,6.0,0.490000000000002,0.0,0.0,91.46666666666667,2.0,0.0
4801,user101,2026-06-30T21:22:30+00:00,1,unusual_hour+unusual_location,21.366666666666667,6,10.524999999999999,0.7864447662553109,2026-06-24T09:32:04+00:00,-0.6360782202777646,0.7716245833877194,1.0,10.841666666666669,1.0,0.0,3505.616666666667,0.0,11373.929672847547
4792,user101,2026-07-05T10:53:45+00:00,0,,10.883333333333333,7,12.07380952380952,3.8630304859200106,2026-06-24T09:32:04+00:00,0.28819626813408944,-0.9575713608048144,6.0,1.190476190476188,0.0,0.0,6571.25,0.0,0.0
4772,user101,2026-07-06T09:45:06+00:00,0,,9.75,8,11.924999999999997,3.634919378595472,2026-06-24T09:32:04+00:00,0.5555702330196025,-0.831469612302545,0.0,2.174999999999997,0.0,0.0,1371.35,1.0,0.0
4763,user101,2026-07-06T09:49:36+00:00,0,,9.816666666666666,9,11.68333333333333,3.4945371830124787,2026-06-24T09:32:04+00:00,0.540974471367994,-0.8410390129643924,0.0,1.8666666666666636,0.0,0.0,4.5,2.0,0.0
4789,user101,2026-07-09T11:32:16+00:00,0,,11.533333333333333,10,11.496666666666664,3.36217356945044,2026-06-24T09:32:04+00:00,0.12186934340514755,-0.992546151641322,3.0,0.036666666666668846,0.0,0.0,4422.666666666667,0.0,0.0
4770,user101,2026-07-12T11:10:43+00:00,0,,11.166666666666666,11,11.499999999999998,3.205724047179774,2026-06-24T09:32:04+00:00,0.21643961393810318,-0.9762960071199333,6.0,0.33333333333333215,0.0,0.0,4298.45,0.0,0.0
4786,user101,2026-07-17T11:38:25+00:00,0,,11.633333333333333,12,11.47222222222222,3.070629484665769,2026-06-24T09:32:04+00:00,0.09584575252022391,-0.9953961983671789,4.0,0.1611111111111132,0.0,0.0,7227.7,0.0,0.0
4774,user101,2026-07-27T10:34:45+00:00,0,,10.566666666666666,13,11.484615384615381,2.9504777357514533,2026-06-24T09:32:04+00:00,0.3665012267242976,-0.9304175679820245,0.0,0.9179487179487147,0.0,0.0,14336.333333333334,0.0,0.0
4785,user101,2026-07-27T10:56:02+00:00,0,,10.933333333333334,14,11.419047619047616,2.8529632126914155,2026-06-24T09:32:04+00:00,0.2756373558169992,-0.9612616959383189,0.0,0.4857142857142822,0.0,0.0,21.283333333333335,1.0,0.0
4779,user101,2026-07-28T08:30:42+00:00,0,,8.5,15,11.386666666666663,2.758885980219526,2026-06-24T09:32:04+00:00,0.7933533402912352,-0.6087614290087207,1.0,2.886666666666663,0.0,0.0,1294.6666666666667,2.0,0.0
4794,user101,2026-07-29T10:44:23+00:00,0,,10.733333333333333,16,11.206249999999997,2.7611571333913214,2026-06-24T09:32:04+00:00,0.32556815445715703,-0.9455185755993167,2.0,0.47291666666666465,0.0,0.0,1573.6833333333334,0.0,0.0
4771,user101,2026-08-02T09:44:22+00:00,0,,9.733333333333333,17,11.178431372549015,2.6810260736109557,2026-06-24T09:32:04+00:00,0.5591929034707469,-0.8290375725550416,6.0,1.445098039215683,0.0,0.0,5699.983333333334,0.0,0.0
4767,user101,2026-08-04T09:03:43+00:00,0,,9.05,18,11.098148148148145,2.626431936828531,2026-06-24T09:32:04+00:00,0.6977904598416802,-0.7163019434246543,1.0,2.048148148148144,0.0,0.0,2839.35,0.0,0.0
4796,user101,2026-08-08T10:00:33+00:00,0,,10.0,19,10.990350877192979,2.5969691949833007,2026-06-24T09:32:04+00:00,0.49999999999999994,-0.8660254037844387,5.0,0.990350877192979,0.0,0.0,5816.833333333333,0.0,0.0
4765,user101,2026-08-10T09:41:51+00:00,0,,9.683333333333334,20,10.94083333333333,2.5403984540924984,2026-06-24T09:32:04+00:00,0.5699967625963032,-0.8216469379421636,0.0,1.2574999999999967,0.0,0.0,2861.3,0.0,0.0
4764,user101,2026-08-10T10:44:35+00:00,0,,10.733333333333333,21,10.880952380952378,2.493596485318918,2026-06-24T09:32:04+00:00,0.32556815445715703,-0.9455185755993167,0.0,0.14761904761904532,0.0,0.0,62.733333333333334,1.0,0.0
4793,user101,2026-08-11T10:25:36+00:00,0,,10.416666666666666,22,10.874242424242421,2.4364588026039025,2026-06-24T09:32:04+00:00,0.4027466898587373,-0.9153114791194471,1.0,0.4575757575757553,0.0,0.0,1421.0166666666667,1.0,0.0
4797,user101,2026-08-14T22:19:16+00:00,1,unusual_hour,22.316666666666666,23,10.854347826086952,2.384730093353847,2026-06-24T09:32:04+00:00,-0.4265687399014579,0.9044551454543682,4.0,11.462318840579714,0.0,0.0,5033.666666666667,0.0,0.0
4790,user101,2026-08-17T10:00:53+00:00,0,,10.0,24,11.33194444444444,3.27051189739277,2026-06-24T09:32:04+00:00,0.49999999999999994,-0.8660254037844387,0.0,1.3319444444444404,0.0,0.0,3581.616666666667,0.0,0.0
4791,user101,2026-08-21T10:06:31+00:00,0,,10.1,25,11.278666666666663,3.2150462930829886,2026-06-24T09:32:04+00:00,0.4771587602596086,-0.8788171126619653,4.0,1.178666666666663,0.0,0.0,5765.633333333333,0.0,0.0
4773,user101,2026-08-23T09:29:25+00:00,0,,9.483333333333333,26,11.23333333333333,3.1607502084697994,2026-06-24T09:32:04+00:00,0.6122172800344496,-0.7906895737438431,6.0,1.7499999999999982,0.0,0.0,2842.9,0.0,0.0
4776,user101,2026-08-25T10:45:24+00:00,0,,10.75,27,11.168518518518518,3.1192233302239587,2026-06-24T09:32:04+00:00,0.32143946530316175,-0.9469301294951056,1.0,0.4185185185185176,0.0,0.0,2955.983333333333,0.0,0.0
4782,user101,2026-08-29T06:50:51+00:00,0,,6.833333333333333,28,11.153571428571427,3.0640010320270843,2026-06-24T09:32:04+00:00,0.9762960071199334,-0.2164396139381028,5.0,4.320238095238094,0.0,0.0,5525.45,0.0,0.0
4769,user101,2026-08-29T11:48:20+00:00,0,,11.8,29,11.004597701149423,3.1121991354740284,2026-06-24T09:32:04+00:00,0.05233595624294381,-0.9986295347545738,5.0,0.7954022988505773,0.0,0.0,297.48333333333335,1.0,0.0
4800,user101,2026-08-31T10:17:16+00:00,1,unusual_device,10.283333333333333,30,11.031111111111109,3.0632188750631597,2026-06-24T09:32:04+00:00,0.4344452574044172,-0.9006982393225879,0.0,0.7477777777777757,0.0,1.0,2788.9333333333334,0.0,0.0
4775,user101,2026-09-06T11:45:11+00:00,0,,11.75,31,11.006989247311827,3.0163021053212464,2026-06-24T09:32:04+00:00,0.06540312923014312,-0.9978589232386035,6.0,0.7430107526881731,0.0,0.0,8727.916666666666,0.0,0.0
4787,user101,2026-09-09T11:06:33+00:00,0,,11.1,32,11.030208333333333,2.971611742049441,2026-06-24T09:32:04+00:00,0.23344536385590553,-0.9723699203976766,2.0,0.06979166666666714,0.0,0.0,4281.366666666667,0.0,0.0
4780,user101,2026-09-09T12:03:34+00:00,0,,12.05,33,11.032323232323233,2.926265415632398,2026-06-24T09:32:04+00:00,-0.013089595571344391,-0.999914327574007,2.0,1.0176767676767682,0.0,0.0,57.016666666666666,1.0,0.0
4795,user101,2026-09-10T12:22:11+00:00,0,,12.366666666666667,34,11.062254901960785,2.888033992226156,2026-06-24T09:32:04+00:00,-0.09584575252022366,-0.9953961983671789,3.0,1.3044117647058826,0.0,0.0,1458.6166666666666,0.0,0.0
4777,user101,2026-09-13T11:18:31+00:00,0,,11.3,35,11.09952380952381,2.854760673576922,2026-06-24T09:32:04+00:00,0.18223552549214728,-0.9832549075639546,6.0,0.20047619047619136,0.0,0.0,4256.333333333333,0.0,0.0
4778,user101,2026-09-14T11:12:44+00:00,0,,11.2,36,11.105092592592593,2.8150247774397035,2026-06-24T09:32:04+00:00,0.20791169081775931,-0.9781476007338057,0.0,0.09490740740740655,0.0,0.0,1434.2166666666667,1.0,0.0
4766,user101,2026-09-19T09:30:16+00:00,0,,9.5,37,11.107657657657658,2.77676598730739,2026-06-24T09:32:04+00:00,0.6087614290087209,-0.793353340291235,5.0,1.6076576576576578,0.0,0.0,7097.533333333334,0.0,0.0
4798,user101,2026-09-19T12:36:48+00:00,1,unusual_location,12.6,38,11.065350877192984,2.7520443798561938,2026-06-24T09:32:04+00:00,-0.1564344650402303,-0.9876883405951378,5.0,1.534649122807016,0.0,0.0,186.53333333333333,1.0,11373.929672847547
4807,user102,2026-06-23T14:05:01+00:00,0,,14.083333333333334,0,,,,-0.5187732581605216,-0.8549118706729465,1.0,0.0,1.0,1.0,1440.0,0.0,0.0
4826,user102,2026-06-24T12:11:01+00:00,0,,12.183333333333334,1,14.083333333333334,0.0,2026-06-23T14:05:01+00:00,-0.04797812852134395,-0.9988483864849507,2.0,1.9000000000000004,0.0,0.0,1326.0,1.0,0.0
4827,user102,2026-06-28T12:07:06+00:00,0,,12.116666666666667,2,13.133333333333333,0.9500000000000002,2026-06-23T14:05:01+00:00,-0.030538513209822857,-0.9995335908367129,6.0,1.0166666666666657,0.0,0.0,5756.083333333333,0.0,0.0
4862,user102,2026-07-01T09:21:46+00:00,1,unusual_device+unusual_location,9.35,3,12.794444444444444,0.9117883661746065,2026-06-23T14:05:01+00:00,0.6394390019805848,-0.7688418320734595,2.0,3.4444444444444446,1.0,1.0,4154.666666666667,0.0,14370.778455992551
4815,user102,2026-07-04T12:01:27+00:00,0,,12.016666666666667,4,11.933333333333334,1.6876183086099643,2026-06-23T14:05:01+00:00,-0.0043633092847466205,-0.9999904807207345,5.0,0.08333333333333393,0.0,0.0,4479.683333333333,0.0,0.0
4851,user102,2026-07-05T11:52:05+00:00,0,,11.866666666666667,5,11.95,1.509819709619515,2026-06-23T14:05:01+00:00,0.0348994967025007,-0.9993908270190958,6.0,0.08333333333333215,0.0,0.0,1430.6333333333334,1.0,0.0
4824,user102,2026-07-07T11:07:18+00:00,0,,11.116666666666667,6,11.936111111111112,1.378620374070567,2026-06-23T14:05:01+00:00,0.22920039092241454,-0.9733792584604484,1.0,0.8194444444444446,0.0,0.0,2835.2166666666667,0.0,0.0
4828,user102,2026-07-07T12:12:19+00:00,0,,12.2,7,11.819047619047621,1.3081681294372234,2026-06-23T14:05:01+00:00,-0.052335956242943564,-0.9986295347545738,1.0,0.3809523809523778,0.0,0.0,65.01666666666667,1.0,0.0
4852,user102,2026-07-09T11:25:05+00:00,0,,11.416666666666666,8,11.866666666666669,1.2301479134189064,2026-06-23T14:05:01+00:00,0.15212338618991708,-0.9883615104677607,3.0,0.45000000000000284,0.0,0.0,2832.766666666667,0.0,0.0
4833,user102,2026-07-11T12:24:04+00:00,0,,12.4,9,11.81666666666667,1.1683849779889006,2026-06-23T14:05:01+00:00,-0.1045284632676535,-0.9945218953682733,5.0,0.5833333333333304,0.0,0.0,2938.983333333333,0.0,0.0
4863,user102,2026-07-14T00:26:44+00:00,1,unusual_hour+unusual_location,0.43333333333333335,10,11.875000000000004,1.122156901289259,2026-06-23T14:05:01+00:00,0.11320321376790672,0.9935718556765875,1.0,11.44166666666667,0.0,0.0,3602.6666666666665,0.0,14370.778455992551
4806,user102,2026-07-16T11:04:35+00:00,0,,11.066666666666666,11,10.834848484848488,3.458888816618717,2026-06-23T14:05:01+00:00,0.24192189559966817,-0.9702957262759964,3.0,0.23181818181817881,0.0,0.0,3517.85,0.0,0.0
4809,user102,2026-07-17T11:38:19+00:00,0,,11.633333333333333,12,10.85416666666667,3.3122536596033156,2026-06-23T14:05:01+00:00,0.09584575252022391,-0.9953961983671789,4.0,0.7791666666666632,0.0,0.0,1473.7333333333333,0.0,0.0
4838,user102,2026-07-18T14:07:43+00:00,0,,14.116666666666667,13,10.914102564102565,3.1890762142965032,2026-06-23T14:05:01+00:00,-0.5262139236518696,-0.8503522249955628,5.0,3.202564102564102,0.0,0.0,1589.4,0.0,0.0
4813,user102,2026-07-19T12:20:39+00:00,0,,12.333333333333334,14,11.142857142857144,3.1818290779328704,2026-06-23T14:05:01+00:00,-0.08715574274765794,-0.9961946980917455,6.0,1.1904761904761898,0.0,0.0,1332.9333333333334,1.0,0.0
4837,user102,2026-07-22T11:36:42+00:00,0,,11.6,15,11.222222222222225,3.0882493342697064,2026-06-23T14:05:01+00:00,0.10452846326765373,-0.9945218953682733,2.0,0.37777777777777466,0.0,0.0,4276.05,0.0,0.0
4859,user102,2026-07-22T13:47:36+00:00,1,unusual_location,13.783333333333333,16,11.245833333333335,2.9915825197079595,2026-06-23T14:05:01+00:00,-0.45009844103743474,-0.8929789434111371,2.0,2.537499999999998,1.0,0.0,130.9,1.0,11223.861979543246
4805,user102,2026-07-23T07:26:55+00:00,0,,7.433333333333334,17,11.395098039215688,2.9630390064572225,2026-06-23T14:05:01+00:00,0.9304175679820246,-0.3665012267242972,3.0,3.961764705882354,0.0,0.0,1059.3166666666666,2.0,0.0
4820,user102,2026-07-26T13:13:02+00:00,0,,13.216666666666667,18,11.175000000000002,3.019168442869618,2026-06-23T14:05:01+00:00,-0.3131638064837496,-0.949699126201877,6.0,2.0416666666666643,0.0,0.0,4666.116666666667,0.0,0.0
4830,user102,2026-07-27T12:35:44+00:00,0,,12.583333333333334,19,11.28245614035088,2.9737962510591025,2026-06-23T14:05:01+00:00,-0.15212338618991683,-0.9883615104677607,0.0,1.3008771929824547,0.0,0.0,1402.7,1.0,0.0
4843,user102,2026-07-30T11:17:19+00:00,0,,11.283333333333333,20,11.347500000000002,2.912331420967668,2026-06-23T14:05:01+00:00,0.18652403600873463,-0.9824503977255098,3.0,0.0641666666666687,0.0,0.0,4241.583333333333,0.0,0.0
4841,user102,2026-07-30T12:53:52+00:00,0,,12.883333333333333,21,11.344444444444447,2.842177295895721,2026-06-23T14:05:01+00:00,-0.2292003909224143,-0.9733792584604485,3.0,1.538888888888886,0.0,0.0,96.55,1.0,0.0
4825,user102,2026-07-31T11:38:53+00:00,0,,11.633333333333333,22,11.41439393939394,2.7952715099805108,2026-06-23T14:05:01+00:00,0.09584575252022391,-0.9953961983671789,4.0,0.218939393939392,0.0,0.0,1365.0166666666667,1.0,0.0
4818,user102,2026-08-02T10:51:37+00:00,0,,10.85,23,11.423913043478263,2.7341940412561243,2026-06-23T14:05:01+00:00,0.296541574975571,-0.9550199444571866,6.0,0.5739130434782638,0.0,0.0,2832.733333333333,0.0,0.0
4850,user102,2026-08-02T11:10:47+00:00,0,,11.166666666666666,24,11.400000000000004,2.679081344762016,2026-06-23T14:05:01+00:00,0.21643961393810318,-0.9762960071199333,6.0,0.23333333333333783,0.0,0.0,19.166666666666668,1.0,0.0
4856,user102,2026-08-03T14:19:05+00:00,0,,14.316666666666666,25,11.39066666666667,2.625351108793726,2026-06-23T14:05:01+00:00,-0.5699967625963029,-0.8216469379421637,0.0,2.9259999999999966,0.0,0.0,1628.3,0.0,0.0
4858,user102,2026-08-03T23:29:32+00:00,1,unusual_hour,23.483333333333334,26,11.503205128205131,2.6351463218215416,2026-06-23T14:05:01+00:00,-0.13485093027372372,0.9908658973868821,0.0,11.980128205128203,0.0,0.0,550.45,1.0,0.0
4821,user102,2026-08-04T13:13:59+00:00,0,,13.216666666666667,27,11.946913580246918,3.4359304483690543,2026-06-23T14:05:01+00:00,-0.3131638064837496,-0.949699126201877,1.0,1.2697530864197493,0.0,0.0,824.45,2.0,0.0
4857,user102,2026-08-05T00:24:54+00:00,1,unusual_hour,0.4,28,11.992261904761907,3.3822349910348484,2026-06-23T14:05:01+00:00,0.10452846326765346,0.9945218953682733,2.0,11.592261904761907,0.0,0.0,670.9166666666666,1.0,0.0
4829,user102,2026-08-05T12:36:37+00:00,0,,12.6,29,11.592528735632186,3.9394254064138807,2026-06-23T14:05:01+00:00,-0.1564344650402303,-0.9876883405951378,2.0,1.0074712643678136,0.0,0.0,731.7166666666667,2.0,0.0
4861,user102,2026-08-07T11:16:06+00:00,1,unusual_device,11.266666666666667,30,11.626111111111113,3.8774315748036035,2026-06-23T14:05:01+00:00,0.19080899537654497,-0.981627183447664,4.0,0.35944444444444557,0.0,1.0,2799.483333333333,0.0,0.0
4836,user102,2026-08-09T10:31:23+00:00,0,,10.516666666666667,31,11.61451612903226,3.8149083660210903,2026-06-23T14:05:01+00:00,0.37864861735243294,-0.9255405040175664,6.0,1.097849462365593,0.0,0.0,2835.2833333333333,0.0,0.0
4803,user102,2026-08-15T10:09:44+00:00,0,,10.15,32,11.580208333333335,3.759682955891287,2026-06-23T14:05:01+00:00,0.4656145203251112,-0.884987637463042,5.0,1.4302083333333346,0.0,0.0,8618.35,0.0,0.0
4847,user102,2026-08-15T12:20:27+00:00,0,,12.333333333333334,33,11.536868686868688,3.710388450118172,2026-06-23T14:05:01+00:00,-0.08715574274765794,-0.9961946980917455,5.0,0.7964646464646457,0.0,0.0,130.71666666666667,1.0,0.0
4817,user102,2026-08-19T10:17:47+00:00,0,,10.283333333333333,34,11.560294117647059,3.6578928331560356,2026-06-23T14:05:01+00:00,0.4344452574044172,-0.9006982393225879,2.0,1.2769607843137258,0.0,0.0,5637.333333333333,0.0,0.0
4848,user102,2026-08-21T14:38:14+00:00,0,,14.633333333333333,35,11.523809523809526,3.6115297856019755,2026-06-23T14:05:01+00:00,-0.6360782202777636,-0.7716245833877202,4.0,3.1095238095238074,0.0,0.0,3140.45,0.0,0.0
4812,user102,2026-08-22T10:06:20+00:00,0,,10.1,36,11.610185185185186,3.5974941505494225,2026-06-23T14:05:01+00:00,0.4771587602596086,-0.8788171126619653,5.0,1.5101851851851862,0.0,0.0,1168.1,1.0,0.0
4860,user102,2026-08-24T11:28:53+00:00,1,unusual_device,11.466666666666667,37,11.56936936936937,3.556986766570866,2026-06-23T14:05:01+00:00,0.13917310096006574,-0.9902680687415703,0.0,0.10270270270270387,0.0,0.0,2962.55,0.0,0.0
4844,user102,2026-08-28T12:49:08+00:00,0,,12.816666666666666,38,11.566666666666668,3.5099107800926403,2026-06-23T14:05:01+00:00,-0.21217767215644617,-0.9772311064626789,4.0,1.2499999999999982,0.0,0.0,5840.25,0.0,0.0
4814,user102,2026-08-30T10:41:14+00:00,0,,10.683333333333334,39,11.59871794871795,3.470248775156144,2026-06-23T14:05:01+00:00,0.3379167180033274,-0.9411760152563705,6.0,0.9153846153846157,0.0,0.0,2752.1,0.0,0.0
4834,user102,2026-08-30T13:10:43+00:00,0,,13.166666666666666,40,11.575833333333334,3.4295751073079983,2026-06-23T14:05:01+00:00,-0.30070579950427306,-0.9537169507482269,6.0,1.5908333333333324,0.0,0.0,149.48333333333332,1.0,0.0
4832,user102,2026-08-31T13:49:18+00:00,0,,13.816666666666666,41,11.614634146341464,3.3963698042440713,2026-06-23T14:05:01+00:00,-0.4578739151169564,-0.8890171414857366,0.0,2.2020325203252025,0.0,0.0,1478.5833333333333,0.0,0.0
4802,user102,2026-09-02T11:03:44+00:00,0,,11.05,42,11.667063492063493,3.3724441392199864,2026-06-23T14:05:01+00:00,0.24615329302899278,-0.9692309097067544,2.0,0.6170634920634921,0.0,0.0,2714.4333333333334,0.0,0.0
4831,user102,2026-09-02T12:50:29+00:00,0,,12.833333333333334,43,11.652713178294574,3.334296237342067,2026-06-23T14:05:01+00:00,-0.21643961393810293,-0.9762960071199334,2.0,1.1806201550387598,0.0,0.0,106.75,1.0,0.0
4855,user102,2026-09-03T11:45:13+00:00,0,,11.75,44,11.679545454545456,3.3008815466944013,2026-06-23T14:05:01+00:00,0.06540312923014312,-0.9978589232386035,3.0,0.07045454545454355,0.0,0.0,1374.7333333333333,1.0,0.0
4845,user102,2026-09-03T13:44:31+00:00,0,,13.733333333333333,45,11.681111111111113,3.264015553097779,2026-06-23T14:05:01+00:00,-0.43837114678907707,-0.8987940462991671,3.0,2.0522222222222197,0.0,0.0,119.3,1.0,0.0
4839,user102,2026-09-05T12:17:35+00:00,0,,12.283333333333333,46,11.725724637681163,3.242184408789962,2026-06-23T14:05:01+00:00,-0.07410849019539895,-0.9972501850994857,5.0,0.5576086956521706,0.0,0.0,2793.0666666666666,0.0,0.0
4808,user102,2026-09-05T13:42:14+00:00,0,,13.7,47,11.737588652482271,3.2085167914483455,2026-06-23T14:05:01+00:00,-0.43051109680829447,-0.902585284349861,5.0,1.9624113475177278,0.0,0.0,84.65,1.0,0.0
4822,user102,2026-09-07T12:28:58+00:00,0,,12.466666666666667,48,11.778472222222225,3.187266618786134,2026-06-23T14:05:01+00:00,-0.12186934340514731,-0.9925461516413221,0.0,0.6881944444444414,0.0,0.0,2806.733333333333,0.0,0.0
4842,user102,2026-09-08T09:06:21+00:00,0,,9.1,49,11.792517006802724,3.156076206412929,2026-06-23T14:05:01+00:00,0.6883545756937542,-0.7253743710122874,1.0,2.692517006802724,0.0,0.0,1237.3833333333334,1.0,0.0
4854,user102,2026-09-09T11:33:11+00:00,0,,11.55,50,11.73866666666667,3.147013469589506,2026-06-23T14:05:01+00:00,0.11753739745783798,-0.9930684569549263,2.0,0.18866666666666987,0.0,0.0,1586.8333333333333,0.0,0.0
4811,user102,2026-09-12T11:33:35+00:00,0,,11.55,51,11.73496732026144,3.116117449951943,2026-06-23T14:05:01+00:00,0.11753739745783798,-0.9930684569549263,5.0,0.18496732026143903,0.0,0.0,4320.4,0.0,0.0
4823,user102,2026-09-13T11:05:08+00:00,0,,11.083333333333334,52,11.731410256410259,3.086113877658715,2026-06-23T14:05:01+00:00,0.23768589232617293,-0.9713420698132614,6.0,0.6480769230769248,0.0,0.0,1411.55,1.0,0.0
4853,user102,2026-09-13T12:46:01+00:00,0,,12.766666666666667,53,11.719182389937108,3.0581324308534246,2026-06-23T14:05:01+00:00,-0.199367934417197,-0.9799247046208297,6.0,1.0474842767295591,0.0,0.0,100.88333333333334,1.0,0.0
4816,user102,2026-09-13T13:22:05+00:00,0,,13.366666666666667,54,11.738580246913582,3.0329734966225397,2026-06-23T14:05:01+00:00,-0.3502073812594677,-0.9366721892483976,6.0,1.6280864197530853,0.0,0.0,36.06666666666667,2.0,0.0
4804,user102,2026-09-13T13:48:14+00:00,0,,13.8,55,11.76818181818182,3.0131366802405157,2026-06-23T14:05:01+00:00,-0.4539904997395471,-0.8910065241883677,6.0,2.0318181818181813,0.0,0.0,26.15,3.0,0.0
4846,user102,2026-09-15T13:17:54+00:00,0,,13.283333333333333,56,11.804464285714287,2.9982112575260995,2026-06-23T14:05:01+00:00,-0.32969064526278713,-0.9440890203927843,1.0,1.478869047619046,0.0,0.0,2849.6666666666665,0.0,0.0
4810,user102,2026-09-16T11:13:31+00:00,0,,11.216666666666667,57,11.830409356725147,2.9781303625275957,2026-06-23T14:05:01+00:00,0.2036417511401777,-0.9790454724845838,2.0,0.6137426900584799,0.0,0.0,1315.6166666666666,1.0,0.0
4849,user102,2026-09-17T11:12:11+00:00,0,,11.2,58,11.819827586206898,2.9534259230455,2026-06-23T14:05:01+00:00,0.20791169081775931,-0.9781476007338057,3.0,0.6198275862068989,0.0,0.0,1438.6666666666667,1.0,0.0
4835,user102,2026-09-17T11:30:50+00:00,0,,11.5,59,11.809322033898306,2.9293827261355205,2026-06-23T14:05:01+00:00,0.130526192220052,-0.9914448613738104,3.0,0.30932203389830626,0.0,0.0,18.65,1.0,0.0
4840,user102,2026-09-18T11:19:29+00:00,0,,11.316666666666666,60,11.804166666666669,2.9051385270088432,2026-06-23T14:05:01+00:00,0.17794354547384186,-0.9840406976462909,4.0,0.4875000000000025,0.0,0.0,1428.65,1.0,0.0
4819,user102,2026-09-19T14:08:10+00:00,0,,14.133333333333333,61,11.79617486338798,2.8818924563061397,2026-06-23T14:05:01+00:00,-0.5299192642332043,-0.8480480961564263,5.0,2.3371584699453525,0.0,0.0,1608.6833333333334,0.0,0.0
4864,user103,2026-06-23T06:01:39+00:00,0,,6.016666666666667,0,,,,0.9999904807207345,-0.00436330928474646,1.0,0.0,1.0,1.0,1440.0,0.0,0.0
4917,user103,2026-06-25T05:56:42+00:00,1,unusual_location,5.933333333333334,1,6.016666666666667,0.0,2026-06-23T06:01:39+00:00,0.9998476951563913,0.017452406437283376,3.0,0.08333333333333304,1.0,0.0,2875.05,0.0,6734.358161413964
4903,user103,2026-06-26T06:13:31+00:00,0,,6.216666666666667,2,5.975,0.04166666666666652,2026-06-23T06:01:39+00:00,0.9983916705573488,-0.05669278756337747,4.0,0.24166666666666714,0.0,0.0,1456.8166666666666,0.0,0.0
4883,user103,2026-06-27T07:37:57+00:00,0,,7.616666666666667,3,6.0555555555555545,0.11889408088351495,2026-06-23T06:01:39+00:00,0.9117620435770886,-0.4107188526134773,5.0,1.5611111111111127,0.0,0.0,1524.4333333333334,0.0,0.0
4887,user103,2026-06-30T06:19:10+00:00,0,,6.316666666666666,4,6.445833333333333,0.6837778026035457,2026-06-23T06:01:39+00:00,0.9965655024977614,-0.08280820751220423,1.0,0.12916666666666643,0.0,0.0,4241.216666666666,0.0,0.0
4868,user103,2026-07-01T06:38:51+00:00,0,,6.633333333333333,5,6.419999999999999,0.6137679619458084,2026-06-23T06:01:39+00:00,0.9862856015372314,-0.16504760586067727,2.0,0.21333333333333382,0.0,0.0,1459.6833333333334,0.0,0.0
4899,user103,2026-07-03T07:22:06+00:00,0,,7.366666666666666,6,6.455555555555555,0.5659036256998599,2026-06-23T06:01:39+00:00,0.9366721892483977,-0.3502073812594673,4.0,0.9111111111111114,0.0,0.0,2923.25,0.0,0.0
4921,user103,2026-07-06T19:48:30+00:00,1,unusual_device+unusual_hour,19.8,7,6.5857142857142845,0.6133067134122643,2026-06-23T06:01:39+00:00,-0.891006524188368,0.45399049973954664,0.0,10.785714285714285,0.0,1.0,5066.4,0.0,0.0
4866,user103,2026-07-07T04:32:19+00:00,0,,4.533333333333333,8,8.237499999999999,4.407709076783036,2026-06-23T06:01:39+00:00,0.9271838545667873,0.3746065934159122,1.0,3.7041666666666657,0.0,0.0,523.8166666666667,1.0,0.0
4912,user103,2026-07-07T04:55:19+00:00,0,,4.916666666666667,9,7.825925925925925,4.315598402859092,2026-06-23T06:01:39+00:00,0.9600498543859287,0.27982901403099203,1.0,2.909259259259258,0.0,0.0,23.0,2.0,0.0
4873,user103,2026-07-08T07:26:23+00:00,0,,7.433333333333334,10,7.534999999999999,4.186130870704673,2026-06-23T06:01:39+00:00,0.9304175679820246,-0.3665012267242972,2.0,0.10166666666666568,0.0,0.0,1591.0666666666666,0.0,0.0
4884,user103,2026-07-09T06:22:32+00:00,0,,6.366666666666666,11,7.525757575757575,3.9914261877100468,2026-06-23T06:01:39+00:00,0.9953961983671789,-0.09584575252022395,3.0,1.1590909090909092,0.0,0.0,1376.15,1.0,0.0
4894,user103,2026-07-09T06:25:52+00:00,0,,6.416666666666667,12,7.429166666666666,3.8349038147675256,2026-06-23T06:01:39+00:00,0.9940563382223196,-0.10886687485196461,3.0,1.0124999999999993,0.0,0.0,3.3333333333333335,2.0,0.0
4892,user103,2026-07-11T06:25:25+00:00,0,,6.416666666666667,13,7.351282051282051,3.6943214771940642,2026-06-23T06:01:39+00:00,0.9940563382223196,-0.10886687485196461,5.0,0.934615384615384,0.0,0.0,2879.55,0.0,0.0
4910,user103,2026-07-19T05:14:50+00:00,0,,5.233333333333333,14,7.28452380952381,3.5680652814386273,2026-06-23T06:01:39+00:00,0.9799247046208296,0.1993679344171972,6.0,2.0511904761904765,0.0,0.0,11449.416666666666,0.0,0.0
4911,user103,2026-07-19T05:30:47+00:00,0,,5.5,15,7.147777777777778,3.4848447899263095,2026-06-23T06:01:39+00:00,0.9914448613738104,0.1305261922200517,6.0,1.6477777777777778,0.0,0.0,15.95,1.0,0.0
4889,user103,2026-07-20T07:18:50+00:00,0,,7.3,16,7.044791666666667,3.397679553090037,2026-06-23T06:01:39+00:00,0.9426414910921784,-0.3338068592337708,0.0,0.25520833333333304,0.0,0.0,1548.05,0.0,0.0
4914,user103,2026-07-21T05:02:47+00:00,0,,5.033333333333333,17,7.059803921568627,3.2967802614478576,2026-06-23T06:01:39+00:00,0.9681476403781077,0.2503800040544415,1.0,2.026470588235294,0.0,0.0,1303.95,1.0,0.0
4915,user103,2026-07-21T19:41:02+00:00,1,unusual_hour,19.683333333333334,18,6.947222222222222,3.237345973265336,2026-06-23T06:01:39+00:00,-0.904455145454368,0.42656873990145827,1.0,11.26388888888889,0.0,0.0,878.25,1.0,0.0
4904,user103,2026-07-22T10:59:06+00:00,0,,10.983333333333333,19,7.617543859649122,4.2446163827112136,2026-06-23T06:01:39+00:00,0.2630312144579752,-0.9647873238288129,2.0,3.3657894736842104,0.0,0.0,918.0666666666667,1.0,0.0
4891,user103,2026-07-23T06:11:45+00:00,0,,6.183333333333334,20,7.785833333333332,4.201670550705596,2026-06-23T06:01:39+00:00,0.9988483864849507,-0.04797812852134379,3.0,1.6024999999999983,0.0,0.0,1152.65,1.0,0.0
4918,user103,2026-07-23T06:26:12+00:00,1,unusual_device,6.433333333333334,21,7.709523809523809,4.114587455866358,2026-06-23T06:01:39+00:00,0.9935718556765875,-0.11320321376790671,3.0,1.2761904761904752,0.0,0.0,14.45,2.0,0.0
4876,user103,2026-07-23T06:57:35+00:00,0,,6.95,22,7.6515151515151505,4.028766225567758,2026-06-23T06:01:39+00:00,0.9692309097067544,-0.24615329302899283,3.0,0.7015151515151503,0.0,0.0,31.383333333333333,3.0,0.0
4909,user103,2026-07-23T08:11:48+00:00,0,,8.183333333333334,23,7.621014492753622,3.9428073613453205,2026-06-23T06:01:39+00:00,0.8410390129643925,-0.5409744713679938,3.0,0.5623188405797119,0.0,0.0,74.21666666666667,4.0,0.0
4885,user103,2026-07-24T06:57:32+00:00,0,,6.95,24,7.644444444444443,3.8614268456039174,2026-06-23T06:01:39+00:00,0.9692309097067544,-0.24615329302899283,4.0,0.6944444444444429,0.0,0.0,1365.7333333333333,2.0,0.0
4890,user103,2026-07-24T07:30:42+00:00,0,,7.5,25,7.616666666666665,3.785856720890413,2026-06-23T06:01:39+00:00,0.9238795325112868,-0.3826834323650895,4.0,0.11666666666666536,0.0,0.0,33.166666666666664,2.0,0.0
4897,user103,2026-07-27T06:00:58+00:00,0,,6.0,26,7.6121794871794854,3.712405737651361,2026-06-23T06:01:39+00:00,1.0,6.123233995736766e-17,0.0,1.6121794871794854,0.0,0.0,4230.266666666666,0.0,0.0
4870,user103,2026-07-27T06:34:19+00:00,0,,6.566666666666666,27,7.552469135802467,3.6557095084763334,2026-06-23T06:01:39+00:00,0.9890158633619168,-0.14780941112961044,0.0,0.9858024691358009,0.0,0.0,33.35,1.0,0.0
4901,user103,2026-07-30T07:40:47+00:00,0,,7.666666666666667,28,7.517261904761903,3.5944939213265497,2026-06-23T06:01:39+00:00,0.90630778703665,-0.42261826174069933,3.0,0.14940476190476382,0.0,0.0,4386.466666666666,0.0,0.0
4878,user103,2026-07-31T07:38:16+00:00,0,,7.633333333333333,29,7.522413793103446,3.5320814195663393,2026-06-23T06:01:39+00:00,0.9099612708765433,-0.4146932426562388,4.0,0.11091954022988659,0.0,0.0,1437.4833333333333,1.0,0.0
4888,user103,2026-08-03T08:11:30+00:00,0,,8.183333333333334,30,7.526111111111109,3.4727715565453794,2026-06-23T06:01:39+00:00,0.8410390129643925,-0.5409744713679938,0.0,0.6572222222222246,0.0,0.0,4353.233333333334,0.0,0.0
4898,user103,2026-08-04T06:49:02+00:00,0,,6.816666666666666,31,7.547311827956987,3.4182728896219823,2026-06-23T06:01:39+00:00,0.9772311064626789,-0.21217767215644623,1.0,0.7306451612903206,0.0,0.0,1357.5333333333333,1.0,0.0
4865,user103,2026-08-04T07:33:39+00:00,0,,7.55,32,7.524479166666665,3.366839373599746,2026-06-23T06:01:39+00:00,0.9187912101488984,-0.39474385638426707,1.0,0.02552083333333499,0.0,0.0,44.61666666666667,2.0,0.0
4871,user103,2026-08-06T06:02:59+00:00,0,,6.033333333333333,33,7.525252525252524,3.315437113372732,2026-06-23T06:01:39+00:00,0.9999619230641713,-0.008726535498373997,3.0,1.491919191919191,0.0,0.0,2789.3333333333335,0.0,0.0
4913,user103,2026-08-07T07:05:37+00:00,0,,7.083333333333333,34,7.481372549019606,3.2760289126273943,2026-06-23T06:01:39+00:00,0.9600498543859287,-0.2798290140309919,4.0,0.3980392156862731,0.0,0.0,1502.6333333333334,0.0,0.0
4916,user103,2026-08-07T18:57:00+00:00,1,unusual_hour,18.95,35,7.469999999999998,3.2295702205593564,2026-06-23T06:01:39+00:00,-0.9692309097067545,0.2461532930289925,4.0,11.48,0.0,0.0,711.3833333333333,1.0,0.0
4908,user103,2026-08-09T06:04:55+00:00,0,,6.066666666666666,36,7.788888888888887,3.7012906491027966,2026-06-23T06:01:39+00:00,0.9998476951563913,-0.017452406437283255,6.0,1.7222222222222205,0.0,0.0,2107.9166666666665,0.0,0.0
4877,user103,2026-08-11T07:11:23+00:00,0,,7.183333333333334,37,7.74234234234234,3.6615968115194018,2026-06-23T06:01:39+00:00,0.9523957996432784,-0.30486429902801077,1.0,0.5590090090090065,0.0,0.0,2946.4666666666667,0.0,0.0
4906,user103,2026-08-11T08:30:11+00:00,0,,8.5,38,7.727631578947366,3.614204587449145,2026-06-23T06:01:39+00:00,0.7933533402912352,-0.6087614290087207,1.0,0.7723684210526338,0.0,0.0,78.8,1.0,0.0
4895,user103,2026-08-16T05:22:07+00:00,0,,5.366666666666666,39,7.747435897435896,3.5696559453017573,2026-06-23T06:01:39+00:00,0.9862856015372313,0.16504760586067782,6.0,2.3807692307692294,0.0,0.0,7011.933333333333,0.0,0.0
4881,user103,2026-08-20T06:25:23+00:00,0,,6.416666666666667,40,7.6879166666666645,3.5442970379266403,2026-06-23T06:01:39+00:00,0.9940563382223196,-0.10886687485196461,3.0,1.2712499999999975,0.0,0.0,5823.266666666666,0.0,0.0
4919,user103,2026-08-21T06:46:11+00:00,1,unusual_device,6.766666666666667,41,7.65691056910569,3.5062951046034048,2026-06-23T06:01:39+00:00,0.9799247046208296,-0.19936793441719705,4.0,0.890243902439023,0.0,1.0,1460.8,0.0,0.0
4867,user103,2026-08-22T04:45:47+00:00,0,,4.75,42,7.635714285714284,3.4669596400709044,2026-06-23T06:01:39+00:00,0.9469301294951056,0.3214394653031617,5.0,2.8857142857142843,0.0,0.0,1319.6,1.0,0.0
4879,user103,2026-08-26T07:20:06+00:00,0,,7.333333333333333,43,7.568604651162789,3.4539013055836176,2026-06-23T06:01:39+00:00,0.9396926207859084,-0.3420201433256685,2.0,0.2352713178294561,0.0,0.0,5914.316666666667,0.0,0.0
4920,user103,2026-08-28T18:09:15+00:00,1,unusual_hour+unusual_location,18.15,44,7.563257575757574,3.4146068801219185,2026-06-23T06:01:39+00:00,-0.999229036240723,0.03925981575906776,4.0,10.586742424242424,1.0,0.0,3529.15,0.0,11028.039472221959
4869,user103,2026-08-29T07:58:42+00:00,0,,7.966666666666667,45,7.798518518518516,3.719642260480618,2026-06-23T06:01:39+00:00,0.8703556959398997,-0.492423560103467,5.0,0.16814814814815104,0.0,0.0,829.45,1.0,0.0
4900,user103,2026-09-01T05:02:43+00:00,0,,5.033333333333333,46,7.802173913043475,3.6790709298615485,2026-06-23T06:01:39+00:00,0.9681476403781077,0.2503800040544415,1.0,2.768840579710142,0.0,0.0,4144.016666666666,0.0,0.0
4882,user103,2026-09-01T07:49:44+00:00,0,,7.816666666666666,47,7.743262411347516,3.661586841559239,2026-06-23T06:01:39+00:00,0.8890171414857364,-0.45787391511695685,1.0,0.07340425531915074,0.0,0.0,167.01666666666668,1.0,0.0
4902,user103,2026-09-01T07:52:04+00:00,0,,7.866666666666667,48,7.744791666666664,3.623259729540284,2026-06-23T06:01:39+00:00,0.8829475928589269,-0.4694715627858909,1.0,0.12187500000000284,0.0,0.0,2.3333333333333335,2.0,0.0
4886,user103,2026-09-01T08:00:33+00:00,0,,8.0,49,7.7472789115646234,3.586138511139043,2026-06-23T06:01:39+00:00,0.8660254037844387,-0.4999999999999998,1.0,0.25272108843537655,0.0,0.0,8.483333333333333,3.0,0.0
4896,user103,2026-09-02T07:08:11+00:00,0,,7.133333333333334,50,7.752333333333331,3.5502723056752203,2026-06-23T06:01:39+00:00,0.9563047559630354,-0.2923717047227368,2.0,0.6189999999999971,0.0,0.0,1387.6333333333334,3.0,0.0
4874,user103,2026-09-02T08:16:26+00:00,0,,8.266666666666667,51,7.74019607843137,3.5163409019120384,2026-06-23T06:01:39+00:00,0.8290375725550417,-0.5591929034707467,2.0,0.5264705882352976,0.0,0.0,68.25,1.0,0.0
4880,user103,2026-09-09T05:34:07+00:00,0,,5.566666666666666,52,7.75032051282051,3.4831163139128574,2026-06-23T06:01:39+00:00,0.9935718556765875,0.11320321376790683,2.0,2.1836538461538435,0.0,0.0,9917.683333333332,0.0,0.0
4893,user103,2026-09-10T06:15:51+00:00,0,,6.25,53,7.709119496855344,3.462869179794466,2026-06-23T06:01:39+00:00,0.9978589232386035,-0.06540312923014314,3.0,1.4591194968553438,0.0,0.0,1481.7333333333333,0.0,0.0
4872,user103,2026-09-10T07:54:06+00:00,0,,7.9,54,7.682098765432096,3.4362909049818566,2026-06-23T06:01:39+00:00,0.8788171126619654,-0.47715876025960846,3.0,0.2179012345679041,0.0,0.0,98.25,1.0,0.0
4875,user103,2026-09-11T06:43:14+00:00,0,,6.716666666666667,55,7.686060606060603,3.4050330597133778,2026-06-23T06:01:39+00:00,0.9824503977255097,-0.18652403600873466,4.0,0.9693939393939361,0.0,0.0,1369.1333333333334,1.0,0.0
4907,user103,2026-09-19T07:07:32+00:00,0,,7.116666666666666,56,7.668749999999997,3.3769351631664706,2026-06-23T06:01:39+00:00,0.9575713608048145,-0.28819626813408905,5.0,0.5520833333333304,0.0,0.0,11544.3,0.0,0.0
4905,user103,2026-09-20T08:14:49+00:00,0,,8.233333333333333,57,7.659064327485377,3.347966521079823,2026-06-23T06:01:39+00:00,0.8338858220671684,-0.5519369853120578,6.0,0.5742690058479551,0.0,0.0,1507.2833333333333,0.0,0.0
4936,user104,2026-06-25T18:48:20+00:00,0,,18.8,0,,,,-0.9781476007338056,0.20791169081775943,3.0,0.0,1.0,1.0,1440.0,0.0,0.0
4924,user104,2026-06-27T19:00:25+00:00,0,,19.0,1,18.8,0.0,2026-06-25T18:48:20+00:00,-0.9659258262890684,0.2588190451025203,5.0,0.1999999999999993,0.0,0.0,2892.0833333333335,0.0,0.0
4978,user104,2026-07-04T16:00:47+00:00,0,,16.0,2,18.9,0.09999999999999964,2026-06-25T18:48:20+00:00,-0.8660254037844385,-0.5000000000000004,5.0,2.8999999999999986,0.0,0.0,9900.366666666667,0.0,0.0
4979,user104,2026-07-04T16:02:03.671816+00:00,1,rapid_fire,16.033333333333335,3,17.933333333333334,1.3695092389449426,2026-06-25T18:48:20+00:00,-0.8703556959399,-0.49242356010346644,5.0,1.8999999999999986,0.0,0.0,1.2778636,1.0,0.0
4980,user104,2026-07-04T16:02:27.937082+00:00,1,rapid_fire,16.033333333333335,4,17.458333333333332,1.4434478399535835,2026-06-25T18:48:20+00:00,-0.8703556959399,-0.49242356010346644,5.0,1.4249999999999972,0.0,0.0,0.40442110000000003,2.0,0.0
4930,user104,2026-07-05T17:34:40+00:00,0,,17.566666666666666,5,17.173333333333332,1.411287827954784,2026-06-25T18:48:20+00:00,-0.9935718556765875,-0.11320321376790694,6.0,0.3933333333333344,0.0,0.0,1532.2010486333334,0.0,0.0
4937,user104,2026-07-05T18:16:31+00:00,0,,18.266666666666666,6,17.238888888888887,1.2966361988232338,2026-06-25T18:48:20+00:00,-0.9975640502598243,0.06975647374412522,6.0,1.0277777777777786,0.0,0.0,41.85,1.0,0.0
4947,user104,2026-07-09T19:26:03+00:00,0,,19.433333333333334,7,17.385714285714283,1.2531683202994985,2026-06-25T18:48:20+00:00,-0.9304175679820244,0.3665012267242977,3.0,2.047619047619051,0.0,0.0,5829.533333333334,0.0,0.0
4932,user104,2026-07-15T18:42:00+00:00,0,,18.7,8,17.641666666666666,1.3537755845535597,2026-06-25T18:48:20+00:00,-0.9832549075639546,0.18223552549214742,2.0,1.0583333333333336,0.0,0.0,8595.95,0.0,0.0
4959,user104,2026-07-19T17:31:36+00:00,0,,17.516666666666666,9,17.759259259259256,1.3189762002156264,2026-06-25T18:48:20+00:00,-0.992004949679715,-0.12619896913583006,6.0,0.24259259259259025,0.0,0.0,5689.6,0.0,0.0
4928,user104,2026-07-19T18:06:13+00:00,0,,18.1,10,17.734999999999996,1.2534053614054788,2026-06-25T18:48:20+00:00,-0.9996573249755573,0.026176948307873114,6.0,0.36500000000000554,0.0,0.0,34.61666666666667,1.0,0.0
4926,user104,2026-07-21T16:27:15+00:00,0,,16.45,11,17.768181818181816,1.1996728204110723,2026-06-25T18:48:20+00:00,-0.9187912101488984,-0.39474385638426707,1.0,1.3181818181818166,0.0,0.0,2781.0333333333333,0.0,0.0
4956,user104,2026-07-23T16:54:18+00:00,0,,16.9,12,17.658333333333328,1.2049953895716317,2026-06-25T18:48:20+00:00,-0.9588197348681928,-0.2840153447039235,3.0,0.7583333333333293,0.0,0.0,2907.05,0.0,0.0
4950,user104,2026-07-26T19:00:22+00:00,0,,19.0,13,17.599999999999998,1.1752250193702676,2026-06-25T18:48:20+00:00,-0.9659258262890684,0.2588190451025203,6.0,1.4000000000000021,0.0,0.0,4446.066666666667,0.0,0.0
4948,user104,2026-07-30T19:16:31+00:00,0,,19.266666666666666,14,17.699999999999996,1.1884864324004711,2026-06-25T18:48:20+00:00,-0.945518575599317,0.3255681544571563,3.0,1.56666666666667,0.0,0.0,5776.15,0.0,0.0
4957,user104,2026-07-31T18:50:20+00:00,0,,18.833333333333332,15,17.80444444444444,1.2128702820119115,2026-06-25T18:48:20+00:00,-0.9762960071199335,0.21643961393810246,4.0,1.0288888888888934,0.0,0.0,1413.8166666666666,1.0,0.0
4931,user104,2026-08-01T17:38:27+00:00,0,,17.633333333333333,16,17.868749999999995,1.2004755278869932,2026-06-25T18:48:20+00:00,-0.9953961983671787,-0.09584575252022441,5.0,0.23541666666666217,0.0,0.0,1368.1166666666666,1.0,0.0
4963,user104,2026-08-02T17:18:23+00:00,0,,17.3,17,17.854901960784307,1.1659488646995604,2026-06-25T18:48:20+00:00,-0.9832549075639545,-0.18223552549214778,6.0,0.5549019607843064,0.0,0.0,1419.9333333333334,1.0,0.0
4922,user104,2026-08-02T19:31:55+00:00,0,,19.516666666666666,18,17.82407407407407,1.1402055021379363,2026-06-25T18:48:20+00:00,-0.9222009716704518,0.3867109616368206,6.0,1.6925925925925966,0.0,0.0,133.53333333333333,1.0,0.0
4938,user104,2026-08-04T17:40:48+00:00,0,,17.666666666666668,19,17.913157894736838,1.1723867162741788,2026-06-25T18:48:20+00:00,-0.9961946980917455,-0.08715574274765825,1.0,0.24649122807016965,0.0,0.0,2768.883333333333,0.0,0.0
4951,user104,2026-08-06T19:26:54+00:00,0,,19.433333333333334,20,17.90083333333333,1.1439633225472452,2026-06-25T18:48:20+00:00,-0.9304175679820244,0.3665012267242977,3.0,1.5325000000000024,0.0,0.0,2986.1,0.0,0.0
4939,user104,2026-08-08T17:39:59+00:00,0,,17.65,21,17.97380952380952,1.1631189986362795,2026-06-25T18:48:20+00:00,-0.9958049275746617,-0.09150161866340308,5.0,0.32380952380952266,0.0,0.0,2773.0833333333335,0.0,0.0
4945,user104,2026-08-09T18:42:37+00:00,0,,18.7,22,17.959090909090904,1.1383770042726393,2026-06-25T18:48:20+00:00,-0.9832549075639546,0.18223552549214742,6.0,0.7409090909090956,0.0,0.0,1502.6333333333334,0.0,0.0
4968,user104,2026-08-11T18:57:54+00:00,0,,18.95,23,17.991304347826084,1.1235604806814858,2026-06-25T18:48:20+00:00,-0.9692309097067545,0.2461532930289925,1.0,0.9586956521739154,0.0,0.0,2895.2833333333333,0.0,0.0
4946,user104,2026-08-11T20:08:34+00:00,0,,20.133333333333333,24,18.031249999999996,1.1164625901828404,2026-06-25T18:48:20+00:00,-0.8480480961564261,0.5299192642332047,1.0,2.1020833333333364,0.0,0.0,70.66666666666667,1.0,0.0
4933,user104,2026-08-14T18:02:35+00:00,0,,18.033333333333335,25,18.11533333333333,1.1688923531845576,2026-06-25T18:48:20+00:00,-0.9999619230641713,0.008726535498374096,4.0,0.08199999999999363,0.0,0.0,4194.016666666666,0.0,0.0
4934,user104,2026-08-16T19:49:23+00:00,0,,19.816666666666666,26,18.112179487179482,1.1463017242410598,2026-06-25T18:48:20+00:00,-0.8890171414857366,0.45787391511695635,6.0,1.7044871794871845,0.0,0.0,2986.8,0.0,0.0
4967,user104,2026-08-17T17:55:38+00:00,0,,17.916666666666668,27,18.175308641975306,1.1700248878008808,2026-06-25T18:48:20+00:00,-0.9997620270799091,-0.021814885034560836,0.0,0.2586419753086382,0.0,0.0,1326.25,1.0,0.0
4970,user104,2026-08-18T16:30:55+00:00,0,,16.5,28,18.166071428571424,1.1499437714243428,2026-06-25T18:48:20+00:00,-0.9238795325112868,-0.3826834323650895,1.0,1.6660714285714242,0.0,0.0,1355.2833333333333,1.0,0.0
4976,user104,2026-08-18T18:15:36+00:00,1,unusual_device,18.25,29,18.10862068965517,1.170123128485694,2026-06-25T18:48:20+00:00,-0.9978589232386036,0.06540312923014237,1.0,0.1413793103448313,0.0,1.0,104.68333333333334,1.0,0.0
4977,user104,2026-08-18T18:31:11+00:00,1,unusual_device+unusual_location,18.516666666666666,30,18.11333333333333,1.1507356745111328,2026-06-25T18:48:20+00:00,-0.9908658973868824,0.1348509302737224,1.0,0.403333333333336,1.0,0.0,15.583333333333334,2.0,7327.501390850381
4943,user104,2026-08-20T16:10:32+00:00,0,,16.166666666666668,31,18.1263440860215,1.134264119627498,2026-06-25T18:48:20+00:00,-0.8870108331782218,-0.4617486132350336,3.0,1.9596774193548328,0.0,0.0,2739.35,0.0,0.0
4954,user104,2026-08-22T19:33:37+00:00,0,,19.55,32,18.06510416666666,1.1673090446903818,2026-06-25T18:48:20+00:00,-0.9187912101488985,0.39474385638426673,5.0,1.48489583333334,0.0,0.0,3083.0833333333335,0.0,0.0
4923,user104,2026-08-23T17:41:04+00:00,0,,17.683333333333334,33,18.110101010101005,1.1773317675180008,2026-06-25T18:48:20+00:00,-0.9965655024977614,-0.08280820751220469,6.0,0.42676767676767113,0.0,0.0,1327.45,1.0,0.0
4952,user104,2026-08-23T18:07:51+00:00,0,,18.116666666666667,34,18.097549019607836,1.1621279526437833,2026-06-25T18:48:20+00:00,-0.999533590836713,0.030538513209822354,6.0,0.01911764705883101,0.0,0.0,26.783333333333335,2.0,0.0
4973,user104,2026-08-24T19:16:14+00:00,1,unusual_location,19.266666666666666,35,18.09809523809523,1.1454102434718922,2026-06-25T18:48:20+00:00,-0.945518575599317,0.3255681544571563,0.0,1.1685714285714361,1.0,0.0,1508.3833333333334,0.0,13699.536276697454
4974,user104,2026-08-27T18:50:24+00:00,1,unusual_location,18.833333333333332,36,18.130555555555546,1.1456001446220334,2026-06-25T18:48:20+00:00,-0.9762960071199335,0.21643961393810246,3.0,0.7027777777777864,1.0,0.0,4294.166666666667,0.0,11373.929672847547
4969,user104,2026-08-30T18:19:20+00:00,0,,18.316666666666666,37,18.149549549549544,1.1357452242962804,2026-06-25T18:48:20+00:00,-0.9965655024977614,0.08280820751220433,6.0,0.1671171171171224,0.0,0.0,4288.933333333333,0.0,0.0
4944,user104,2026-08-30T18:24:37+00:00,0,,18.4,38,18.153947368421047,1.1210208002783966,2026-06-25T18:48:20+00:00,-0.9945218953682734,0.10452846326765299,6.0,0.24605263157895152,0.0,0.0,5.283333333333333,1.0,0.0
4927,user104,2026-09-01T19:31:04+00:00,0,,19.516666666666666,39,18.160256410256405,1.1072386495834006,2026-06-25T18:48:20+00:00,-0.9222009716704518,0.3867109616368206,1.0,1.3564102564102605,0.0,0.0,2946.45,0.0,0.0
4940,user104,2026-09-02T17:57:14+00:00,0,,17.95,40,18.19416666666666,1.1136311353206478,2026-06-25T18:48:20+00:00,-0.999914327574007,-0.013089595571344698,2.0,0.24416666666666131,0.0,0.0,1346.1666666666667,1.0,0.0
4953,user104,2026-09-02T19:20:52+00:00,0,,19.333333333333332,41,18.188211382113817,1.1006110885893035,2026-06-25T18:48:20+00:00,-0.9396926207859085,0.34202014332566816,2.0,1.1451219512195152,0.0,0.0,83.63333333333334,2.0,0.0
4971,user104,2026-09-04T20:44:25+00:00,0,,20.733333333333334,42,18.21547619047619,1.1013543421620688,2026-06-25T18:48:20+00:00,-0.7547095802227722,0.656059028990507,4.0,2.517857142857146,0.0,0.0,2963.55,0.0,0.0
4975,user104,2026-09-06T18:20:55+00:00,1,unusual_device,18.333333333333332,43,18.274031007751933,1.1527256897607445,2026-06-25T18:48:20+00:00,-0.9961946980917455,0.08715574274765789,6.0,0.05930232558139892,0.0,1.0,2736.5,0.0,0.0
4942,user104,2026-09-07T19:24:09+00:00,0,,19.4,44,18.275378787878786,1.1395855209461225,2026-06-25T18:48:20+00:00,-0.9335804264972021,0.35836794954529955,0.0,1.1246212121212125,0.0,0.0,1503.2333333333333,0.0,0.0
4955,user104,2026-09-07T19:37:42+00:00,0,,19.616666666666667,45,18.300370370370366,1.1389809658653502,2026-06-25T18:48:20+00:00,-0.9117620435770886,0.4107188526134774,0.0,1.3162962962963007,0.0,0.0,13.55,1.0,0.0
4941,user104,2026-09-08T17:38:39+00:00,0,,17.633333333333333,46,18.328985507246376,1.1427699354611252,2026-06-25T18:48:20+00:00,-0.9953961983671787,-0.09584575252022441,1.0,0.695652173913043,0.0,0.0,1320.95,2.0,0.0
4925,user104,2026-09-08T17:55:01+00:00,0,,17.916666666666668,47,18.314184397163118,1.1349955411926675,2026-06-25T18:48:20+00:00,-0.9997620270799091,-0.021814885034560836,1.0,0.3975177304964497,0.0,0.0,16.366666666666667,3.0,0.0
4961,user104,2026-09-09T17:29:53+00:00,0,,17.483333333333334,48,18.305902777777774,1.1245446073327514,2026-06-25T18:48:20+00:00,-0.9908658973868822,-0.13485093027372277,2.0,0.82256944444444,0.0,0.0,1414.8666666666666,2.0,0.0
4972,user104,2026-09-10T05:16:57+00:00,1,unusual_hour,5.266666666666667,49,18.2891156462585,1.119070673624765,2026-06-25T18:48:20+00:00,0.981627183447664,0.1908089953765447,3.0,10.977551020408164,0.0,0.0,707.0666666666667,1.0,0.0
4958,user104,2026-09-10T16:33:18+00:00,0,,16.55,50,18.028666666666663,2.1333360416649474,2026-06-25T18:48:20+00:00,-0.9288095528719243,-0.3705574375098359,3.0,1.478666666666662,0.0,0.0,676.35,2.0,0.0
4964,user104,2026-09-10T18:11:27+00:00,0,,18.183333333333334,51,17.999673202614375,2.1222431564756725,2026-06-25T18:48:20+00:00,-0.9988483864849507,0.04797812852134433,3.0,0.18366013071895892,0.0,0.0,98.15,2.0,0.0
4929,user104,2026-09-11T16:43:57+00:00,0,,16.716666666666665,52,18.003205128205124,2.101889256145981,2026-06-25T18:48:20+00:00,-0.9440890203927841,-0.32969064526278785,4.0,1.2865384615384592,0.0,0.0,1352.5,1.0,0.0
4960,user104,2026-09-13T15:22:53+00:00,0,,15.366666666666667,53,17.97893081761006,2.089311299926858,2026-06-25T18:48:20+00:00,-0.77162458338772,-0.6360782202777638,6.0,2.6122641509433926,0.0,0.0,2798.9333333333334,0.0,0.0
4962,user104,2026-09-13T17:04:55+00:00,0,,17.066666666666666,54,17.93055555555555,2.0996221245366082,2026-06-25T18:48:20+00:00,-0.9702957262759965,-0.24192189559966779,6.0,0.8638888888888836,0.0,0.0,102.03333333333333,1.0,0.0
4949,user104,2026-09-13T20:38:59+00:00,0,,20.633333333333333,55,17.91484848484848,2.083646455807879,2026-06-25T18:48:20+00:00,-0.7716245833877202,0.6360782202777636,6.0,2.7184848484848523,0.0,0.0,214.06666666666666,2.0,0.0
4966,user104,2026-09-15T18:39:40+00:00,0,,18.65,56,17.963392857142853,2.096107076799584,2026-06-25T18:48:20+00:00,-0.9855560590580777,0.1693495038490245,1.0,0.6866071428571452,0.0,0.0,2760.6833333333334,0.0,0.0
4935,user104,2026-09-17T18:48:16+00:00,0,,18.8,57,17.975438596491227,2.0795933805183853,2026-06-25T18:48:20+00:00,-0.9781476007338056,0.20791169081775943,3.0,0.824561403508774,0.0,0.0,2888.6,0.0,0.0
4965,user104,2026-09-20T18:43:20+00:00,0,,18.716666666666665,58,17.98965517241379,2.0643800558989986,2026-06-25T18:48:20+00:00,-0.9824503977255099,0.18652403600873346,6.0,0.7270114942528743,0.0,0.0,4315.066666666667,0.0,0.0
4990,user105,2026-06-23T04:41:16+00:00,0,,4.683333333333334,0,,,,0.9411760152563706,0.3379167180033269,1.0,0.0,1.0,1.0,1440.0,0.0,0.0
5002,user105,2026-06-24T04:34:54+00:00,0,,4.566666666666666,1,4.683333333333334,0.0,2026-06-23T04:41:16+00:00,0.9304175679820246,0.3665012267242973,2.0,0.11666666666666714,0.0,0.0,1433.6333333333334,1.0,0.0
4988,user105,2026-06-27T04:34:04+00:00,0,,4.566666666666666,2,4.625,0.05833333333333357,2026-06-23T04:41:16+00:00,0.9304175679820246,0.3665012267242973,5.0,0.05833333333333357,0.0,1.0,4319.166666666667,0.0,0.0
5019,user105,2026-06-27T05:05:06+00:00,1,unusual_location,5.083333333333333,3,4.605555555555555,0.054997194092287253,2026-06-23T04:41:16+00:00,0.9713420698132614,0.2376858923261731,5.0,0.47777777777777786,1.0,0.0,31.033333333333335,1.0,17174.149725713978
4993,user105,2026-07-02T06:24:08+00:00,0,,6.4,4,4.725,0.2122956533809499,2026-06-23T04:41:16+00:00,0.9945218953682734,-0.10452846326765333,3.0,1.6750000000000007,0.0,0.0,7279.033333333334,0.0,0.0
5020,user105,2026-07-03T04:33:29+00:00,1,unusual_device,4.55,5,5.06,0.6963875038766533,2026-06-23T04:41:16+00:00,0.9288095528719241,0.3705574375098364,4.0,0.5099999999999998,0.0,1.0,1329.35,1.0,0.0
4984,user105,2026-07-05T07:22:00+00:00,0,,7.366666666666666,6,4.975,0.6635168646158361,2026-06-23T04:41:16+00:00,0.9366721892483977,-0.3502073812594673,6.0,2.3916666666666666,0.0,0.0,3048.516666666667,0.0,0.0
5015,user105,2026-07-05T07:28:52+00:00,0,,7.466666666666667,7,5.3166666666666655,1.0381607668264958,2026-06-23T04:41:16+00:00,0.9271838545667874,-0.37460659341591207,6.0,2.1500000000000012,0.0,0.0,6.866666666666666,1.0,0.0
4998,user105,2026-07-10T05:52:20+00:00,0,,5.866666666666667,8,5.585416666666666,1.203595236387863,2026-06-23T04:41:16+00:00,0.9993908270190958,0.03489949670250086,4.0,0.2812500000000009,0.0,0.0,7103.466666666666,0.0,0.0
5012,user105,2026-07-10T06:22:51+00:00,0,,6.366666666666666,9,5.616666666666666,1.1381976221906696,2026-06-23T04:41:16+00:00,0.9953961983671789,-0.09584575252022395,4.0,0.75,0.0,0.0,30.516666666666666,1.0,0.0
4987,user105,2026-07-10T07:25:38+00:00,0,,7.416666666666667,10,5.691666666666666,1.1029820689587135,2026-06-23T04:41:16+00:00,0.9320078692827986,-0.3624380382837016,4.0,1.7250000000000005,0.0,0.0,62.78333333333333,2.0,0.0
5009,user105,2026-07-11T05:36:02+00:00,0,,5.6,11,5.848484848484848,1.1627087527449966,2026-06-23T04:41:16+00:00,0.9945218953682733,0.10452846326765346,5.0,0.2484848484848481,0.0,0.0,1330.4,3.0,0.0
5006,user105,2026-07-14T08:59:35+00:00,0,,8.983333333333333,12,5.827777777777777,1.1153253414515205,2026-06-23T04:41:16+00:00,0.7101853756232855,-0.7040147244559681,1.0,3.155555555555556,0.0,0.0,4523.55,0.0,0.0
5022,user105,2026-07-14T17:30:00+00:00,1,unusual_device+unusual_hour,17.5,13,6.070512820512819,1.3620960758775809,2026-06-23T04:41:16+00:00,-0.9914448613738104,-0.13052619222005163,1.0,11.42948717948718,0.0,1.0,510.4166666666667,1.0,0.0
4989,user105,2026-07-18T06:28:46+00:00,0,,6.466666666666667,14,6.886904761904761,3.222922479426091,2026-06-23T04:41:16+00:00,0.992546151641322,-0.12186934340514759,5.0,0.4202380952380942,0.0,0.0,5098.766666666666,0.0,0.0
5014,user105,2026-07-21T07:52:04+00:00,0,,7.866666666666667,15,6.858888888888888,3.1154029919850075,2026-06-23T04:41:16+00:00,0.8829475928589269,-0.4694715627858909,1.0,1.007777777777779,0.0,0.0,4403.3,0.0,0.0
4983,user105,2026-07-22T04:17:12+00:00,0,,4.283333333333333,16,6.921875,3.026323853738779,2026-06-23T04:41:16+00:00,0.9006982393225879,0.43444525740441714,2.0,2.638541666666667,0.0,0.0,1225.1333333333334,1.0,0.0
4991,user105,2026-07-22T06:10:22+00:00,0,,6.166666666666667,17,6.766666666666667,3.000887668238453,2026-06-23T04:41:16+00:00,0.9990482215818578,-0.04361938736533589,2.0,0.5999999999999996,0.0,0.0,113.16666666666667,2.0,0.0
5004,user105,2026-07-25T07:22:54+00:00,0,,7.366666666666666,18,6.733333333333333,2.9195752692962755,2026-06-23T04:41:16+00:00,0.9366721892483977,-0.3502073812594673,5.0,0.6333333333333329,0.0,0.0,4392.533333333334,0.0,0.0
5007,user105,2026-07-26T04:03:34+00:00,0,,4.05,19,6.766666666666667,2.8452227325221515,2026-06-23T04:41:16+00:00,0.8724960070727971,0.48862124149695496,6.0,2.716666666666667,0.0,0.0,1240.6666666666667,1.0,0.0
5016,user105,2026-07-26T17:12:06+00:00,1,unusual_hour,17.2,20,6.630833333333333,2.8356817473444056,2026-06-23T04:41:16+00:00,-0.9781476007338056,-0.2079116908177598,6.0,10.569166666666666,0.0,0.0,788.5333333333333,1.0,0.0
5005,user105,2026-07-27T06:14:16+00:00,0,,6.233333333333333,21,7.134126984126984,3.567109734349492,2026-06-23T04:41:16+00:00,0.998134798421867,-0.06104853953485678,0.0,0.9007936507936503,0.0,0.0,782.1666666666666,1.0,0.0
4992,user105,2026-07-30T05:53:08+00:00,0,,5.883333333333333,22,7.093181818181818,3.49014362201553,2026-06-23T04:41:16+00:00,0.9995335908367129,0.03053851320982282,3.0,1.209848484848485,0.0,0.0,4298.866666666667,0.0,0.0
4997,user105,2026-08-03T08:27:32+00:00,0,,8.45,23,7.040579710144926,3.422332968745195,2026-06-23T04:41:16+00:00,0.8012538126910609,-0.5983246005706587,0.0,1.4094202898550732,0.0,0.0,5914.4,0.0,0.0
5003,user105,2026-08-06T07:42:55+00:00,0,,7.7,24,7.099305555555554,3.362092874866546,2026-06-23T04:41:16+00:00,0.9025852843498605,-0.43051109680829536,3.0,0.6006944444444464,0.0,0.0,4275.383333333333,0.0,0.0
5000,user105,2026-08-09T06:16:59+00:00,0,,6.266666666666667,25,7.123333333333331,3.296267249143761,2026-06-23T04:41:16+00:00,0.9975640502598242,-0.06975647374412533,6.0,0.8566666666666647,0.0,0.0,4234.066666666667,0.0,0.0
5017,user105,2026-08-10T18:08:53+00:00,1,unusual_hour,18.133333333333333,26,7.090384615384614,3.2364516191100767,2026-06-23T04:41:16+00:00,-0.9993908270190958,0.03489949670250039,0.0,11.042948717948718,0.0,0.0,2151.9,0.0,0.0
4982,user105,2026-08-17T08:37:01+00:00,0,,8.616666666666667,27,7.499382716049381,3.7994652035454006,2026-06-23T04:41:16+00:00,0.7743926440821857,-0.632705328562516,0.0,1.1172839506172858,0.0,0.0,9508.133333333333,0.0,0.0
4996,user105,2026-08-25T06:30:53+00:00,0,,6.5,28,7.539285714285713,3.736757608716928,2026-06-23T04:41:16+00:00,0.9914448613738104,-0.1305261922200516,1.0,1.0392857142857128,0.0,0.0,11393.866666666667,0.0,0.0
4995,user105,2026-08-28T04:58:40+00:00,0,,4.966666666666667,29,7.503448275862068,3.6766592660233997,2026-06-23T04:41:16+00:00,0.9636304532086231,0.26723837607825673,4.0,2.536781609195401,0.0,0.0,4227.783333333334,0.0,0.0
4994,user105,2026-08-30T06:38:08+00:00,0,,6.633333333333333,30,7.418888888888888,3.6434307533313963,2026-06-23T04:41:16+00:00,0.9862856015372314,-0.16504760586067727,6.0,0.7855555555555549,0.0,0.0,2979.4666666666667,0.0,0.0
4986,user105,2026-08-31T05:11:53+00:00,0,,5.183333333333334,31,7.393548387096773,3.586870415874426,2026-06-23T04:41:16+00:00,0.9772311064626789,0.21217767215644634,0.0,2.2102150537634397,0.0,0.0,1353.75,1.0,0.0
5018,user105,2026-08-31T07:42:13+00:00,1,unusual_location,7.7,32,7.3244791666666655,3.5512639191106428,2026-06-23T04:41:16+00:00,0.9025852843498605,-0.43051109680829536,0.0,0.37552083333333464,1.0,0.0,150.33333333333334,1.0,11028.039472221959
5021,user105,2026-09-03T06:48:22+00:00,1,unusual_device,6.8,33,7.335858585858585,3.4976353753728073,2026-06-23T04:41:16+00:00,0.9781476007338057,-0.20791169081775934,3.0,0.5358585858585849,0.0,1.0,4266.15,0.0,0.0
5011,user105,2026-09-05T05:46:51+00:00,0,,5.766666666666667,34,7.320098039215686,3.447004902933245,2026-06-23T04:41:16+00:00,0.9981347984218669,0.06104853953485691,5.0,1.553431372549019,0.0,0.0,2818.483333333333,0.0,0.0
5013,user105,2026-09-06T07:21:47+00:00,0,,7.35,35,7.275714285714285,3.407247976815043,2026-06-23T04:41:16+00:00,0.9381913359224842,-0.3461170570774929,6.0,0.07428571428571473,0.0,0.0,1534.9333333333334,0.0,0.0
5010,user105,2026-09-08T05:57:22+00:00,0,,5.95,36,7.277777777777778,3.359613991642419,2026-06-23T04:41:16+00:00,0.999914327574007,0.013089595571344575,1.0,1.3277777777777775,0.0,0.0,2795.5833333333335,0.0,0.0
4985,user105,2026-09-11T04:53:38+00:00,0,,4.883333333333333,37,7.241891891891892,3.3208903379908956,2026-06-23T04:41:16+00:00,0.9575713608048143,0.2881962681340896,4.0,2.358558558558559,0.0,0.0,4256.266666666666,0.0,0.0
5008,user105,2026-09-12T05:23:47+00:00,0,,5.383333333333334,38,7.1798245614035086,3.2985801435425737,2026-06-23T04:41:16+00:00,0.9869963665602319,0.1607425656038261,5.0,1.7964912280701748,0.0,0.0,1470.15,0.0,0.0
4981,user105,2026-09-14T05:50:12+00:00,0,,5.833333333333333,39,7.133760683760683,3.2683745038082295,2026-06-23T04:41:16+00:00,0.9990482215818578,0.04361938736533601,0.0,1.3004273504273502,0.0,0.0,2906.4166666666665,0.0,0.0
4999,user105,2026-09-15T05:25:08+00:00,0,,5.416666666666667,40,7.1012499999999985,3.233641281512221,2026-06-23T04:41:16+00:00,0.9883615104677607,0.1521233861899168,1.0,1.6845833333333315,0.0,0.0,1414.9333333333334,1.0,0.0
5001,user105,2026-09-19T05:46:35+00:00,0,,5.766666666666667,41,7.060162601626016,3.2045167945947552,2026-06-23T04:41:16+00:00,0.9981347984218669,0.06104853953485691,5.0,1.2934959349593491,0.0,0.0,5781.45,0.0,0.0
5046,user106,2026-06-22T15:35:36+00:00,0,,15.583333333333334,0,,,,-0.8064446042674827,-0.5913096483635822,0.0,0.0,1.0,1.0,1440.0,0.0,0.0
5043,user106,2026-06-27T15:12:27+00:00,0,,15.2,1,15.583333333333334,0.0,2026-06-22T15:35:36+00:00,-0.743144825477394,-0.6691306063588585,5.0,0.38333333333333464,0.0,0.0,7176.85,0.0,0.0
5030,user106,2026-06-28T17:27:25+00:00,0,,17.45,2,15.391666666666666,0.19166666666666732,2026-06-22T15:35:36+00:00,-0.9896513868196702,-0.1434926219911794,6.0,2.0583333333333336,0.0,0.0,1574.9666666666667,0.0,0.0
5024,user106,2026-06-29T15:34:23+00:00,0,,15.566666666666666,3,16.07777777777778,0.9828467094725338,2026-06-22T15:35:36+00:00,-0.8038568606172171,-0.5948227867513417,0.0,0.5111111111111128,0.0,0.0,1326.9666666666667,1.0,0.0
5026,user106,2026-06-29T17:08:08+00:00,0,,17.133333333333333,4,15.95,0.8794726955524099,2026-06-22T15:35:36+00:00,-0.9743700647852351,-0.22495105434386525,0.0,1.1833333333333336,0.0,0.0,93.75,2.0,0.0
5036,user106,2026-06-30T17:56:16+00:00,0,,17.933333333333334,5,16.186666666666667,0.9180534963836376,2026-06-22T15:35:36+00:00,-0.9998476951563913,-0.017452406437283498,1.0,1.7466666666666661,0.0,0.0,1488.1333333333334,0.0,0.0
5060,user106,2026-06-30T18:54:52+00:00,0,,18.9,6,16.477777777777778,1.0611692828731805,2026-06-22T15:35:36+00:00,-0.9723699203976768,0.23344536385590478,1.0,2.4222222222222207,0.0,0.0,58.6,1.0,0.0
5032,user106,2026-07-03T16:52:29+00:00,0,,16.866666666666667,7,16.823809523809526,1.2975513306926676,2026-06-22T15:35:36+00:00,-0.9563047559630353,-0.2923717047227371,4.0,0.04285714285714093,0.0,0.0,4197.616666666667,0.0,0.0
5029,user106,2026-07-05T19:00:42+00:00,0,,19.0,8,16.82916666666667,1.2138308847062123,2026-06-22T15:35:36+00:00,-0.9659258262890684,0.2588190451025203,6.0,2.1708333333333307,0.0,0.0,3008.2166666666667,0.0,0.0
5058,user106,2026-07-07T15:35:30+00:00,0,,15.583333333333334,9,17.070370370370373,1.3323324432621906,2026-06-22T15:35:36+00:00,-0.8064446042674827,-0.5913096483635822,1.0,1.4870370370370392,0.0,0.0,2674.8,0.0,0.0
5042,user106,2026-07-08T18:24:52+00:00,0,,18.4,10,16.92166666666667,1.3403782633603427,2026-06-22T15:35:36+00:00,-0.9945218953682734,0.10452846326765299,2.0,1.4783333333333282,0.0,0.0,1609.3666666666666,0.0,0.0
5035,user106,2026-07-09T17:17:26+00:00,0,,17.283333333333335,11,17.05606060606061,1.3468120369946102,2026-06-22T15:35:36+00:00,-0.9824503977255099,-0.18652403600873382,3.0,0.22727272727272663,0.0,0.0,1372.5666666666666,1.0,0.0
5065,user106,2026-07-09T18:53:51+00:00,0,,18.883333333333333,12,17.075000000000003,1.2910034139439035,2026-06-22T15:35:36+00:00,-0.9733792584604486,0.22920039092241382,3.0,1.80833333333333,0.0,0.0,96.41666666666667,1.0,0.0
5031,user106,2026-07-11T19:58:32+00:00,0,,19.966666666666665,13,17.214102564102568,1.3306679473338947,2026-06-22T15:35:36+00:00,-0.8703556959399003,0.4924235601034661,5.0,2.7525641025640972,0.0,0.0,2944.6833333333334,0.0,0.0
5048,user106,2026-07-12T15:42:30+00:00,0,,15.7,14,17.41071428571429,1.4651724957072014,2026-06-22T15:35:36+00:00,-0.8241261886220151,-0.5664062369248336,6.0,1.710714285714289,0.0,0.0,1183.9666666666667,1.0,0.0
5038,user106,2026-07-14T16:35:19+00:00,0,,16.583333333333332,15,17.29666666666667,1.4784150672632872,2026-06-22T15:35:36+00:00,-0.9320078692827984,-0.3624380382837018,1.0,0.7133333333333383,0.0,0.0,2932.8166666666666,0.0,0.0
5044,user106,2026-07-15T15:05:54+00:00,0,,15.083333333333334,16,17.252083333333335,1.4418457860788485,2026-06-22T15:35:36+00:00,-0.7223639620597557,-0.6915130557822692,2.0,2.168750000000001,0.0,0.0,1350.5833333333333,1.0,0.0
5068,user106,2026-07-16T17:11:22+00:00,0,,17.183333333333334,17,17.12450980392157,1.4889694383921968,2026-06-22T15:35:36+00:00,-0.9772311064626789,-0.21217767215644648,3.0,0.0588235294117645,0.0,0.0,1565.4666666666667,0.0,0.0
5061,user106,2026-07-16T19:28:05+00:00,0,,19.466666666666665,18,17.12777777777778,1.4470809272036385,2026-06-22T15:35:36+00:00,-0.9271838545667874,0.37460659341591196,3.0,2.338888888888885,0.0,0.0,136.71666666666667,1.0,0.0
5056,user106,2026-07-21T19:48:50+00:00,0,,19.8,19,17.250877192982454,1.5021959918013137,2026-06-22T15:35:36+00:00,-0.891006524188368,0.45399049973954664,1.0,2.5491228070175467,0.0,0.0,7220.75,0.0,0.0
5075,user106,2026-07-26T17:52:46+00:00,1,unusual_device,17.866666666666667,20,17.378333333333334,1.5660202567158712,2026-06-22T15:35:36+00:00,-0.9993908270190958,-0.03489949670250076,6.0,0.4883333333333333,0.0,1.0,7083.933333333333,0.0,0.0
5066,user106,2026-07-28T17:28:18+00:00,0,,17.466666666666665,21,17.401587301587302,1.531813470018036,2026-06-22T15:35:36+00:00,-0.9902680687415703,-0.13917310096006583,1.0,0.06507936507936307,0.0,0.0,2855.5333333333333,0.0,0.0
5064,user106,2026-07-28T17:56:29+00:00,0,,17.933333333333334,22,17.404545454545453,1.4966560522855525,2026-06-22T15:35:36+00:00,-0.9998476951563913,-0.017452406437283498,1.0,0.528787878787881,0.0,0.0,28.183333333333334,1.0,0.0
5054,user106,2026-08-02T16:23:29+00:00,0,,16.383333333333333,23,17.42753623188406,1.4677253153585157,2026-06-22T15:35:36+00:00,-0.9117620435770883,-0.41071885261347774,6.0,1.0442028985507257,0.0,0.0,7107.0,0.0,0.0
5051,user106,2026-08-06T17:05:46+00:00,0,,17.083333333333332,24,17.384027777777778,1.4518943497831025,2026-06-22T15:35:36+00:00,-0.9713420698132613,-0.23768589232617343,3.0,0.3006944444444457,0.0,0.0,5802.283333333334,0.0,0.0
5027,user106,2026-08-07T17:43:43+00:00,0,,17.716666666666665,25,17.372,1.42377994554402,2026-06-22T15:35:36+00:00,-0.9972501850994856,-0.07410849019540013,4.0,0.3446666666666651,0.0,0.0,1477.95,0.0,0.0
5052,user106,2026-08-08T16:21:49+00:00,0,,16.35,26,17.385256410256407,1.3977036029159426,2026-06-22T15:35:36+00:00,-0.9081431738250814,-0.418659737537428,5.0,1.0352564102564052,0.0,0.0,1358.1,1.0,0.0
5067,user106,2026-08-10T16:21:00+00:00,0,,16.35,27,17.346913580246913,1.3854404377393477,2026-06-22T15:35:36+00:00,-0.9081431738250814,-0.418659737537428,0.0,0.9969135802469111,0.0,0.0,2879.1833333333334,0.0,0.0
5074,user106,2026-08-13T18:23:21+00:00,1,unusual_location,18.383333333333333,28,17.311309523809523,1.372996762758098,2026-06-22T15:35:36+00:00,-0.9949685182509117,0.10018806161207608,3.0,1.0720238095238095,1.0,0.0,4442.35,0.0,7724.865120683398
5047,user106,2026-08-13T18:43:54+00:00,0,,18.716666666666665,29,17.348275862068963,1.3632234788918631,2026-06-22T15:35:36+00:00,-0.9824503977255099,0.18652403600873346,3.0,1.368390804597702,0.0,0.0,20.55,1.0,0.0
5069,user106,2026-08-16T17:25:28+00:00,0,,17.416666666666668,30,17.39388888888889,1.3626328228383984,2026-06-22T15:35:36+00:00,-0.9883615104677608,-0.15212338618991628,6.0,0.022777777777779562,0.0,0.0,4241.566666666667,0.0,0.0
5028,user106,2026-08-18T16:41:08+00:00,0,,16.683333333333334,31,17.394623655913975,1.3404807561648477,2026-06-22T15:35:36+00:00,-0.9411760152563706,-0.337916718003327,1.0,0.7112903225806413,0.0,0.0,2835.6666666666665,0.0,0.0
5040,user106,2026-08-22T16:48:54+00:00,0,,16.8,32,17.37239583333333,1.3251612151333698,2026-06-22T15:35:36+00:00,-0.9510565162951535,-0.30901699437494756,5.0,0.5723958333333279,0.0,0.0,5767.766666666666,0.0,0.0
5070,user106,2026-08-25T16:30:44+00:00,0,,16.5,33,17.3550505050505,1.3086122706479244,2026-06-22T15:35:36+00:00,-0.9238795325112868,-0.3826834323650895,1.0,0.8550505050504995,0.0,0.0,4301.833333333333,0.0,0.0
5055,user106,2026-08-25T16:57:11+00:00,0,,16.95,34,17.32990196078431,1.297293433200916,2026-06-22T15:35:36+00:00,-0.9624552364536471,-0.27144044986507504,1.0,0.37990196078430927,0.0,0.0,26.45,1.0,0.0
5037,user106,2026-08-25T17:21:35+00:00,0,,17.35,35,17.319047619047616,1.2801918436166448,2026-06-22T15:35:36+00:00,-0.9855560590580776,-0.16934950384902486,1.0,0.030952380952385283,0.0,0.0,24.4,2.0,0.0
5076,user106,2026-08-27T06:18:03+00:00,1,unusual_hour+unusual_location,6.3,36,17.319907407407403,1.2622964292816596,2026-06-22T15:35:36+00:00,0.996917333733128,-0.07845909572784467,3.0,11.019907407407402,0.0,0.0,2216.4666666666667,0.0,7724.865120683398
5062,user106,2026-08-27T17:35:04+00:00,0,,17.583333333333332,37,17.022072072072067,2.1780127525708317,2026-06-22T15:35:36+00:00,-0.9940563382223195,-0.10886687485196507,3.0,0.5612612612612651,0.0,0.0,677.0166666666667,1.0,0.0
5063,user106,2026-08-28T18:50:10+00:00,0,,18.833333333333332,38,17.036842105263155,2.151040676652376,2026-06-22T15:35:36+00:00,-0.9762960071199335,0.21643961393810246,4.0,1.7964912280701775,0.0,0.0,1515.1,0.0,0.0
5050,user106,2026-08-29T16:11:33+00:00,0,,16.183333333333334,39,17.08290598290598,2.142187446009067,2026-06-22T15:35:36+00:00,-0.8890171414857364,-0.45787391511695663,5.0,0.8995726495726473,0.0,0.0,1281.3833333333334,1.0,0.0
5025,user106,2026-09-01T17:14:31+00:00,0,,17.233333333333334,40,17.06041666666666,2.1198980829144696,2026-06-22T15:35:36+00:00,-0.9799247046208296,-0.1993679344171973,1.0,0.17291666666667282,0.0,0.0,4382.966666666666,0.0,0.0
5053,user106,2026-09-01T18:00:51+00:00,0,,18.0,41,17.06463414634146,2.094055967400677,2026-06-22T15:35:36+00:00,-1.0,-1.8369701987210297e-16,1.0,0.9353658536585385,0.0,0.0,46.333333333333336,1.0,0.0
5072,user106,2026-09-03T06:06:05+00:00,1,unusual_hour,6.1,42,17.08690476190476,2.0738850377154137,2026-06-22T15:35:36+00:00,0.9996573249755573,-0.026176948307873017,3.0,10.986904761904759,0.0,0.0,2165.233333333333,0.0,0.0
5033,user106,2026-09-10T18:54:53+00:00,0,,18.9,43,16.831395348837205,2.6349475214126223,2026-06-22T15:35:36+00:00,-0.9723699203976768,0.23344536385590478,3.0,2.0686046511627936,0.0,0.0,10848.8,0.0,0.0
5059,user106,2026-09-11T15:48:31+00:00,0,,15.8,44,16.878409090909088,2.6230129072180537,2026-06-22T15:35:36+00:00,-0.8386705679454242,-0.544639035015027,4.0,1.078409090909087,0.0,0.0,1253.6333333333334,1.0,0.0
5057,user106,2026-09-11T16:34:19+00:00,0,,16.566666666666666,45,16.85444444444444,2.59857130737376,2026-06-22T15:35:36+00:00,-0.9304175679820242,-0.366501226724298,4.0,0.287777777777773,0.0,0.0,45.8,2.0,0.0
5034,user106,2026-09-13T15:01:18+00:00,0,,15.016666666666667,46,16.8481884057971,2.570513370643663,2026-06-22T15:35:36+00:00,-0.7101853756232854,-0.7040147244559684,6.0,1.831521739130432,0.0,0.0,2786.983333333333,0.0,0.0
5073,user106,2026-09-14T05:04:28+00:00,1,unusual_hour,5.066666666666666,47,16.809219858156027,2.556717866165656,2026-06-22T15:35:36+00:00,0.9702957262759965,0.2419218955996679,0.0,11.74255319148936,0.0,0.0,843.1666666666666,1.0,0.0
5023,user106,2026-09-14T17:49:16+00:00,0,,17.816666666666666,48,16.56458333333333,3.03536376069199,2026-06-22T15:35:36+00:00,-0.9988483864849507,-0.0479781285213447,0.0,1.252083333333335,0.0,0.0,764.8,1.0,0.0
5039,user106,2026-09-15T17:18:02+00:00,0,,17.3,49,16.59013605442177,3.009442657072194,2026-06-22T15:35:36+00:00,-0.9832549075639545,-0.18223552549214778,1.0,0.7098639455782312,0.0,0.0,1408.7666666666667,1.0,0.0
5071,user106,2026-09-16T16:20:22+00:00,0,,16.333333333333332,50,16.604333333333333,2.9808533640180586,2026-06-22T15:35:36+00:00,-0.9063077870366497,-0.42261826174069994,2.0,0.2710000000000008,0.0,0.0,1382.3333333333333,1.0,0.0
5041,user106,2026-09-16T18:54:52+00:00,0,,18.9,51,16.599019607843136,2.9517237897151243,2026-06-22T15:35:36+00:00,-0.9723699203976768,0.23344536385590478,2.0,2.3009803921568626,0.0,0.0,154.5,1.0,0.0
5049,user106,2026-09-17T19:18:15+00:00,0,,19.3,52,16.643269230769228,2.9402349236323397,2026-06-22T15:35:36+00:00,-0.9426414910921784,0.3338068592337709,3.0,2.656730769230773,0.0,0.0,1463.3833333333334,0.0,0.0
5045,user106,2026-09-18T17:57:32+00:00,0,,17.95,53,16.693396226415093,2.9347111894420705,2026-06-22T15:35:36+00:00,-0.999914327574007,-0.013089595571344698,4.0,1.2566037735849065,0.0,0.0,1359.2833333333333,1.0,0.0
5134,user107,2026-06-24T12:41:21+00:00,1,unusual_device,12.683333333333334,0,,,,-0.1779435454738416,-0.9840406976462909,2.0,0.0,1.0,1.0,1440.0,0.0,0.0
5105,user107,2026-06-24T13:53:42+00:00,0,,13.883333333333333,1,12.683333333333334,0.0,2026-06-24T12:41:21+00:00,-0.47331966718484325,-0.8808907382053857,2.0,1.1999999999999993,0.0,1.0,72.35,1.0,0.0
5116,user107,2026-06-27T14:24:44+00:00,0,,14.4,2,13.283333333333333,0.5999999999999996,2026-06-24T12:41:21+00:00,-0.587785252292473,-0.8090169943749475,5.0,1.1166666666666671,0.0,1.0,4351.033333333334,0.0,0.0
5099,user107,2026-06-29T12:51:54+00:00,0,,12.85,3,13.655555555555557,0.719095797117532,2026-06-24T12:41:21+00:00,-0.22069743502150088,-0.9753423205085128,0.0,0.8055555555555571,0.0,0.0,2787.1666666666665,0.0,0.0
5107,user107,2026-07-02T14:33:24+00:00,0,,14.55,4,13.454166666666667,0.7137902547511964,2026-06-24T12:41:21+00:00,-0.6190939493098341,-0.7853169308807448,3.0,1.0958333333333332,0.0,0.0,4421.5,0.0,0.0
5129,user107,2026-07-03T12:44:14+00:00,0,,12.733333333333333,5,13.673333333333336,0.7744245175182237,2026-06-24T12:41:21+00:00,-0.19080899537654472,-0.981627183447664,4.0,0.940000000000003,0.0,0.0,1330.8333333333333,1.0,0.0
5090,user107,2026-07-03T13:08:25+00:00,0,,13.133333333333333,6,13.516666666666667,0.7889866919029753,2026-06-24T12:41:21+00:00,-0.2923717047227364,-0.9563047559630355,4.0,0.38333333333333464,0.0,0.0,24.183333333333334,2.0,0.0
5131,user107,2026-07-06T01:33:12+00:00,1,unusual_hour,1.55,7,13.461904761904764,0.7426739700907395,2026-06-24T12:41:21+00:00,0.39474385638426723,0.9187912101488983,0.0,11.911904761904763,0.0,0.0,3624.7833333333333,0.0,0.0
5097,user107,2026-07-06T14:16:12+00:00,0,,14.266666666666667,8,11.972916666666668,4.000277225636299,2026-06-24T12:41:21+00:00,-0.559192903470747,-0.8290375725550415,0.0,2.2937499999999993,0.0,0.0,763.0,1.0,0.0
5091,user107,2026-07-09T14:00:09+00:00,0,,14.0,9,12.22777777777778,3.839769154583883,2026-06-24T12:41:21+00:00,-0.4999999999999997,-0.8660254037844388,3.0,1.7722222222222204,0.0,0.0,4303.95,0.0,0.0
5118,user107,2026-07-09T14:20:15+00:00,0,,14.333333333333334,10,12.405000000000001,3.6813195852695118,2026-06-24T12:41:21+00:00,-0.5735764363510458,-0.819152044288992,3.0,1.9283333333333328,0.0,0.0,20.1,1.0,0.0
5081,user107,2026-07-09T15:51:51+00:00,0,,15.85,11,12.580303030303032,3.5535074306504253,2026-06-24T12:41:21+00:00,-0.8457278217039729,-0.533614515915612,3.0,3.2696969696969678,0.0,0.0,91.6,2.0,0.0
5102,user107,2026-07-12T12:34:02+00:00,0,,12.566666666666666,12,12.85277777777778,3.5201985511482405,2026-06-24T12:41:21+00:00,-0.14780941112961016,-0.9890158633619169,6.0,0.2861111111111132,0.0,0.0,4122.183333333333,0.0,0.0
5087,user107,2026-07-12T13:41:14+00:00,0,,13.683333333333334,13,12.830769230769231,3.3829565670844417,2026-06-24T12:41:21+00:00,-0.4265687399014583,-0.904455145454368,6.0,0.8525641025641022,0.0,0.0,67.2,1.0,0.0
5098,user107,2026-07-13T12:29:01+00:00,0,,12.483333333333333,14,12.891666666666667,3.2672846232802875,2026-06-24T12:41:21+00:00,-0.12619896913582931,-0.9920049496797151,0.0,0.408333333333335,0.0,0.0,1367.7833333333333,2.0,0.0
5109,user107,2026-07-18T13:29:17+00:00,0,,13.483333333333333,15,12.864444444444445,3.15813978689675,2026-06-24T12:41:21+00:00,-0.3786486173524327,-0.9255405040175665,5.0,0.6188888888888879,0.0,0.0,7260.266666666666,0.0,0.0
5080,user107,2026-07-19T13:58:02+00:00,0,,13.966666666666667,16,12.903125,3.0615231931430436,2026-06-24T12:41:21+00:00,-0.49242356010346694,-0.8703556959398998,6.0,1.0635416666666675,0.0,0.0,1468.75,0.0,0.0
5103,user107,2026-07-21T13:19:30+00:00,0,,13.316666666666666,17,12.965686274509803,2.980637244824745,2026-06-24T12:41:21+00:00,-0.3379167180033272,-0.9411760152563705,1.0,0.3509803921568633,0.0,0.0,2841.4666666666667,0.0,0.0
5095,user107,2026-07-22T12:51:46+00:00,0,,12.85,18,12.985185185185184,2.89777420377724,2026-06-24T12:41:21+00:00,-0.22069743502150088,-0.9753423205085128,2.0,0.1351851851851844,0.0,0.0,1412.2666666666667,1.0,0.0
5115,user107,2026-07-24T13:03:35+00:00,0,,13.05,19,12.978070175438596,2.8206478281618224,2026-06-24T12:41:21+00:00,-0.2714404498650743,-0.9624552364536473,4.0,0.07192982456140484,0.0,0.0,2891.8166666666666,0.0,0.0
5117,user107,2026-07-25T13:50:42+00:00,0,,13.833333333333334,20,12.981666666666666,2.74927212589482,2026-06-24T12:41:21+00:00,-0.46174861323503413,-0.8870108331782216,5.0,0.8516666666666683,0.0,0.0,1487.1166666666666,0.0,0.0
5089,user107,2026-07-29T13:19:51+00:00,0,,13.316666666666666,21,13.02222222222222,2.689138123041875,2026-06-24T12:41:21+00:00,-0.3379167180033272,-0.9411760152563705,2.0,0.29444444444444606,0.0,0.0,5729.15,0.0,0.0
5135,user107,2026-08-03T01:06:42+00:00,1,unusual_device+unusual_hour,1.1,22,13.035606060606058,2.6280263721067416,2026-06-24T12:41:21+00:00,0.28401534470392265,0.958819734868193,0.0,11.935606060606059,0.0,0.0,6466.85,0.0,0.0
5101,user107,2026-08-03T14:19:46+00:00,0,,14.316666666666666,23,12.516666666666666,3.5398865944333973,2026-06-24T12:41:21+00:00,-0.5699967625963029,-0.8216469379421637,0.0,1.8000000000000007,0.0,0.0,793.0666666666667,1.0,0.0
5121,user107,2026-08-04T12:53:37+00:00,0,,12.883333333333333,24,12.591666666666667,3.483971233456952,2026-06-24T12:41:21+00:00,-0.2292003909224143,-0.9733792584604485,1.0,0.2916666666666661,0.0,0.0,1353.85,1.0,0.0
5083,user107,2026-08-04T14:44:04+00:00,0,,14.733333333333333,25,12.603333333333332,3.414059167618511,2026-06-24T12:41:21+00:00,-0.656059028990507,-0.7547095802227721,1.0,2.130000000000001,0.0,0.0,110.45,1.0,0.0
5126,user107,2026-08-08T15:42:03+00:00,0,,15.7,26,12.685256410256411,3.3727266066661272,2026-06-24T12:41:21+00:00,-0.8241261886220151,-0.5664062369248336,5.0,3.0147435897435884,0.0,0.0,5817.983333333334,0.0,0.0
5119,user107,2026-08-09T12:00:24+00:00,0,,12.0,27,12.796913580246914,3.3582924729831696,2026-06-24T12:41:21+00:00,1.2246467991473532e-16,-1.0,6.0,0.7969135802469136,0.0,0.0,1218.35,1.0,0.0
5124,user107,2026-08-12T13:42:06+00:00,0,,13.7,28,12.76845238095238,3.3010921091074983,2026-06-24T12:41:21+00:00,-0.43051109680829447,-0.902585284349861,2.0,0.9315476190476186,0.0,0.0,4421.7,0.0,0.0
5122,user107,2026-08-12T13:54:49+00:00,0,,13.9,29,12.800574712643677,3.2481279098501528,2026-06-24T12:41:21+00:00,-0.477158760259608,-0.8788171126619656,2.0,1.0994252873563237,0.0,0.0,12.716666666666667,1.0,0.0
5128,user107,2026-08-16T13:32:29+00:00,0,,13.533333333333333,30,12.83722222222222,3.199625797951001,2026-06-24T12:41:21+00:00,-0.39073112848927355,-0.9205048534524404,6.0,0.6961111111111133,0.0,0.0,5737.666666666667,0.0,0.0
5125,user107,2026-08-17T13:17:44+00:00,0,,13.283333333333333,31,12.859677419354838,3.149997935351057,2026-06-24T12:41:21+00:00,-0.32969064526278713,-0.9440890203927843,0.0,0.4236559139784948,0.0,0.0,1425.25,1.0,0.0
5077,user107,2026-08-18T13:18:01+00:00,0,,13.3,32,12.872916666666667,3.1012647229710084,2026-06-24T12:41:21+00:00,-0.33380685923377096,-0.9426414910921784,1.0,0.4270833333333339,0.0,0.0,1440.2833333333333,0.0,0.0
5088,user107,2026-08-18T15:12:33+00:00,0,,15.2,33,12.885858585858585,3.0547917903449564,2026-06-24T12:41:21+00:00,-0.743144825477394,-0.6691306063588585,1.0,2.314141414141414,0.0,0.0,114.53333333333333,1.0,0.0
5120,user107,2026-08-20T12:25:31+00:00,0,,12.416666666666666,34,12.95392156862745,3.034825260185764,2026-06-24T12:41:21+00:00,-0.10886687485196432,-0.9940563382223196,3.0,0.5372549019607842,0.0,0.0,2712.9666666666667,0.0,0.0
5111,user107,2026-08-20T13:46:02+00:00,0,,13.766666666666667,35,12.938571428571429,2.9924952995642,2026-06-24T12:41:21+00:00,-0.44619781310980877,-0.8949343616020251,3.0,0.8280952380952389,0.0,0.0,80.51666666666667,1.0,0.0
5082,user107,2026-08-21T13:48:51+00:00,0,,13.8,36,12.961574074074074,2.9537766666362715,2026-06-24T12:41:21+00:00,-0.4539904997395471,-0.8910065241883677,4.0,0.838425925925927,0.0,0.0,1442.8166666666666,0.0,0.0
5084,user107,2026-08-23T12:30:41+00:00,0,,12.5,37,12.984234234234235,2.91675790319578,2026-06-24T12:41:21+00:00,-0.13052619222005177,-0.9914448613738104,6.0,0.4842342342342345,0.0,0.0,2801.8333333333335,0.0,0.0
5127,user107,2026-08-23T13:41:44+00:00,0,,13.683333333333334,38,12.971491228070176,2.879167226228744,2026-06-24T12:41:21+00:00,-0.4265687399014583,-0.904455145454368,6.0,0.7118421052631572,0.0,0.0,71.05,1.0,0.0
5093,user107,2026-08-24T15:02:35+00:00,0,,15.033333333333333,39,12.98974358974359,2.8442414842737014,2026-06-24T12:41:21+00:00,-0.7132504491541813,-0.7009092642998511,0.0,2.0435897435897434,0.0,0.0,1520.85,0.0,0.0
5112,user107,2026-08-25T12:19:53+00:00,0,,12.316666666666666,40,13.040833333333333,2.826528470481846,2026-06-24T12:41:21+00:00,-0.08280820751220395,-0.9965655024977614,1.0,0.7241666666666671,0.0,0.0,1277.3,1.0,0.0
5114,user107,2026-08-26T16:35:42+00:00,0,,16.583333333333332,41,13.023170731707317,2.7940797798880297,2026-06-24T12:41:21+00:00,-0.9320078692827984,-0.3624380382837018,2.0,3.560162601626015,0.0,0.0,1695.8166666666666,0.0,0.0
5132,user107,2026-08-27T13:02:37+00:00,1,unusual_location,13.033333333333333,42,13.10793650793651,2.8134673247619473,2026-06-24T12:41:21+00:00,-0.26723837607825635,-0.9636304532086232,3.0,0.07460317460317611,1.0,0.0,1226.9166666666667,1.0,6734.358161413964
5094,user107,2026-08-27T13:51:40+00:00,0,,13.85,43,13.106201550387597,2.780582875466239,2026-06-24T12:41:21+00:00,-0.46561452032511097,-0.8849876374630421,3.0,0.7437984496124024,0.0,0.0,49.05,2.0,0.0
5108,user107,2026-08-28T14:32:05+00:00,0,,14.533333333333333,44,13.123106060606062,2.7510379489988783,2026-06-24T12:41:21+00:00,-0.6156614753256582,-0.788010753606722,4.0,1.4102272727272709,0.0,0.0,1480.4166666666667,0.0,0.0
5100,user107,2026-08-29T12:09:54+00:00,0,,12.15,45,13.154444444444445,2.7282301050631412,2026-06-24T12:41:21+00:00,-0.03925981575906871,-0.9992290362407229,5.0,1.0044444444444451,0.0,0.0,1297.8166666666666,1.0,0.0
5085,user107,2026-08-29T13:09:14+00:00,0,,13.15,46,13.132608695652175,2.702385233146855,2026-06-24T12:41:21+00:00,-0.29654157497557077,-0.9550199444571866,5.0,0.0173913043478251,0.0,0.0,59.333333333333336,2.0,0.0
5079,user107,2026-08-31T15:11:17+00:00,0,,15.183333333333334,47,13.132978723404255,2.6734830642034684,2026-06-24T12:41:21+00:00,-0.740218127486832,-0.672366807434668,0.0,2.0503546099290784,0.0,0.0,3002.05,0.0,0.0
5096,user107,2026-09-01T15:42:41+00:00,0,,15.7,48,13.175694444444444,2.6616466601847883,2026-06-24T12:41:21+00:00,-0.8241261886220151,-0.5664062369248336,1.0,2.5243055555555554,0.0,0.0,1471.4,0.0,0.0
5092,user107,2026-09-02T14:09:19+00:00,0,,14.15,49,13.227210884353742,2.6584155807496,2026-06-24T12:41:21+00:00,-0.5336145159156115,-0.8457278217039733,2.0,0.9227891156462587,0.0,0.0,1346.6333333333334,1.0,0.0
5113,user107,2026-09-09T12:47:34+00:00,0,,12.783333333333333,50,13.245666666666667,2.634866241597685,2026-06-24T12:41:21+00:00,-0.20364175114017746,-0.9790454724845838,2.0,0.4623333333333335,0.0,0.0,9998.25,0.0,0.0
5110,user107,2026-09-10T10:37:22+00:00,0,,10.616666666666667,51,13.236601307189542,2.6096937182201443,2026-06-24T12:41:21+00:00,0.35429103799771566,-0.9351352096860118,3.0,2.6199346405228745,0.0,0.0,1309.8,1.0,0.0
5104,user107,2026-09-10T12:25:10+00:00,0,,12.416666666666666,52,13.186217948717948,2.6094046729800557,2026-06-24T12:41:21+00:00,-0.10886687485196432,-0.9940563382223196,3.0,0.7695512820512818,0.0,0.0,107.8,2.0,0.0
5123,user107,2026-09-11T13:58:15+00:00,0,,13.966666666666667,53,13.171698113207546,2.5867903120484987,2026-06-24T12:41:21+00:00,-0.49242356010346694,-0.8703556959398998,4.0,0.7949685534591211,0.0,0.0,1533.0833333333333,0.0,0.0
5133,user107,2026-09-13T14:21:53+00:00,1,unusual_device,14.35,54,13.186419753086419,2.564966717137152,2026-06-24T12:41:21+00:00,-0.5771451900372334,-0.816641555161679,6.0,1.1635802469135808,0.0,0.0,2903.633333333333,0.0,0.0
5130,user107,2026-09-14T01:43:53+00:00,1,unusual_hour,1.7166666666666668,55,13.207575757575757,2.5462922503237464,2026-06-24T12:41:21+00:00,0.4344452574044171,0.9006982393225879,0.0,11.49090909090909,0.0,0.0,682.0,1.0,0.0
5106,user107,2026-09-14T13:52:39+00:00,0,,13.866666666666667,56,13.002380952380951,2.9467941091195953,2026-06-24T12:41:21+00:00,-0.46947156278589086,-0.8829475928589269,0.0,0.8642857142857157,0.0,0.0,728.7666666666667,2.0,0.0
5078,user107,2026-09-17T13:03:33+00:00,0,,13.05,57,13.017543859649123,2.9230338538655967,2026-06-24T12:41:21+00:00,-0.2714404498650743,-0.9624552364536473,3.0,0.032456140350877405,0.0,0.0,4270.9,0.0,0.0
5086,user107,2026-09-19T12:26:20+00:00,0,,12.433333333333334,58,13.01810344827586,2.8977288049171106,2026-06-24T12:41:21+00:00,-0.11320321376790664,-0.9935718556765875,5.0,0.5847701149425273,0.0,0.0,2842.7833333333333,0.0,0.0
5173,user108,2026-06-23T23:40:16+00:00,1,unusual_hour+unusual_location,23.666666666666668,0,,,,-0.08715574274765743,0.9961946980917455,1.0,0.0,1.0,1.0,1440.0,0.0,0.0
5137,user108,2026-06-29T10:37:34+00:00,0,,10.616666666666667,1,23.666666666666668,0.0,2026-06-23T23:40:16+00:00,0.35429103799771566,-0.9351352096860118,0.0,10.95,1.0,0.0,7857.3,0.0,6734.358161413964
5151,user108,2026-06-29T11:38:15+00:00,0,,11.633333333333333,2,17.141666666666666,6.525,2026-06-23T23:40:16+00:00,0.09584575252022391,-0.9953961983671789,0.0,5.508333333333333,0.0,0.0,60.68333333333333,1.0,6734.358161413964
5155,user108,2026-07-09T10:17:11+00:00,0,,10.283333333333333,3,15.305555555555555,5.9267493640857944,2026-06-23T23:40:16+00:00,0.4344452574044172,-0.9006982393225879,3.0,5.022222222222222,0.0,0.0,14318.933333333332,0.0,6734.358161413964
5163,user108,2026-07-10T11:43:18+00:00,0,,11.716666666666667,4,14.049999999999999,5.5744082894759135,2026-06-23T23:40:16+00:00,0.07410849019539918,-0.9972501850994857,4.0,2.333333333333332,0.0,0.0,1526.1166666666666,0.0,6734.358161413964
5171,user108,2026-07-14T09:37:53+00:00,1,unusual_location,9.616666666666667,5,13.583333333333332,5.072507598154323,2026-06-23T23:40:16+00:00,0.5842496656374344,-0.8115739819650123,1.0,3.966666666666665,1.0,0.0,5634.583333333333,0.0,6250.546020363704
5156,user108,2026-07-17T12:26:21+00:00,0,,12.433333333333334,6,12.922222222222222,4.86079046561537,2026-06-23T23:40:16+00:00,-0.11320321376790664,-0.9935718556765875,4.0,0.48888888888888893,0.0,0.0,4488.466666666666,0.0,6734.358161413964
5154,user108,2026-07-21T13:47:47+00:00,0,,13.783333333333333,7,12.852380952380953,4.503468051379506,2026-06-23T23:40:16+00:00,-0.45009844103743474,-0.8929789434111371,1.0,0.9309523809523803,0.0,0.0,5841.433333333333,0.0,6734.358161413964
5168,user108,2026-07-22T13:57:06+00:00,0,,13.95,8,12.96875,4.22384466041044,2026-06-23T23:40:16+00:00,-0.48862124149695463,-0.8724960070727973,2.0,0.9812499999999993,0.0,0.0,1449.3166666666666,0.0,6734.358161413964
5139,user108,2026-07-23T13:40:26+00:00,0,,13.666666666666666,9,13.077777777777778,3.9942010434264126,2026-06-23T23:40:16+00:00,-0.4226182617406993,-0.90630778703665,3.0,0.5888888888888886,0.0,0.0,1423.3333333333333,1.0,6734.358161413964
5159,user108,2026-07-24T10:30:10+00:00,0,,10.5,10,13.136666666666667,3.793347978882097,2026-06-23T23:40:16+00:00,0.3826834323650899,-0.9238795325112867,4.0,2.6366666666666667,0.0,0.0,1249.7333333333333,1.0,6734.358161413964
5174,user108,2026-07-25T13:12:42+00:00,1,unusual_device+unusual_location,13.2,11,12.896969696969698,3.6953890063392025,2026-06-23T23:40:16+00:00,-0.3090169943749473,-0.9510565162951536,5.0,0.303030303030301,0.0,1.0,1602.5333333333333,0.0,6250.546020363704
5143,user108,2026-07-26T08:50:40+00:00,0,,8.833333333333334,12,12.922222222222222,3.5390567725746043,2026-06-23T23:40:16+00:00,0.7372773368101241,-0.6755902076156602,6.0,4.088888888888889,0.0,0.0,1177.9666666666667,1.0,6734.358161413964
5142,user108,2026-07-27T09:35:13+00:00,0,,9.583333333333334,13,12.607692307692307,3.5705204161407034,2026-06-23T23:40:16+00:00,0.5913096483635822,-0.8064446042674827,0.0,3.0243589743589734,0.0,0.0,1484.55,0.0,6734.358161413964
5158,user108,2026-07-31T08:50:09+00:00,0,,8.833333333333334,14,12.391666666666667,3.5277007553146595,2026-06-23T23:40:16+00:00,0.7372773368101241,-0.6755902076156602,4.0,3.5583333333333336,0.0,0.0,5714.933333333333,0.0,6734.358161413964
5167,user108,2026-07-31T12:53:49+00:00,0,,12.883333333333333,15,12.154444444444445,3.5217707386771315,2026-06-23T23:40:16+00:00,-0.2292003909224143,-0.9733792584604485,4.0,0.7288888888888874,0.0,0.0,243.66666666666666,1.0,6734.358161413964
5152,user108,2026-08-01T13:36:59+00:00,0,,13.6,16,12.200000000000001,3.4145013463819933,2026-06-23T23:40:16+00:00,-0.4067366430758002,-0.9135454576426009,5.0,1.3999999999999986,0.0,0.0,1483.1666666666667,0.0,6734.358161413964
5146,user108,2026-08-05T11:11:14+00:00,0,,11.183333333333334,17,12.282352941176471,3.3288915041909006,2026-06-23T23:40:16+00:00,0.2121776721564464,-0.9772311064626789,2.0,1.0990196078431378,0.0,0.0,5614.25,0.0,6734.358161413964
5144,user108,2026-08-05T11:30:56+00:00,0,,11.5,18,12.221296296296297,3.2448810853230845,2026-06-23T23:40:16+00:00,0.130526192220052,-0.9914448613738104,2.0,0.7212962962962965,0.0,0.0,19.7,1.0,6734.358161413964
5136,user108,2026-08-08T11:21:59+00:00,0,,11.35,19,12.183333333333334,3.162439468482024,2026-06-23T23:40:16+00:00,0.16934950384902525,-0.9855560590580776,5.0,0.8333333333333339,0.0,0.0,4311.05,0.0,6734.358161413964
5153,user108,2026-08-10T09:10:40+00:00,0,,9.166666666666666,20,12.141666666666667,3.087710856497631,2026-06-23T23:40:16+00:00,0.6755902076156604,-0.737277336810124,0.0,2.9750000000000014,0.0,0.0,2748.6833333333334,0.0,6734.358161413964
5148,user108,2026-08-12T10:31:32+00:00,0,,10.516666666666667,21,12.0,3.079179956798434,2026-06-23T23:40:16+00:00,0.37864861735243294,-0.9255405040175664,2.0,1.4833333333333325,0.0,0.0,2960.866666666667,0.0,6734.358161413964
5157,user108,2026-08-13T12:42:45+00:00,0,,12.7,22,11.932575757575757,3.024209877914384,2026-06-23T23:40:16+00:00,-0.18223552549214703,-0.9832549075639546,3.0,0.7674242424242426,0.0,0.0,1571.2166666666667,0.0,6734.358161413964
5169,user108,2026-08-15T09:12:27+00:00,0,,9.2,23,11.965942028985506,2.9618731761530923,2026-06-23T23:40:16+00:00,0.6691306063588583,-0.7431448254773941,5.0,2.7659420289855063,0.0,0.0,2669.7,0.0,6734.358161413964
5147,user108,2026-08-15T10:06:05+00:00,0,,10.1,24,11.850694444444443,2.951719834386366,2026-06-23T23:40:16+00:00,0.4771587602596086,-0.8788171126619653,5.0,1.7506944444444432,0.0,0.0,53.63333333333333,1.0,6734.358161413964
5172,user108,2026-08-15T10:10:06+00:00,1,unusual_device,10.166666666666666,25,11.780666666666667,2.9123594100545582,2026-06-23T23:40:16+00:00,0.4617486132350339,-0.8870108331782217,5.0,1.6140000000000008,0.0,1.0,4.016666666666667,2.0,6734.358161413964
5140,user108,2026-08-15T12:25:07+00:00,0,,12.416666666666666,26,11.718589743589744,2.872621003540195,2026-06-23T23:40:16+00:00,-0.10886687485196432,-0.9940563382223196,5.0,0.6980769230769219,0.0,0.0,135.01666666666668,3.0,6734.358161413964
5164,user108,2026-08-17T09:06:32+00:00,0,,9.1,27,11.744444444444445,2.822003491086378,2026-06-23T23:40:16+00:00,0.6883545756937542,-0.7253743710122874,0.0,2.6444444444444457,0.0,0.0,2681.4166666666665,0.0,6734.358161413964
5170,user108,2026-08-17T23:13:32+00:00,1,unusual_hour,23.216666666666665,28,11.650000000000002,2.8142706066792953,2026-06-23T23:40:16+00:00,-0.20364175114017827,0.9790454724845837,0.0,11.566666666666663,0.0,0.0,847.0,1.0,6734.358161413964
5149,user108,2026-08-22T09:56:46+00:00,0,,9.933333333333334,29,12.048850574712644,3.4786924786209323,2026-06-23T23:40:16+00:00,0.515038074910054,-0.8571673007021124,5.0,2.11551724137931,0.0,0.0,6403.233333333334,0.0,6734.358161413964
5160,user108,2026-08-25T10:47:05+00:00,0,,10.783333333333333,30,11.978333333333333,3.441239952024184,2026-06-23T23:40:16+00:00,0.3131638064837498,-0.9496991262018769,1.0,1.1950000000000003,0.0,0.0,4370.316666666667,0.0,6734.358161413964
5145,user108,2026-08-30T13:09:54+00:00,0,,13.15,31,11.93978494623656,3.391859000700589,2026-06-23T23:40:16+00:00,-0.29654157497557077,-0.9550199444571866,6.0,1.2102150537634397,0.0,0.0,7342.816666666667,0.0,6734.358161413964
5138,user108,2026-09-01T09:27:39+00:00,0,,9.45,32,11.977604166666667,3.345074658107943,2026-06-23T23:40:16+00:00,0.6190939493098342,-0.7853169308807447,1.0,2.527604166666668,0.0,0.0,2657.75,0.0,6734.358161413964
5175,user108,2026-09-08T11:41:43+00:00,0,,11.683333333333334,33,11.901010101010101,3.322375776139383,2026-06-23T23:40:16+00:00,0.08280820751220419,-0.9965655024977614,1.0,0.21767676767676747,0.0,0.0,10214.066666666668,0.0,6734.358161413964
5176,user108,2026-09-08T11:42:57.786356+00:00,1,rapid_fire,11.7,34,11.894607843137255,3.273359292128397,2026-06-23T23:40:16+00:00,0.07845909572784551,-0.996917333733128,1.0,0.19460784313725554,0.0,0.0,1.2464392666666666,1.0,6734.358161413964
5177,user108,2026-09-08T11:43:49.879191+00:00,1,rapid_fire,11.716666666666667,35,11.88904761904762,3.2264210425429867,2026-06-23T23:40:16+00:00,0.07410849019539918,-0.9972501850994857,1.0,0.1723809523809532,0.0,0.0,0.8682139166666667,2.0,6734.358161413964
5162,user108,2026-09-11T11:49:06+00:00,0,,11.816666666666666,36,11.88425925925926,3.181420174677712,2026-06-23T23:40:16+00:00,0.04797812852134419,-0.9988483864849507,4.0,0.06759259259259309,0.0,0.0,4325.268680149999,0.0,6734.358161413964
5166,user108,2026-09-12T11:13:54+00:00,0,,11.216666666666667,37,11.882432432432433,3.1381526717769117,2026-06-23T23:40:16+00:00,0.2036417511401777,-0.9790454724845838,5.0,0.6657657657657658,0.0,0.0,1404.8,1.0,6734.358161413964
5150,user108,2026-09-14T10:44:09+00:00,0,,10.733333333333333,38,11.864912280701754,3.0984192099347143,2026-06-23T23:40:16+00:00,0.32556815445715703,-0.9455185755993167,0.0,1.1315789473684212,0.0,0.0,2850.25,0.0,6734.358161413964
5165,user108,2026-09-15T11:17:03+00:00,0,,11.283333333333333,39,11.835897435897435,3.06366338089189,2026-06-23T23:40:16+00:00,0.18652403600873463,-0.9824503977255098,1.0,0.5525641025641015,0.0,0.0,1472.9,0.0,6734.358161413964
5161,user108,2026-09-17T11:52:04+00:00,0,,11.866666666666667,40,11.822083333333333,3.0263550397117798,2026-06-23T23:40:16+00:00,0.0348994967025007,-0.9993908270190958,3.0,0.04458333333333364,0.0,0.0,2915.016666666667,0.0,6734.358161413964
5141,user108,2026-09-19T09:06:16+00:00,0,,9.1,41,11.823170731707316,2.989228354010864,2026-06-23T23:40:16+00:00,0.6883545756937542,-0.7253743710122874,5.0,2.7231707317073166,0.0,0.0,2714.2,0.0,6734.358161413964
5188,user109,2026-06-22T14:51:58+00:00,0,,14.85,0,,,,-0.6788007455329418,-0.7343225094356856,0.0,0.0,1.0,1.0,1440.0,0.0,0.0
5202,user109,2026-06-22T16:42:13+00:00,0,,16.7,1,14.85,0.0,2026-06-22T14:51:58+00:00,-0.9426414910921783,-0.33380685923377124,0.0,1.8499999999999996,0.0,0.0,110.25,1.0,0.0
5178,user109,2026-06-23T15:15:05+00:00,0,,15.25,2,15.774999999999999,0.9249999999999998,2026-06-22T14:51:58+00:00,-0.7518398074789773,-0.6593458151000691,1.0,0.5249999999999986,0.0,0.0,1352.8666666666666,1.0,0.0
5190,user109,2026-06-24T12:19:17+00:00,0,,12.316666666666666,3,15.6,0.7947746011710908,2026-06-22T14:51:58+00:00,-0.08280820751220395,-0.9965655024977614,2.0,3.283333333333333,0.0,0.0,1264.2,1.0,0.0
5216,user109,2026-06-24T15:27:44+00:00,0,,15.45,4,14.779166666666665,1.5795733864981814,2026-06-22T14:51:58+00:00,-0.7853169308807447,-0.6190939493098343,2.0,0.6708333333333343,0.0,0.0,188.45,1.0,0.0
5181,user109,2026-06-25T14:07:21+00:00,0,,14.116666666666667,5,14.913333333333332,1.4380696938759414,2026-06-22T14:51:58+00:00,-0.5262139236518696,-0.8503522249955628,3.0,0.7966666666666651,0.0,0.0,1359.6166666666666,1.0,0.0
5186,user109,2026-06-26T13:13:03+00:00,0,,13.216666666666667,6,14.780555555555557,1.3459272126413058,2026-06-22T14:51:58+00:00,-0.3131638064837496,-0.949699126201877,4.0,1.56388888888889,0.0,0.0,1385.7,1.0,0.0
5201,user109,2026-06-27T12:21:09+00:00,0,,12.35,7,14.557142857142859,1.360959545450834,2026-06-22T14:51:58+00:00,-0.09150161866340234,-0.9958049275746618,5.0,2.207142857142859,0.0,0.0,1388.1,1.0,0.0
5207,user109,2026-06-27T15:21:05+00:00,0,,15.35,8,14.28125,1.4674817219191065,2026-06-22T14:51:58+00:00,-0.7688418320734591,-0.6394390019805851,5.0,1.0687499999999996,0.0,0.0,179.93333333333334,1.0,0.0
5192,user109,2026-06-29T14:52:45+00:00,0,,14.866666666666667,9,14.399999999999999,1.4237405090243926,2026-06-22T14:51:58+00:00,-0.6819983600624984,-0.7313537016191706,0.0,0.46666666666666856,0.0,0.0,2851.6666666666665,0.0,0.0
5198,user109,2026-06-29T16:13:39+00:00,0,,16.216666666666665,10,14.446666666666667,1.3579150685272379,2026-06-22T14:51:58+00:00,-0.8929789434111368,-0.4500984410374354,0.0,1.7699999999999978,0.0,0.0,80.9,1.0,0.0
5180,user109,2026-07-02T14:56:34+00:00,0,,14.933333333333334,11,14.607575757575757,1.3911219880639263,2026-06-22T14:51:58+00:00,-0.6946583704589973,-0.7193398003386511,3.0,0.32575757575757613,0.0,0.0,4242.916666666667,0.0,0.0
5197,user109,2026-07-04T15:23:01+00:00,0,,15.383333333333333,12,14.634722222222223,1.33493754766762,2026-06-22T14:51:58+00:00,-0.7743926440821854,-0.6327053285625162,5.0,0.74861111111111,0.0,0.0,2906.45,0.0,0.0
5213,user109,2026-07-14T14:02:20+00:00,0,,14.033333333333333,13,14.692307692307692,1.2979868598069189,2026-06-22T14:51:58+00:00,-0.5075383629607042,-0.8616291604415257,1.0,0.6589743589743584,0.0,0.0,14319.316666666668,0.0,0.0
5203,user109,2026-07-15T13:43:04+00:00,0,,13.716666666666667,14,14.645238095238096,1.2622326618009083,2026-06-22T14:51:58+00:00,-0.434445257404417,-0.900698239322588,2.0,0.9285714285714288,0.0,0.0,1420.7333333333333,1.0,0.0
5199,user109,2026-07-15T14:15:40+00:00,0,,14.25,15,14.583333333333334,1.2412359431899587,2026-06-22T14:51:58+00:00,-0.555570233019602,-0.8314696123025455,2.0,0.3333333333333339,0.0,0.0,32.6,1.0,0.0
5193,user109,2026-07-16T13:41:38+00:00,0,,13.683333333333334,16,14.5625,1.20452705103151,2026-06-22T14:51:58+00:00,-0.4265687399014583,-0.904455145454368,3.0,0.8791666666666664,0.0,0.0,1405.9666666666667,2.0,0.0
5204,user109,2026-07-18T15:42:47+00:00,0,,15.7,17,14.510784313725491,1.1867313979986247,2026-06-22T14:51:58+00:00,-0.8241261886220151,-0.5664062369248336,5.0,1.1892156862745082,0.0,0.0,3001.15,0.0,0.0
5195,user109,2026-07-19T13:03:37+00:00,0,,13.05,18,14.57685185185185,1.185029286621597,2026-06-22T14:51:58+00:00,-0.2714404498650743,-0.9624552364536473,6.0,1.5268518518518501,0.0,0.0,1280.8333333333333,1.0,0.0
5211,user109,2026-07-21T16:45:57+00:00,0,,16.75,19,14.496491228070175,1.2027572969723064,2026-06-22T14:51:58+00:00,-0.9469301294951056,-0.3214394653031618,1.0,2.253508771929825,0.0,0.0,3102.3333333333335,0.0,0.0
5218,user109,2026-07-24T02:28:39+00:00,1,unusual_hour,2.466666666666667,20,14.609166666666667,1.2710284003296086,2026-06-22T14:51:58+00:00,0.6018150231520483,0.7986355100472928,4.0,11.8575,0.0,0.0,3462.7,0.0,0.0
5220,user109,2026-07-25T16:00:25+00:00,1,unusual_device,16.0,21,14.03095238095238,2.8679642952433397,2026-06-22T14:51:58+00:00,-0.8660254037844385,-0.5000000000000004,5.0,1.96904761904762,0.0,1.0,2251.766666666667,0.0,0.0
5185,user109,2026-08-06T16:50:41+00:00,0,,16.833333333333332,22,14.120454545454544,2.8318843523893453,2026-06-22T14:51:58+00:00,-0.9537169507482267,-0.3007057995042738,3.0,2.712878787878788,0.0,0.0,17330.266666666666,0.0,0.0
5183,user109,2026-08-08T15:35:41+00:00,0,,15.583333333333334,23,14.238405797101448,2.8243524963670006,2026-06-22T14:51:58+00:00,-0.8064446042674827,-0.5913096483635822,5.0,1.3449275362318858,0.0,0.0,2805.0,0.0,0.0
5222,user109,2026-08-09T13:04:42+00:00,0,,13.066666666666666,24,14.294444444444443,2.7779166631946177,2026-06-22T14:51:58+00:00,-0.275637355816999,-0.9612616959383189,6.0,1.227777777777776,0.0,0.0,1289.0166666666667,1.0,0.0
5223,user109,2026-08-09T13:05:07.440921+00:00,1,rapid_fire,13.083333333333334,25,14.245333333333331,2.732404394993131,2026-06-22T14:51:58+00:00,-0.2798290140309925,-0.9600498543859286,6.0,1.1619999999999973,0.0,0.0,0.42401535,2.0,0.0
5224,user109,2026-08-09T13:06:19.485423+00:00,1,rapid_fire,13.1,26,14.200641025641023,2.6886453264888304,2026-06-22T14:51:58+00:00,-0.28401534470392237,-0.9588197348681932,6.0,1.100641025641023,0.0,0.0,1.2007416999999998,3.0,0.0
5225,user109,2026-08-09T13:07:48.727826+00:00,1,rapid_fire,13.116666666666667,27,14.159876543209874,2.6465610081658055,2026-06-22T14:51:58+00:00,-0.2881962681340892,-0.9575713608048144,6.0,1.043209876543207,0.0,0.0,1.4873733833333334,4.0,0.0
5179,user109,2026-08-09T14:52:19+00:00,0,,14.866666666666667,28,14.122619047619045,2.6060720240541744,2026-06-22T14:51:58+00:00,-0.6819983600624984,-0.7313537016191706,6.0,0.7440476190476222,0.0,0.0,104.50453623333333,5.0,0.0
5209,user109,2026-08-15T14:10:04+00:00,0,,14.166666666666666,29,14.148275862068964,2.564341926843971,2026-06-22T14:51:58+00:00,-0.5372996083468236,-0.8433914458128858,5.0,0.01839080459770237,0.0,0.0,8597.75,0.0,0.0
5196,user109,2026-08-21T12:15:38+00:00,0,,12.25,30,14.148888888888887,2.52124283481357,2026-06-22T14:51:58+00:00,-0.06540312923014287,-0.9978589232386035,4.0,1.8988888888888873,0.0,0.0,8525.566666666668,0.0,0.0
5214,user109,2026-08-21T13:15:52+00:00,0,,13.25,31,14.087634408602149,2.5028334041918625,2026-06-22T14:51:58+00:00,-0.32143946530316153,-0.9469301294951057,4.0,0.837634408602149,0.0,0.0,60.233333333333334,1.0,0.0
5191,user109,2026-08-22T14:45:47+00:00,0,,14.75,32,14.061458333333333,2.4677237230419227,2026-06-22T14:51:58+00:00,-0.6593458151000688,-0.7518398074789774,5.0,0.6885416666666675,0.0,0.0,1529.9166666666667,0.0,0.0
5221,user109,2026-08-29T02:10:53+00:00,1,unusual_device+unusual_hour,2.1666666666666665,33,14.082323232323231,2.432911058537321,2026-06-22T14:51:58+00:00,0.5372996083468238,0.8433914458128857,5.0,11.915656565656565,0.0,1.0,9325.1,0.0,0.0
5194,user109,2026-08-30T15:34:53+00:00,0,,15.566666666666666,34,13.73186274509804,3.1301933778072373,2026-06-22T14:51:58+00:00,-0.8038568606172171,-0.5948227867513417,6.0,1.8348039215686267,0.0,0.0,2244.0,0.0,0.0
5219,user109,2026-09-01T15:38:30+00:00,1,unusual_location,15.633333333333333,35,13.784285714285714,3.1002584194827527,2026-06-22T14:51:58+00:00,-0.8141155183563193,-0.5807029557109396,1.0,1.849047619047619,1.0,0.0,2883.616666666667,0.0,6734.358161413964
5200,user109,2026-09-02T17:18:58+00:00,0,,17.3,36,13.835648148148147,3.0719613933326375,2026-06-22T14:51:58+00:00,-0.9832549075639545,-0.18223552549214778,2.0,3.4643518518518537,0.0,0.0,1540.4666666666667,0.0,0.0
5184,user109,2026-09-03T14:29:06+00:00,0,,14.483333333333333,37,13.92927927927928,3.0818011908072105,2026-06-22T14:51:58+00:00,-0.6052939880428939,-0.7960020025346224,3.0,0.5540540540540526,0.0,0.0,1270.1333333333334,1.0,0.0
5215,user109,2026-09-03T14:45:01+00:00,0,,14.75,38,13.943859649122807,3.0422738424324023,2026-06-22T14:51:58+00:00,-0.6593458151000688,-0.7518398074789774,3.0,0.8061403508771932,0.0,0.0,15.916666666666666,2.0,0.0
5189,user109,2026-09-06T17:21:16+00:00,0,,17.35,39,13.964529914529916,3.005719096346523,2026-06-22T14:51:58+00:00,-0.9855560590580776,-0.16934950384902486,6.0,3.385470085470086,0.0,0.0,4476.25,0.0,0.0
5208,user109,2026-09-07T13:56:37+00:00,0,,13.933333333333334,40,14.049166666666668,3.0146078379561523,2026-06-22T14:51:58+00:00,-0.48480962024633695,-0.8746197071393959,0.0,0.11583333333333456,0.0,0.0,1235.35,1.0,0.0
5217,user109,2026-09-08T02:04:09+00:00,1,unusual_hour,2.066666666666667,41,14.046341463414633,2.9776709951721423,2026-06-22T14:51:58+00:00,0.5150380749100542,0.8571673007021123,1.0,11.979674796747966,0.0,0.0,727.5333333333333,1.0,0.0
5210,user109,2026-09-08T12:32:19+00:00,0,,12.533333333333333,42,13.761111111111111,3.4628062805852524,2026-06-22T14:51:58+00:00,-0.13917310096006552,-0.9902680687415703,1.0,1.2277777777777779,0.0,0.0,628.1666666666666,2.0,0.0
5206,user109,2026-09-09T15:26:19+00:00,0,,15.433333333333334,43,13.732558139534884,3.427303264639478,2026-06-22T14:51:58+00:00,-0.7826081568524138,-0.6225146366376196,2.0,1.7007751937984494,0.0,0.0,1614.0,0.0,0.0
5205,user109,2026-09-14T14:58:31+00:00,0,,14.966666666666667,44,13.77121212121212,3.397600838835412,2026-06-22T14:51:58+00:00,-0.7009092642998509,-0.7132504491541817,0.0,1.195454545454547,0.0,0.0,7172.2,0.0,0.0
5187,user109,2026-09-17T15:53:29+00:00,0,,15.883333333333333,45,13.797777777777778,3.364255829147156,2026-06-22T14:51:58+00:00,-0.8503522249955627,-0.5262139236518698,3.0,2.0855555555555547,0.0,0.0,4374.966666666666,0.0,0.0
5182,user109,2026-09-18T15:33:40+00:00,0,,15.55,46,13.843115942028986,3.341357327991236,2026-06-22T14:51:58+00:00,-0.8012538126910606,-0.5983246005706593,4.0,1.7068840579710152,0.0,0.0,1420.1833333333334,1.0,0.0
5212,user109,2026-09-20T14:48:50+00:00,0,,14.8,47,13.879432624113473,3.314783871246025,2026-06-22T14:51:58+00:00,-0.6691306063588582,-0.7431448254773942,6.0,0.9205673758865274,0.0,0.0,2835.1666666666665,0.0,0.0
5256,user110,2026-06-25T20:55:05+00:00,0,,20.916666666666668,0,,,,-0.7223639620597554,0.6915130557822695,3.0,0.0,1.0,1.0,1440.0,0.0,0.0
5259,user110,2026-06-25T21:57:36+00:00,1,unusual_location,21.95,1,20.916666666666668,0.0,2026-06-25T20:55:05+00:00,-0.5112930860770526,0.8594064115014524,3.0,1.0333333333333314,1.0,0.0,62.516666666666666,1.0,17257.730641387905
5252,user110,2026-06-27T20:19:03+00:00,0,,20.316666666666666,2,21.433333333333334,0.5166666666666657,2026-06-25T20:55:05+00:00,-0.821646937942164,0.5699967625963025,5.0,1.1166666666666671,0.0,0.0,2781.45,0.0,0.0
5240,user110,2026-07-01T19:30:22+00:00,0,,19.5,3,21.061111111111114,0.6745826327404681,2026-06-25T20:55:05+00:00,-0.923879532511287,0.38268343236508917,2.0,1.5611111111111136,0.0,0.0,5711.316666666667,0.0,0.0
5230,user110,2026-07-02T20:45:53+00:00,0,,20.75,4,20.670833333333334,0.8934464325172369,2026-06-25T20:55:05+00:00,-0.7518398074789772,0.6593458151000691,3.0,0.07916666666666572,0.0,0.0,1515.5166666666667,0.0,0.0
5227,user110,2026-07-07T23:37:03+00:00,0,,23.616666666666667,5,20.686666666666667,0.799749960925288,2026-06-25T20:55:05+00:00,-0.1001880616120765,0.9949685182509117,1.0,2.9299999999999997,0.0,0.0,7371.166666666667,0.0,0.0
5243,user110,2026-07-08T22:07:43+00:00,0,,22.116666666666667,6,21.175,1.3135247322461128,2026-06-25T20:55:05+00:00,-0.4733196671848432,0.8808907382053857,2.0,0.9416666666666664,0.0,0.0,1350.6666666666667,1.0,0.0
5229,user110,2026-07-11T21:26:23+00:00,0,,21.433333333333334,7,21.309523809523814,1.2599400698413543,2026-06-25T20:55:05+00:00,-0.6225146366376196,0.7826081568524138,5.0,0.12380952380951982,0.0,0.0,4278.666666666667,0.0,0.0
5245,user110,2026-07-11T21:54:15+00:00,0,,21.9,8,21.325000000000003,1.1792770855250452,2026-06-25T20:55:05+00:00,-0.5224985647159495,0.8526401643540918,5.0,0.5749999999999957,0.0,0.0,27.866666666666667,1.0,0.0
5246,user110,2026-07-13T21:22:29+00:00,0,,21.366666666666667,9,21.388888888888893,1.1264222833794737,2026-06-25T20:55:05+00:00,-0.6360782202777646,0.7716245833877194,0.0,0.022222222222225696,0.0,0.0,2848.233333333333,0.0,0.0
5241,user110,2026-07-17T21:03:56+00:00,0,,21.05,10,21.38666666666667,1.068638801882511,2026-06-25T20:55:05+00:00,-0.6977904598416802,0.7163019434246541,4.0,0.33666666666666956,0.0,0.0,5741.45,0.0,0.0
5244,user110,2026-07-18T20:10:02+00:00,0,,20.166666666666668,11,21.35606060606061,1.0234935401017125,2026-06-25T20:55:05+00:00,-0.8433914458128857,0.5372996083468239,5.0,1.1893939393939412,0.0,0.0,1386.1,1.0,0.0
5249,user110,2026-07-21T21:40:50+00:00,0,,21.666666666666668,12,21.256944444444446,1.0335899845552101,2026-06-25T20:55:05+00:00,-0.5735764363510465,0.8191520442889916,1.0,0.40972222222222143,0.0,0.0,4410.8,0.0,0.0
5251,user110,2026-07-22T19:29:03+00:00,0,,19.483333333333334,13,21.288461538461544,0.9990248368229321,2026-06-25T20:55:05+00:00,-0.9255405040175662,0.37864861735243344,2.0,1.8051282051282094,0.0,0.0,1308.2166666666667,1.0,0.0
5231,user110,2026-07-22T22:07:27+00:00,0,,22.116666666666667,14,21.159523809523815,1.069058224573547,2026-06-25T20:55:05+00:00,-0.4733196671848432,0.8808907382053857,2.0,0.957142857142852,0.0,0.0,158.4,1.0,0.0
5254,user110,2026-07-24T20:40:45+00:00,0,,20.666666666666668,15,21.22333333333334,1.0600454218080921,2026-06-25T20:55:05+00:00,-0.7660444431189781,0.6427876096865393,4.0,0.556666666666672,0.0,0.0,2793.3,0.0,0.0
5235,user110,2026-07-24T21:06:04+00:00,0,,21.1,16,21.188541666666673,1.0351918560438176,2026-06-25T20:55:05+00:00,-0.688354575693754,0.7253743710122875,4.0,0.0885416666666714,0.0,0.0,25.316666666666666,1.0,0.0
5233,user110,2026-07-26T21:50:13+00:00,0,,21.833333333333332,17,21.18333333333334,1.0044996803598978,2026-06-25T20:55:05+00:00,-0.537299608346825,0.8433914458128849,6.0,0.6499999999999915,0.0,0.0,2924.15,0.0,0.0
5255,user110,2026-07-28T21:00:20+00:00,0,,21.0,18,21.21944444444445,0.9874873026219151,2026-06-25T20:55:05+00:00,-0.7071067811865477,0.7071067811865474,1.0,0.21944444444444855,0.0,0.0,2830.116666666667,0.0,0.0
5258,user110,2026-07-29T09:32:31+00:00,1,unusual_hour,9.533333333333333,19,21.20789473684211,0.9623978402691659,2026-06-25T20:55:05+00:00,0.6018150231520486,-0.7986355100472926,2.0,11.674561403508777,0.0,0.0,752.1833333333333,1.0,0.0
5262,user110,2026-07-30T09:36:32+00:00,1,unusual_hour+unusual_location,9.6,20,20.624166666666675,2.7118130210453506,2026-06-25T20:55:05+00:00,0.5877852522924732,-0.8090169943749473,3.0,11.024166666666675,1.0,0.0,1444.0166666666667,0.0,7327.501390850381
5263,user110,2026-08-01T20:28:14+00:00,1,unusual_device+unusual_location,20.466666666666665,21,20.099206349206355,3.537712456238985,2026-06-25T20:55:05+00:00,-0.798635510047293,0.6018150231520479,5.0,0.36746031746030994,1.0,1.0,3531.7,0.0,13699.536276697454
5247,user110,2026-08-05T22:30:11+00:00,0,,22.5,22,20.115909090909096,3.457222265014984,2026-06-25T20:55:05+00:00,-0.38268343236508956,0.9238795325112868,2.0,2.3840909090909044,0.0,0.0,5881.95,0.0,0.0
5226,user110,2026-08-09T20:51:41+00:00,0,,20.85,23,20.21956521739131,3.4160061297657145,2026-06-25T20:55:05+00:00,-0.7343225094356852,0.6788007455329421,6.0,0.6304347826086918,0.0,0.0,5661.5,0.0,0.0
5234,user110,2026-08-13T21:58:34+00:00,0,,21.966666666666665,24,20.24583333333334,3.3464542111071887,2026-06-25T20:55:05+00:00,-0.5075383629607049,0.8616291604415253,3.0,1.7208333333333243,0.0,0.0,5826.883333333333,0.0,0.0
5242,user110,2026-08-13T23:17:34+00:00,0,,23.283333333333335,25,20.31466666666667,3.2961368633936035,2026-06-25T20:55:05+00:00,-0.18652403600873388,0.9824503977255099,3.0,2.968666666666664,0.0,0.0,79.0,1.0,0.0
5261,user110,2026-08-17T20:07:56+00:00,1,unusual_device,20.116666666666667,26,20.42884615384616,3.2821602671207883,2026-06-25T20:55:05+00:00,-0.8503522249955628,0.5262139236518695,0.0,0.31217948717949184,0.0,1.0,5570.366666666667,0.0,0.0
5257,user110,2026-08-19T19:24:39+00:00,0,,19.4,27,20.41728395061729,3.2213456070709166,2026-06-25T20:55:05+00:00,-0.9335804264972021,0.35836794954529955,2.0,1.0172839506172906,0.0,0.0,2836.7166666666667,0.0,0.0
5232,user110,2026-08-22T19:43:18+00:00,0,,19.716666666666665,28,20.380952380952383,3.168926869725607,2026-06-25T20:55:05+00:00,-0.9006982393225882,0.43444525740441653,5.0,0.6642857142857181,0.0,0.0,4338.65,0.0,0.0
5239,user110,2026-08-24T22:16:01+00:00,0,,22.266666666666666,29,20.358045977011496,3.116169118468638,2026-06-25T20:55:05+00:00,-0.4383711467890778,0.8987940462991668,0.0,1.9086206896551694,0.0,0.0,3032.7166666666667,0.0,0.0
5250,user110,2026-08-31T20:52:02+00:00,0,,20.866666666666667,30,20.42166666666667,3.0828893073676005,2026-06-25T20:55:05+00:00,-0.7313537016191703,0.6819983600624986,0.0,0.44499999999999673,0.0,0.0,9996.016666666666,0.0,0.0
5260,user110,2026-09-04T19:39:00+00:00,1,unusual_location,19.65,31,20.43602150537635,3.0337766920883724,2026-06-25T20:55:05+00:00,-0.9081431738250815,0.4186597375374277,4.0,0.7860215053763504,0.0,0.0,5686.966666666666,0.0,7327.501390850381
5264,user110,2026-09-05T21:11:47+00:00,0,,21.183333333333334,32,20.411458333333336,2.9891279778069615,2026-06-25T20:55:05+00:00,-0.6723668074346685,0.7402181274868317,5.0,0.7718749999999979,0.0,0.0,1532.7833333333333,0.0,0.0
5265,user110,2026-09-05T21:12:27.010487+00:00,1,rapid_fire,21.2,33,20.434848484848487,2.946462135927985,2026-06-25T20:55:05+00:00,-0.6691306063588588,0.7431448254773937,5.0,0.765151515151512,0.0,0.0,0.66684145,1.0,0.0
5266,user110,2026-09-05T21:13:08.579009+00:00,1,rapid_fire,21.216666666666665,34,20.457352941176474,2.9056857469014523,2026-06-25T20:55:05+00:00,-0.6658816660008344,0.7460573750616993,5.0,0.7593137254901912,0.0,0.0,0.6928087,2.0,0.0
5267,user110,2026-09-05T21:14:08.692818+00:00,1,rapid_fire,21.233333333333334,35,20.479047619047623,2.8666676158834057,2026-06-25T20:55:05+00:00,-0.6626200482157372,0.7489557207890024,5.0,0.7542857142857109,0.0,0.0,1.0018968166666666,3.0,0.0
5248,user110,2026-09-07T20:54:43+00:00,0,,20.9,36,20.500000000000004,2.8292890526084244,2026-06-25T20:55:05+00:00,-0.7253743710122879,0.6883545756937537,0.0,0.399999999999995,0.0,0.0,2860.5717863666664,0.0,0.0
5228,user110,2026-09-07T21:22:05+00:00,0,,21.366666666666667,37,20.510810810810813,2.79154723750512,2026-06-25T20:55:05+00:00,-0.6360782202777646,0.7716245833877194,0.0,0.8558558558558538,0.0,0.0,27.366666666666667,1.0,0.0
5237,user110,2026-09-08T22:48:53+00:00,0,,22.8,38,20.533333333333335,2.757976205216066,2026-06-25T20:55:05+00:00,-0.3090169943749468,0.9510565162951538,1.0,2.2666666666666657,0.0,0.0,1526.8,0.0,0.0
5236,user110,2026-09-10T19:39:26+00:00,0,,19.65,39,20.591452991452993,2.745861614953302,2026-06-25T20:55:05+00:00,-0.9081431738250815,0.4186597375374277,3.0,0.9414529914529943,0.0,0.0,2690.55,0.0,0.0
5238,user110,2026-09-11T20:49:44+00:00,0,,20.816666666666666,40,20.56791666666667,2.7153022839189664,2026-06-25T20:55:05+00:00,-0.7402181274868326,0.6723668074346675,4.0,0.24874999999999758,0.0,0.0,1510.3,0.0,0.0
5253,user110,2026-09-17T21:48:41+00:00,0,,21.8,41,20.573983739837402,2.6822589092226297,2026-06-25T20:55:05+00:00,-0.544639035015027,0.838670567945424,3.0,1.2260162601625986,0.0,0.0,8698.95,0.0,0.0
5309,user111,2026-06-23T07:37:38+00:00,0,,7.616666666666667,0,,,,0.9117620435770886,-0.4107188526134773,1.0,0.0,1.0,1.0,1440.0,0.0,0.0
5321,user111,2026-06-24T08:12:29+00:00,1,unusual_location,8.2,1,7.616666666666667,0.0,2026-06-23T07:37:38+00:00,0.8386705679454243,-0.5446390350150268,2.0,0.5833333333333321,1.0,0.0,1474.85,0.0,16854.549124485653
5290,user111,2026-06-24T08:24:31+00:00,0,,8.4,2,7.908333333333333,0.2916666666666661,2026-06-23T07:37:38+00:00,0.8090169943749475,-0.587785252292473,2.0,0.49166666666666714,0.0,0.0,12.033333333333333,1.0,0.0
5292,user111,2026-06-25T09:44:12+00:00,0,,9.733333333333333,3,8.072222222222223,0.3323132539719594,2026-06-23T07:37:38+00:00,0.5591929034707469,-0.8290375725550416,3.0,1.6611111111111097,0.0,0.0,1519.6833333333334,0.0,0.0
5278,user111,2026-06-27T08:34:51+00:00,0,,8.566666666666666,4,8.4875,0.7747199314734464,2026-06-23T07:37:38+00:00,0.782608156852414,-0.6225146366376194,5.0,0.07916666666666572,0.0,0.0,2810.65,0.0,0.0
5311,user111,2026-06-27T09:41:13+00:00,0,,9.683333333333334,5,8.503333333333334,0.6936537721050431,2026-06-23T07:37:38+00:00,0.5699967625963032,-0.8216469379421636,5.0,1.1799999999999997,0.0,0.0,66.36666666666666,1.0,0.0
5303,user111,2026-06-28T09:58:34+00:00,0,,9.966666666666667,6,8.700000000000001,0.770942184506628,2026-06-23T07:37:38+00:00,0.5075383629607044,-0.8616291604415256,6.0,1.2666666666666657,0.0,0.0,1457.35,0.0,0.0
5282,user111,2026-07-02T10:08:59+00:00,0,,10.133333333333333,7,8.880952380952381,0.8401827357655345,2026-06-23T07:37:38+00:00,0.4694715627858911,-0.8829475928589268,3.0,1.2523809523809515,0.0,0.0,5770.416666666667,0.0,0.0
5291,user111,2026-07-04T07:38:43+00:00,0,,7.633333333333333,8,9.037500000000001,0.8883798455615705,2026-06-23T07:37:38+00:00,0.9099612708765433,-0.4146932426562388,5.0,1.4041666666666686,0.0,0.0,2729.733333333333,0.0,0.0
5286,user111,2026-07-06T07:36:25+00:00,0,,7.6,9,8.881481481481481,0.9467111506386117,2026-06-23T07:37:38+00:00,0.913545457642601,-0.4067366430758001,0.0,1.2814814814814817,0.0,0.0,2877.7,0.0,0.0
5320,user111,2026-07-08T19:59:20+00:00,1,unusual_hour,19.983333333333334,10,8.753333333333334,0.97695103937369,2026-06-23T07:37:38+00:00,-0.8681988144891425,0.49621650367520775,2.0,11.23,0.0,0.0,3622.9166666666665,0.0,0.0
5325,user111,2026-07-09T07:19:00+00:00,0,,7.316666666666666,11,9.774242424242424,3.3600923180286184,2026-06-23T07:37:38+00:00,0.9411760152563707,-0.3379167180033268,3.0,2.457575757575757,0.0,0.0,679.6666666666666,1.0,0.0
5326,user111,2026-07-09T07:19:37.148015+00:00,1,rapid_fire,7.316666666666666,12,9.569444444444445,3.2879679172235488,2026-06-23T07:37:38+00:00,0.9411760152563707,-0.3379167180033268,3.0,2.252777777777778,0.0,0.0,0.6191335833333333,2.0,0.0
5327,user111,2026-07-09T07:21:05.004709+00:00,1,rapid_fire,7.35,13,9.396153846153846,3.215508319707654,2026-06-23T07:37:38+00:00,0.9381913359224842,-0.3461170570774929,3.0,2.046153846153846,0.0,0.0,1.4642782333333335,3.0,0.0
5328,user111,2026-07-09T07:21:45.545449+00:00,1,rapid_fire,7.35,14,9.25,3.1430321019122274,2026-06-23T07:37:38+00:00,0.9381913359224842,-0.3461170570774929,3.0,1.9000000000000004,0.0,0.0,0.675679,4.0,0.0
5280,user111,2026-07-10T08:08:20+00:00,0,,8.133333333333333,15,9.123333333333333,3.0732224612442716,2026-06-23T07:37:38+00:00,0.8480480961564261,-0.5299192642332048,4.0,0.9900000000000002,0.0,0.0,1486.5742425166668,0.0,0.0
5293,user111,2026-07-10T08:44:32+00:00,0,,8.733333333333333,16,9.061458333333333,2.985268917895468,2026-06-23T07:37:38+00:00,0.7547095802227721,-0.6560590289905072,4.0,0.328125,0.0,0.0,36.2,1.0,0.0
5297,user111,2026-07-10T09:28:44+00:00,0,,9.466666666666667,17,9.042156862745097,2.8971651551436266,2026-06-23T07:37:38+00:00,0.6156614753256584,-0.7880107536067219,4.0,0.4245098039215698,0.0,0.0,44.2,2.0,0.0
5289,user111,2026-07-11T07:47:21+00:00,0,,7.783333333333333,18,9.06574074074074,2.817217085285432,2026-06-23T07:37:38+00:00,0.8929789434111371,-0.4500984410374348,5.0,1.2824074074074066,0.0,0.0,1338.6166666666666,3.0,0.0
5281,user111,2026-07-11T09:38:30+00:00,0,,9.633333333333333,19,8.998245614035087,2.756989494752686,2026-06-23T07:37:38+00:00,0.5807029557109399,-0.8141155183563191,5.0,0.6350877192982463,0.0,0.0,111.15,1.0,0.0
5284,user111,2026-07-14T06:11:01+00:00,0,,6.183333333333334,20,9.029999999999998,2.6907433917042334,2026-06-23T07:37:38+00:00,0.9988483864849507,-0.04797812852134379,1.0,2.846666666666664,0.0,0.0,4112.516666666666,0.0,0.0
5323,user111,2026-07-14T08:11:50+00:00,1,unusual_device,8.183333333333334,21,8.894444444444442,2.694965585341089,2026-06-23T07:37:38+00:00,0.8410390129643925,-0.5409744713679938,1.0,0.7111111111111086,0.0,1.0,120.81666666666666,1.0,0.0
5269,user111,2026-07-16T06:40:31+00:00,0,,6.666666666666667,22,8.862121212121211,2.637167240812515,2026-06-23T07:37:38+00:00,0.984807753012208,-0.1736481776669303,3.0,2.1954545454545444,0.0,0.0,2788.6833333333334,0.0,0.0
5271,user111,2026-07-16T06:44:03+00:00,0,,6.733333333333333,23,8.766666666666666,2.6177718518998243,2026-06-23T07:37:38+00:00,0.981627183447664,-0.19080899537654458,3.0,2.0333333333333323,0.0,0.0,3.533333333333333,1.0,0.0
5305,user111,2026-07-16T08:05:54+00:00,0,,8.083333333333334,24,8.681944444444442,2.5946656311853213,2026-06-23T07:37:38+00:00,0.8549118706729465,-0.5187732581605216,3.0,0.5986111111111079,0.0,0.0,81.85,2.0,0.0
5283,user111,2026-07-18T07:09:02+00:00,0,,7.15,25,8.657999999999998,2.5449475873232092,2026-06-23T07:37:38+00:00,0.9550199444571866,-0.29654157497557104,5.0,1.5079999999999973,0.0,0.0,2823.133333333333,0.0,0.0
5304,user111,2026-07-21T08:30:24+00:00,0,,8.5,26,8.599999999999998,2.5123200705228896,2026-06-23T07:37:38+00:00,0.7933533402912352,-0.6087614290087207,1.0,0.09999999999999787,0.0,0.0,4401.366666666667,0.0,0.0
5324,user111,2026-07-23T19:05:02+00:00,1,unusual_hour+unusual_location,19.083333333333332,27,8.596296296296295,2.465429007707157,2026-06-23T07:37:38+00:00,-0.9600498543859287,0.279829014030992,3.0,10.487037037037037,0.0,0.0,3514.633333333333,0.0,16854.549124485653
5287,user111,2026-07-26T07:56:03+00:00,0,,7.933333333333334,28,8.970833333333333,3.1062457083742827,2026-06-23T07:37:38+00:00,0.8746197071393959,-0.484809620246337,6.0,1.0374999999999996,0.0,0.0,3651.016666666667,0.0,0.0
5279,user111,2026-08-01T07:06:36+00:00,0,,7.1,29,8.935057471264367,3.058085021795253,2026-06-23T07:37:38+00:00,0.9588197348681932,-0.2840153447039224,5.0,1.835057471264367,0.0,0.0,8590.55,0.0,0.0
5316,user111,2026-08-02T08:57:37+00:00,0,,8.95,30,8.873888888888889,3.0246753218269786,2026-06-23T07:37:38+00:00,0.7163019434246544,-0.69779045984168,6.0,0.07611111111111057,0.0,0.0,1551.0166666666667,0.0,0.0
5270,user111,2026-08-03T08:04:52+00:00,0,,8.066666666666666,31,8.876344086021504,2.9755207194465485,2026-06-23T07:37:38+00:00,0.8571673007021124,-0.5150380749100538,0.0,0.8096774193548377,0.0,0.0,1387.25,1.0,0.0
5322,user111,2026-08-12T08:50:52+00:00,1,unusual_location,8.833333333333334,32,8.851041666666665,2.932045578779714,2026-06-23T07:37:38+00:00,0.7372773368101241,-0.6755902076156602,2.0,0.01770833333333144,1.0,0.0,13006.0,0.0,11313.952890358567
5295,user111,2026-08-14T08:18:43+00:00,0,,8.3,33,8.850505050505049,2.887280491017954,2026-06-23T07:37:38+00:00,0.8241261886220155,-0.566406236924833,4.0,0.5505050505050484,0.0,0.0,2847.85,0.0,0.0
5302,user111,2026-08-14T09:59:24+00:00,0,,9.983333333333333,34,8.834313725490194,2.846023889570797,2026-06-23T07:37:38+00:00,0.5037739770455267,-0.8638355052043954,4.0,1.1490196078431385,0.0,0.0,100.68333333333334,1.0,0.0
5274,user111,2026-08-15T10:40:32+00:00,0,,10.666666666666666,35,8.867142857142856,2.8115958461012953,2026-06-23T07:37:38+00:00,0.3420201433256689,-0.9396926207859083,5.0,1.7995238095238104,0.0,0.0,1481.1333333333334,0.0,0.0
5306,user111,2026-08-19T07:43:36+00:00,0,,7.716666666666667,36,8.91712962962963,2.787999210989865,2026-06-23T07:37:38+00:00,0.9006982393225879,-0.43444525740441703,2.0,1.2004629629629626,0.0,0.0,5583.066666666667,0.0,0.0
5315,user111,2026-08-21T11:39:54+00:00,0,,11.65,37,8.884684684684684,2.7569469403867357,2026-06-23T07:37:38+00:00,0.09150161866340258,-0.9958049275746617,4.0,2.7653153153153163,0.0,0.0,3116.3,0.0,0.0
5319,user111,2026-08-23T19:07:16+00:00,1,unusual_hour,19.116666666666667,38,8.957456140350876,2.7562069701151652,2026-06-23T07:37:38+00:00,-0.9575713608048146,0.2881962681340887,6.0,10.15921052631579,0.0,0.0,3327.366666666667,0.0,0.0
5298,user111,2026-08-25T07:51:18+00:00,0,,7.85,39,9.217948717948717,3.1591823039006446,2026-06-23T07:37:38+00:00,0.8849876374630421,-0.465614520325111,1.0,1.3679487179487175,0.0,0.0,2204.0333333333333,0.0,0.0
5276,user111,2026-08-25T09:51:49+00:00,0,,9.85,40,9.18375,3.1267450405511337,2026-06-23T07:37:38+00:00,0.5336145159156117,-0.8457278217039732,1.0,0.6662499999999998,0.0,0.0,120.51666666666667,1.0,0.0
5268,user111,2026-08-27T09:58:31+00:00,0,,9.966666666666667,41,9.2,3.0900881842513597,2026-06-23T07:37:38+00:00,0.5075383629607044,-0.8616291604415256,3.0,0.7666666666666675,0.0,0.0,2886.7,0.0,0.0
5275,user111,2026-08-31T06:21:52+00:00,0,,6.35,42,9.218253968253967,3.0553163171648836,2026-06-23T07:37:38+00:00,0.9958049275746618,-0.09150161866340217,0.0,2.868253968253967,0.0,0.0,5543.35,0.0,0.0
5299,user111,2026-08-31T07:35:39+00:00,0,,7.583333333333333,43,9.151550387596899,3.050367059611922,2026-06-23T07:37:38+00:00,0.9153114791194472,-0.40274668985873713,0.0,1.5682170542635658,0.0,0.0,73.78333333333333,1.0,0.0
5301,user111,2026-08-31T08:05:43+00:00,0,,8.083333333333334,44,9.11590909090909,3.0245480390002712,2026-06-23T07:37:38+00:00,0.8549118706729465,-0.5187732581605216,0.0,1.0325757575757564,0.0,0.0,30.066666666666666,2.0,0.0
5273,user111,2026-09-01T07:48:45+00:00,0,,7.8,45,9.092962962962961,2.994623760635726,2026-06-23T07:37:38+00:00,0.8910065241883679,-0.45399049973954675,1.0,1.292962962962961,0.0,0.0,1423.0333333333333,1.0,0.0
5300,user111,2026-09-01T08:54:17+00:00,0,,8.9,46,9.064855072463768,2.967890213938376,2026-06-23T07:37:38+00:00,0.7253743710122875,-0.6883545756937541,1.0,0.16485507246376763,0.0,0.0,65.53333333333333,1.0,0.0
5285,user111,2026-09-02T07:34:42+00:00,0,,7.566666666666666,47,9.061347517730495,2.936243532164363,2026-06-23T07:37:38+00:00,0.917060074385124,-0.39874906892524614,2.0,1.494680851063828,0.0,0.0,1360.4166666666667,2.0,0.0
5308,user111,2026-09-04T08:29:02+00:00,0,,8.483333333333333,48,9.030208333333333,2.9133287571673,2026-06-23T07:37:38+00:00,0.7960020025346222,-0.6052939880428942,4.0,0.546875,0.0,0.0,2934.3333333333335,0.0,0.0
5312,user111,2026-09-05T06:59:32+00:00,0,,6.983333333333333,49,9.019047619047617,2.884484257732494,2026-06-23T07:37:38+00:00,0.9670459389139432,-0.2546019482055275,5.0,2.035714285714284,0.0,0.0,1350.5,1.0,0.0
5296,user111,2026-09-05T07:12:20+00:00,0,,7.2,50,8.978333333333332,2.869681070161708,2026-06-23T07:37:38+00:00,0.9510565162951536,-0.30901699437494734,5.0,1.7783333333333315,0.0,0.0,12.8,2.0,0.0
5314,user111,2026-09-06T07:39:18+00:00,0,,7.65,51,8.943464052287581,2.8520853480542545,2026-06-23T07:37:38+00:00,0.9081431738250813,-0.41865973753742824,6.0,1.2934640522875807,0.0,0.0,1466.9666666666667,0.0,0.0
5307,user111,2026-09-07T07:07:06+00:00,0,,7.116666666666666,52,8.918589743589742,2.8301087492434593,2026-06-23T07:37:38+00:00,0.9575713608048145,-0.28819626813408905,0.0,1.8019230769230754,0.0,0.0,1407.8,1.0,0.0
5294,user111,2026-09-07T07:50:52+00:00,0,,7.833333333333333,53,8.884591194968552,2.813982847496078,2026-06-23T07:37:38+00:00,0.8870108331782218,-0.4617486132350338,0.0,1.0512578616352188,0.0,0.0,43.766666666666666,1.0,0.0
5318,user111,2026-09-10T06:41:03+00:00,0,,6.683333333333334,54,8.865123456790123,2.7914059552456076,2026-06-23T07:37:38+00:00,0.9840406976462909,-0.1779435454738419,3.0,2.181790123456789,0.0,0.0,4250.183333333333,0.0,0.0
5272,user111,2026-09-11T08:19:45+00:00,0,,8.316666666666666,55,8.825454545454544,2.7812319313596796,2026-06-23T07:37:38+00:00,0.8216469379421637,-0.569996762596303,4.0,0.5087878787878779,0.0,0.0,1538.7,0.0,0.0
5310,user111,2026-09-13T05:07:19+00:00,0,,5.116666666666666,56,8.816369047619046,2.7571111000052406,2026-06-23T07:37:38+00:00,0.9733792584604485,0.22920039092241426,6.0,3.69970238095238,0.0,0.0,2687.5666666666666,0.0,0.0
5313,user111,2026-09-13T08:57:14+00:00,0,,8.95,57,8.751461988304092,2.7756482141635006,2026-06-23T07:37:38+00:00,0.7163019434246544,-0.69779045984168,6.0,0.19853801169590746,0.0,0.0,229.91666666666666,1.0,0.0
5277,user111,2026-09-15T10:29:25+00:00,0,,10.483333333333333,58,8.754885057471263,2.751737536457072,2026-06-23T07:37:38+00:00,0.3867109616368213,-0.9222009716704516,1.0,1.7284482758620694,0.0,0.0,2972.1833333333334,0.0,0.0
5317,user111,2026-09-16T08:19:41+00:00,0,,8.316666666666666,59,8.78418079096045,2.7374253229223258,2026-06-23T07:37:38+00:00,0.8216469379421637,-0.569996762596303,2.0,0.4675141242937837,0.0,0.0,1310.2666666666667,1.0,0.0
5288,user111,2026-09-19T07:02:56+00:00,0,,7.033333333333333,60,8.776388888888887,2.7151773212448704,2026-06-23T07:37:38+00:00,0.963630453208623,-0.26723837607825685,5.0,1.7430555555555536,0.0,0.0,4243.25,0.0,0.0
5353,user112,2026-06-22T19:44:36+00:00,0,,19.733333333333334,0,,,,-0.898794046299167,0.4383711467890774,0.0,0.0,1.0,1.0,1440.0,0.0,0.0
5355,user112,2026-06-27T18:02:19+00:00,0,,18.033333333333335,1,19.733333333333334,0.0,2026-06-22T19:44:36+00:00,-0.9999619230641713,0.008726535498374096,5.0,1.6999999999999993,0.0,0.0,7097.716666666666,0.0,0.0
5331,user112,2026-06-28T17:01:35+00:00,0,,17.016666666666666,2,18.883333333333333,0.8499999999999996,2026-06-22T19:44:36+00:00,-0.9670459389139431,-0.25460194820552773,6.0,1.8666666666666671,0.0,0.0,1379.2666666666667,1.0,0.0
5332,user112,2026-06-29T19:06:51+00:00,0,,19.1,3,18.26111111111111,1.1207085501239782,2026-06-22T19:44:36+00:00,-0.9588197348681929,0.28401534470392314,0.0,0.8388888888888921,0.0,1.0,1565.2666666666667,0.0,0.0
5354,user112,2026-07-04T20:55:39+00:00,0,,20.916666666666668,4,18.47083333333333,1.036311233279956,2026-06-22T19:44:36+00:00,-0.7223639620597554,0.6915130557822695,5.0,2.4458333333333364,0.0,0.0,7308.8,0.0,0.0
5343,user112,2026-07-06T20:13:02+00:00,0,,20.216666666666665,5,18.96,1.3476976251700121,2026-06-22T19:44:36+00:00,-0.8362861558477599,0.5482932295199132,0.0,1.2566666666666642,0.0,0.0,2837.383333333333,0.0,0.0
5348,user112,2026-07-13T21:06:17+00:00,0,,21.1,6,19.169444444444444,1.3163999964362216,2026-06-22T19:44:36+00:00,-0.688354575693754,0.7253743710122875,0.0,1.9305555555555571,0.0,0.0,10133.25,0.0,0.0
5357,user112,2026-07-15T19:07:37+00:00,0,,19.116666666666667,7,19.445238095238096,1.393457339142132,2026-06-22T19:44:36+00:00,-0.9575713608048146,0.2881962681340887,2.0,0.3285714285714292,0.0,0.0,2761.3333333333335,0.0,0.0
5338,user112,2026-07-17T18:47:54+00:00,0,,18.783333333333335,8,19.40416666666667,1.3079816406288824,2026-06-22T19:44:36+00:00,-0.9790454724845837,0.20364175114017785,4.0,0.6208333333333336,0.0,0.0,2860.2833333333333,0.0,0.0
5362,user112,2026-07-17T19:58:06+00:00,1,unusual_location,19.966666666666665,9,19.335185185185185,1.2485162661899987,2026-06-22T19:44:36+00:00,-0.8703556959399003,0.4924235601034661,4.0,0.6314814814814795,1.0,0.0,70.2,1.0,7327.501390850381
5350,user112,2026-07-18T20:01:47+00:00,0,,20.016666666666666,10,19.398333333333333,1.1995010536793111,2026-06-22T19:44:36+00:00,-0.8638355052043958,0.5037739770455261,5.0,0.6183333333333323,0.0,0.0,1443.6833333333334,0.0,0.0
5349,user112,2026-07-20T20:36:20+00:00,0,,20.6,11,19.454545454545453,1.1574111417142083,2026-06-22T19:44:36+00:00,-0.7771459614569702,0.6293203910498382,0.0,1.1454545454545482,0.0,0.0,2914.55,0.0,0.0
5333,user112,2026-07-21T19:09:41+00:00,0,,19.15,12,19.55,1.1524731859980277,2026-06-22T19:44:36+00:00,-0.955019944457187,0.2965415749755698,1.0,0.40000000000000213,0.0,0.0,1353.35,1.0,0.0
5342,user112,2026-07-28T18:28:33+00:00,0,,18.466666666666665,13,19.51923076923077,1.1123787968903414,2026-06-22T19:44:36+00:00,-0.9925461516413221,0.12186934340514681,1.0,1.052564102564105,0.0,0.0,10038.866666666667,0.0,0.0
5345,user112,2026-07-29T19:48:30+00:00,0,,19.8,14,19.444047619047616,1.1056601695054586,2026-06-22T19:44:36+00:00,-0.891006524188368,0.45399049973954664,2.0,0.3559523809523846,0.0,0.0,1519.95,0.0,0.0
5364,user112,2026-08-01T19:18:42+00:00,1,unusual_device,19.3,15,19.467777777777776,1.0718531316381315,2026-06-22T19:44:36+00:00,-0.9426414910921784,0.3338068592337709,5.0,0.16777777777777558,0.0,1.0,4290.2,0.0,0.0
5334,user112,2026-08-03T18:53:23+00:00,0,,18.883333333333333,16,19.457291666666666,1.0386116659793176,2026-06-22T19:44:36+00:00,-0.9733792584604486,0.22920039092241382,0.0,0.5739583333333336,0.0,0.0,2854.6833333333334,0.0,0.0
5352,user112,2026-08-05T20:44:05+00:00,0,,20.733333333333334,17,19.423529411764704,1.0166113585651633,2026-06-22T19:44:36+00:00,-0.7547095802227722,0.656059028990507,2.0,1.30980392156863,0.0,0.0,2990.7,0.0,0.0
5330,user112,2026-08-05T20:45:00+00:00,0,,20.75,18,19.496296296296297,1.0325199241128409,2026-06-22T19:44:36+00:00,-0.7518398074789772,0.6593458151000691,2.0,1.253703703703703,0.0,0.0,0.9166666666666666,1.0,0.0
5356,user112,2026-08-09T17:11:19+00:00,0,,17.183333333333334,19,19.562280701754386,1.0432439581872712,2026-06-22T19:44:36+00:00,-0.9772311064626789,-0.21217767215644648,6.0,2.378947368421052,0.0,0.0,5546.316666666667,0.0,0.0
5361,user112,2026-08-12T07:21:01+00:00,1,unusual_hour,7.35,20,19.443333333333335,1.1413856101734907,2026-06-22T19:44:36+00:00,0.9381913359224842,-0.3461170570774929,2.0,11.906666666666665,0.0,0.0,3729.7,0.0,0.0
5336,user112,2026-08-12T17:18:23+00:00,0,,17.3,21,18.86746031746032,2.8059435981392293,2026-06-22T19:44:36+00:00,-0.9832549075639545,-0.18223552549214778,2.0,1.5674603174603199,0.0,0.0,597.3666666666667,1.0,0.0
5341,user112,2026-08-13T19:44:14+00:00,0,,19.733333333333334,22,18.796212121212122,2.760804906686159,2026-06-22T19:44:36+00:00,-0.898794046299167,0.4383711467890774,3.0,0.9371212121212125,0.0,0.0,1585.85,0.0,0.0
5365,user112,2026-08-19T07:13:45+00:00,1,unusual_device+unusual_hour,7.216666666666667,23,18.836956521739133,2.706875110315203,2026-06-22T19:44:36+00:00,0.949699126201877,-0.3131638064837494,2.0,11.620289855072466,0.0,0.0,7889.516666666666,0.0,0.0
5358,user112,2026-08-20T18:41:54+00:00,0,,18.683333333333334,24,18.352777777777778,3.5233141052070023,2026-06-22T19:44:36+00:00,-0.984040697646291,0.1779435454738411,3.0,0.3305555555555557,0.0,0.0,2128.15,0.0,0.0
5359,user112,2026-08-21T20:15:57+00:00,0,,20.25,25,18.366,3.452736370539234,2026-06-22T19:44:36+00:00,-0.8314696123025455,0.5555702330196018,4.0,1.8840000000000003,0.0,0.0,1534.05,0.0,0.0
5329,user112,2026-08-24T19:07:35+00:00,0,,19.116666666666667,26,18.43846153846154,3.4050169409532796,2026-06-22T19:44:36+00:00,-0.9575713608048146,0.2881962681340887,0.0,0.6782051282051285,0.0,0.0,4251.633333333333,0.0,0.0
5351,user112,2026-08-25T18:45:29+00:00,0,,18.75,27,18.463580246913583,3.3438200384174013,2026-06-22T19:44:36+00:00,-0.9807852804032304,0.1950903220161283,1.0,0.28641975308641676,0.0,0.0,1417.9,1.0,0.0
5344,user112,2026-08-27T18:39:04+00:00,0,,18.65,28,18.473809523809525,3.2839962727254086,2026-06-22T19:44:36+00:00,-0.9855560590580777,0.1693495038490245,3.0,0.1761904761904738,0.0,0.0,2873.5833333333335,0.0,0.0
5363,user112,2026-09-03T18:20:48+00:00,1,unusual_location,18.333333333333332,29,18.479885057471265,3.227039078294816,2026-06-22T19:44:36+00:00,-0.9961946980917455,0.08715574274765789,3.0,0.14655172413793238,1.0,0.0,10061.733333333334,0.0,17257.730641387905
5337,user112,2026-09-04T19:44:42+00:00,0,,19.733333333333334,30,18.475,3.1729083223790475,2026-06-22T19:44:36+00:00,-0.898794046299167,0.4383711467890774,4.0,1.2583333333333329,0.0,0.0,1523.9,0.0,0.0
5335,user112,2026-09-06T21:12:28+00:00,0,,21.2,31,18.515591397849462,3.129220978678672,2026-06-22T19:44:36+00:00,-0.6691306063588588,0.7431448254773937,6.0,2.684408602150537,0.0,0.0,2967.766666666667,0.0,0.0
5339,user112,2026-09-08T15:26:15+00:00,0,,15.433333333333334,32,18.59947916666667,3.115152496420498,2026-06-22T19:44:36+00:00,-0.7826081568524138,-0.6225146366376196,1.0,3.166145833333335,0.0,0.0,2533.7833333333333,0.0,0.0
5346,user112,2026-09-08T18:26:49+00:00,0,,18.433333333333334,33,18.503535353535355,3.1152329051716072,2026-06-22T19:44:36+00:00,-0.9935718556765876,0.11320321376790658,1.0,0.07020202020202149,0.0,0.0,180.56666666666666,1.0,0.0
5347,user112,2026-09-08T19:13:44+00:00,0,,19.216666666666665,34,18.501470588235293,3.0691016751277895,2026-06-22T19:44:36+00:00,-0.9496991262018771,0.3131638064837491,1.0,0.7151960784313722,0.0,0.0,46.916666666666664,2.0,0.0
5360,user112,2026-09-11T20:55:35+00:00,0,,20.916666666666668,35,18.52190476190476,3.02728536635422,2026-06-22T19:44:36+00:00,-0.7223639620597554,0.6915130557822695,4.0,2.394761904761907,0.0,0.0,4421.85,0.0,0.0
5340,user112,2026-09-14T16:40:47+00:00,0,,16.666666666666668,36,18.588425925925925,3.0107749388101652,2026-06-22T19:44:36+00:00,-0.9396926207859084,-0.34202014332566855,0.0,1.9217592592592574,0.0,0.0,4065.2,0.0,0.0
5389,user113,2026-06-22T12:15:38+00:00,0,,12.25,0,,,,-0.06540312923014287,-0.9978589232386035,0.0,0.0,1.0,1.0,1440.0,0.0,0.0
5384,user113,2026-06-24T08:00:37+00:00,0,,8.0,1,12.25,0.0,2026-06-22T12:15:38+00:00,0.8660254037844387,-0.4999999999999998,2.0,4.25,0.0,0.0,2624.983333333333,0.0,0.0
5388,user113,2026-06-24T09:53:50+00:00,0,,9.883333333333333,2,10.125,2.125,2026-06-22T12:15:38+00:00,0.5262139236518698,-0.8503522249955627,2.0,0.24166666666666714,0.0,0.0,113.21666666666667,1.0,0.0
5367,user113,2026-06-25T10:22:56+00:00,0,,10.366666666666667,3,10.044444444444444,1.7387912645652426,2026-06-22T12:15:38+00:00,0.4146932426562392,-0.9099612708765431,3.0,0.32222222222222285,0.0,0.0,1469.1,0.0,0.0
5399,user113,2026-06-26T10:16:16+00:00,1,unusual_device,10.266666666666667,4,10.125,1.5122876343106457,2026-06-22T12:15:38+00:00,0.4383711467890773,-0.898794046299167,4.0,0.1416666666666675,0.0,1.0,1433.3333333333333,1.0,0.0
5396,user113,2026-06-28T22:39:02+00:00,1,unusual_hour,22.65,5,10.153333333333332,1.3538176473300318,2026-06-22T12:15:38+00:00,-0.3461170570774934,0.9381913359224839,6.0,11.503333333333334,0.0,0.0,3622.766666666667,0.0,0.0
5390,user113,2026-07-11T11:00:20+00:00,0,,11.0,6,12.236111111111109,4.818419679716218,2026-06-22T12:15:38+00:00,0.258819045102521,-0.9659258262890682,5.0,1.236111111111109,0.0,0.0,18021.3,0.0,0.0
5371,user113,2026-07-14T11:24:34+00:00,0,,11.4,7,12.059523809523808,4.481911237928658,2026-06-22T12:15:38+00:00,0.15643446504023054,-0.9876883405951378,1.0,0.6595238095238081,0.0,0.0,4344.233333333334,0.0,0.0
5372,user113,2026-07-18T11:59:56+00:00,0,,11.983333333333333,8,11.977083333333333,4.198114139275978,2026-06-22T12:15:38+00:00,0.004363309284746866,-0.9999904807207345,5.0,0.006249999999999645,0.0,0.0,5795.366666666667,0.0,0.0
5373,user113,2026-07-20T11:47:35+00:00,0,,11.783333333333333,9,11.977777777777778,3.9580204554708813,2026-06-22T12:15:38+00:00,0.056692787563378096,-0.9983916705573488,0.0,0.19444444444444464,0.0,0.0,2867.65,0.0,0.0
5377,user113,2026-07-20T13:24:11+00:00,0,,13.4,10,11.958333333333332,3.755360982796608,2026-06-22T12:15:38+00:00,-0.35836794954530043,-0.9335804264972017,0.0,1.4416666666666682,0.0,0.0,96.6,1.0,0.0
5387,user113,2026-07-21T09:44:40+00:00,0,,9.733333333333333,11,12.089393939393938,3.6045024644920027,2026-06-22T12:15:38+00:00,0.5591929034707469,-0.8290375725550416,1.0,2.3560606060606055,0.0,0.0,1220.4833333333333,2.0,0.0
5393,user113,2026-07-22T11:17:09+00:00,0,,11.283333333333333,12,11.893055555555554,3.5119469271524877,2026-06-22T12:15:38+00:00,0.18652403600873463,-0.9824503977255098,2.0,0.6097222222222207,0.0,0.0,1532.4833333333333,0.0,0.0
5383,user113,2026-07-23T10:22:59+00:00,0,,10.366666666666667,13,11.846153846153843,3.3780788669053026,2026-06-22T12:15:38+00:00,0.4146932426562392,-0.9099612708765431,3.0,1.479487179487176,0.0,0.0,1385.8333333333333,1.0,0.0
5382,user113,2026-07-26T11:48:15+00:00,0,,11.8,14,11.740476190476189,3.277422249060907,2026-06-22T12:15:38+00:00,0.05233595624294381,-0.9986295347545738,6.0,0.05952380952381198,0.0,0.0,4405.266666666666,0.0,0.0
5395,user113,2026-07-30T12:43:50+00:00,0,,12.716666666666667,15,11.744444444444444,3.1663255176861735,2026-06-22T12:15:38+00:00,-0.18652403600873438,-0.9824503977255098,3.0,0.9722222222222232,0.0,0.0,5815.583333333333,0.0,0.0
5366,user113,2026-07-31T11:02:14+00:00,0,,11.033333333333333,16,11.805208333333333,3.0748007994985986,2026-06-22T12:15:38+00:00,0.2503800040544418,-0.9681476403781076,4.0,0.7718749999999996,0.0,0.0,1338.4,1.0,0.0
5380,user113,2026-08-01T10:18:42+00:00,0,,10.3,17,11.759803921568627,2.988518655187369,2026-06-22T12:15:38+00:00,0.4305110968082947,-0.9025852843498609,5.0,1.4598039215686267,0.0,0.0,1396.4666666666667,1.0,0.0
5402,user113,2026-08-02T23:47:04+00:00,1,unusual_device+unusual_hour,23.783333333333335,18,11.678703703703704,2.9235041841388973,2026-06-22T12:15:38+00:00,-0.056692787563377776,0.9983916705573488,6.0,11.895370370370369,0.0,1.0,2248.366666666667,0.0,0.0
5376,user113,2026-08-05T10:56:23+00:00,0,,10.933333333333334,19,12.31578947368421,3.924646494619032,2026-06-22T12:15:38+00:00,0.2756373558169992,-0.9612616959383189,2.0,1.382456140350877,0.0,0.0,3549.3166666666666,0.0,0.0
5398,user113,2026-08-08T11:52:48+00:00,1,unusual_location,11.866666666666667,20,12.246666666666666,3.8371198689758037,2026-06-22T12:15:38+00:00,0.0348994967025007,-0.9993908270190958,5.0,0.379999999999999,1.0,0.0,4376.416666666667,0.0,13699.536276697454
5397,user113,2026-08-14T11:47:12+00:00,1,unusual_location,11.783333333333333,21,12.22857142857143,3.7455198735562516,2026-06-22T12:15:38+00:00,0.056692787563378096,-0.9983916705573488,4.0,0.4452380952380963,1.0,0.0,8634.4,0.0,7327.501390850381
5381,user113,2026-08-15T11:19:37+00:00,0,,11.316666666666666,22,12.208333333333336,3.6605794857805196,2026-06-22T12:15:38+00:00,0.17794354547384186,-0.9840406976462909,5.0,0.8916666666666693,0.0,0.0,1412.4166666666667,1.0,0.0
5394,user113,2026-08-18T09:48:00+00:00,0,,9.8,23,12.169565217391305,3.584732292384681,2026-06-22T12:15:38+00:00,0.5446390350150269,-0.8386705679454242,1.0,2.3695652173913047,0.0,0.0,4228.383333333333,0.0,0.0
5378,user113,2026-08-22T11:17:35+00:00,0,,11.283333333333333,24,12.070833333333335,3.5410563199575225,2026-06-22T12:15:38+00:00,0.18652403600873463,-0.9824503977255098,5.0,0.7875000000000014,0.0,0.0,5849.583333333333,0.0,0.0
5392,user113,2026-08-26T13:46:39+00:00,0,,13.766666666666667,25,12.039333333333337,3.4729426523722884,2026-06-22T12:15:38+00:00,-0.44619781310980877,-0.8949343616020251,2.0,1.7273333333333305,0.0,0.0,5909.066666666667,0.0,0.0
5374,user113,2026-08-26T13:46:52+00:00,0,,13.766666666666667,26,12.105769230769234,3.42166283333647,2026-06-22T12:15:38+00:00,-0.44619781310980877,-0.8949343616020251,2.0,1.660897435897434,0.0,0.0,0.21666666666666667,1.0,0.0
5400,user113,2026-08-28T12:29:38+00:00,1,unusual_device,12.483333333333333,27,12.167283950617286,3.372319790770724,2026-06-22T12:15:38+00:00,-0.12619896913582931,-0.9920049496797151,4.0,0.3160493827160469,0.0,0.0,2802.766666666667,0.0,0.0
5368,user113,2026-08-31T11:34:46+00:00,0,,11.566666666666666,28,12.17857142857143,3.3120716468857236,2026-06-22T12:15:38+00:00,0.11320321376790689,-0.9935718556765875,0.0,0.6119047619047642,0.0,0.0,4265.133333333333,0.0,0.0
5369,user113,2026-09-02T11:43:05+00:00,0,,11.716666666666667,29,12.157471264367818,3.2563806689996797,2026-06-22T12:15:38+00:00,0.07410849019539918,-0.9972501850994857,2.0,0.44080459770115077,0.0,0.0,2888.3166666666666,0.0,0.0
5391,user113,2026-09-10T12:04:40+00:00,0,,12.066666666666666,30,12.142777777777779,3.2026253216099576,2026-06-22T12:15:38+00:00,-0.017452406437283637,-0.9998476951563913,3.0,0.07611111111111235,0.0,0.0,11541.583333333334,0.0,0.0
5401,user113,2026-09-11T23:59:22+00:00,1,unusual_hour+unusual_location,23.983333333333334,31,12.140322580645162,3.1505753419887395,2026-06-22T12:15:38+00:00,-0.004363309284746544,0.9999904807207345,4.0,11.843010752688173,0.0,0.0,2154.7,0.0,7327.501390850381
5379,user113,2026-09-12T10:45:04+00:00,0,,10.75,32,12.510416666666668,3.7231696425894967,2026-06-22T12:15:38+00:00,0.32143946530316175,-0.9469301294951056,5.0,1.7604166666666679,0.0,0.0,645.7,1.0,0.0
5370,user113,2026-09-13T11:06:35+00:00,0,,11.1,33,12.457070707070708,3.6787222160892576,2026-06-22T12:15:38+00:00,0.23344536385590553,-0.9723699203976766,6.0,1.357070707070708,0.0,0.0,1461.5166666666667,0.0,0.0
5375,user113,2026-09-13T12:59:03+00:00,0,,12.983333333333333,34,12.4171568627451,3.631465352909347,2026-06-22T12:15:38+00:00,-0.254601948205527,-0.9670459389139433,6.0,0.566176470588232,0.0,0.0,112.46666666666667,1.0,0.0
5386,user113,2026-09-17T10:09:16+00:00,0,,10.15,35,12.433333333333335,3.5804539926733865,2026-06-22T12:15:38+00:00,0.4656145203251112,-0.884987637463042,3.0,2.283333333333335,0.0,0.0,5590.216666666666,0.0,0.0
5385,user113,2026-09-18T12:11:23+00:00,0,,12.183333333333334,36,12.369907407407409,3.550260422208586,2026-06-22T12:15:38+00:00,-0.04797812852134395,-0.9988483864849507,4.0,0.1865740740740751,0.0,0.0,1562.1166666666666,0.0,0.0
5415,user114,2026-06-24T09:50:34+00:00,0,,9.833333333333334,0,,,,0.5372996083468238,-0.8433914458128857,2.0,0.0,1.0,1.0,1440.0,0.0,0.0
5433,user114,2026-06-28T22:58:19+00:00,1,unusual_hour,22.966666666666665,1,9.833333333333334,0.0,2026-06-24T09:50:34+00:00,-0.2672383760782571,0.963630453208623,6.0,10.866666666666669,0.0,0.0,6547.75,0.0,0.0
5429,user114,2026-06-30T11:39:11+00:00,0,,11.65,2,16.4,6.5666666666666655,2026-06-24T09:50:34+00:00,0.09150161866340258,-0.9958049275746617,1.0,4.749999999999998,0.0,0.0,2200.866666666667,0.0,0.0
5410,user114,2026-07-01T11:09:56+00:00,0,,11.15,3,14.816666666666665,5.8104471683594445,2026-06-24T09:50:34+00:00,0.22069743502150113,-0.9753423205085127,2.0,3.6666666666666643,0.0,0.0,1410.75,1.0,0.0
5419,user114,2026-07-02T10:28:26+00:00,0,,10.466666666666667,4,13.899999999999999,5.2765334790519,2026-06-24T09:50:34+00:00,0.39073112848927377,-0.9205048534524404,3.0,3.433333333333332,0.0,0.0,1398.5,1.0,0.0
5417,user114,2026-07-02T10:57:06+00:00,0,,10.95,5,13.213333333333333,4.915230298662402,2026-06-24T09:50:34+00:00,0.2714404498650746,-0.9624552364536472,3.0,2.2633333333333336,0.0,0.0,28.666666666666668,2.0,0.0
5428,user114,2026-07-07T07:17:25+00:00,0,,7.283333333333333,6,12.83611111111111,4.565565729687697,2026-06-24T09:50:34+00:00,0.9440890203927843,-0.32969064526278696,1.0,5.552777777777777,0.0,0.0,6980.316666666667,0.0,0.0
5407,user114,2026-07-07T10:26:24+00:00,0,,10.433333333333334,7,12.042857142857143,4.652110437132202,2026-06-24T09:50:34+00:00,0.39874906892524614,-0.917060074385124,1.0,1.6095238095238091,0.0,0.0,188.98333333333332,1.0,0.0
5414,user114,2026-07-08T08:01:35+00:00,0,,8.016666666666667,8,11.841666666666667,4.3840858036007155,2026-06-24T09:50:34+00:00,0.8638355052043956,-0.5037739770455266,2.0,3.8249999999999993,0.0,0.0,1295.1833333333334,1.0,0.0
5418,user114,2026-07-09T08:47:00+00:00,0,,8.783333333333333,9,11.416666666666666,4.304605629976993,2026-06-24T09:50:34+00:00,0.7460573750616996,-0.6658816660008342,3.0,2.633333333333333,0.0,0.0,1485.4166666666667,0.0,0.0
5423,user114,2026-07-10T09:02:05+00:00,0,,9.033333333333333,10,11.153333333333332,4.159419029944766,2026-06-24T09:50:34+00:00,0.700909264299851,-0.7132504491541815,4.0,2.119999999999999,0.0,0.0,1455.0833333333333,0.0,0.0
5409,user114,2026-07-12T09:27:37+00:00,0,,9.45,11,10.960606060606061,4.012406723339325,2026-06-24T09:50:34+00:00,0.6190939493098342,-0.7853169308807447,6.0,1.5106060606060616,0.0,0.0,2905.5333333333333,0.0,0.0
5432,user114,2026-07-16T07:37:06+00:00,0,,7.616666666666667,12,10.83472222222222,3.8642081404175337,2026-06-24T09:50:34+00:00,0.9117620435770886,-0.4107188526134773,3.0,3.2180555555555532,0.0,0.0,5649.483333333334,0.0,0.0
5412,user114,2026-07-20T08:18:20+00:00,0,,8.3,13,10.587179487179487,3.810355625584753,2026-06-24T09:50:34+00:00,0.8241261886220155,-0.566406236924833,0.0,2.287179487179486,0.0,0.0,5801.233333333334,0.0,0.0
5427,user114,2026-07-20T09:04:15+00:00,0,,9.066666666666666,14,10.423809523809524,3.718698538583314,2026-06-24T09:50:34+00:00,0.6946583704589975,-0.719339800338651,0.0,1.3571428571428577,0.0,0.0,45.916666666666664,1.0,0.0
5434,user114,2026-07-23T07:03:25+00:00,1,unusual_location,7.05,15,10.333333333333334,3.608518727595494,2026-06-24T09:50:34+00:00,0.9624552364536473,-0.2714404498650742,3.0,3.283333333333334,1.0,0.0,4199.166666666667,0.0,17174.149725713978
5435,user114,2026-07-23T07:52:37+00:00,1,unusual_device,7.866666666666667,16,10.128125,3.5831866188472667,2026-06-24T09:50:34+00:00,0.8829475928589269,-0.4694715627858909,3.0,2.2614583333333336,0.0,1.0,49.2,1.0,0.0
5424,user114,2026-07-23T12:12:58+00:00,0,,12.2,17,9.995098039215687,3.5166911285548355,2026-06-24T09:50:34+00:00,-0.052335956242943564,-0.9986295347545738,3.0,2.204901960784312,0.0,0.0,260.35,2.0,0.0
5406,user114,2026-08-01T07:02:54+00:00,0,,7.033333333333333,18,10.117592592592594,3.454726911284026,2026-06-24T09:50:34+00:00,0.963630453208623,-0.26723837607825685,5.0,3.0842592592592606,0.0,0.0,12649.933333333332,0.0,0.0
5411,user114,2026-08-08T11:59:22+00:00,0,,11.983333333333333,19,9.955263157894738,3.432388102858221,2026-06-24T09:50:34+00:00,0.004363309284746866,-0.9999904807207345,5.0,2.028070175438595,0.0,0.0,10376.466666666667,0.0,0.0
5408,user114,2026-08-10T08:49:52+00:00,0,,8.816666666666666,20,10.056666666666667,3.374550998939628,2026-06-24T09:50:34+00:00,0.7402181274868322,-0.6723668074346679,0.0,1.2400000000000002,0.0,0.0,2690.5,0.0,0.0
5403,user114,2026-08-10T09:54:29+00:00,0,,9.9,21,9.997619047619047,3.303794858739249,2026-06-24T09:50:34+00:00,0.5224985647159489,-0.8526401643540922,0.0,0.09761904761904638,0.0,0.0,64.61666666666666,1.0,0.0
5420,user114,2026-08-13T08:43:41+00:00,0,,8.716666666666667,22,9.993181818181817,3.227899444767139,2026-06-24T09:50:34+00:00,0.7575649843840495,-0.6527597524627226,3.0,1.2765151515151505,0.0,0.0,4249.2,0.0,0.0
5413,user114,2026-08-15T10:26:38+00:00,0,,10.433333333333334,23,9.93768115942029,3.1676627624482934,2026-06-24T09:50:34+00:00,0.39874906892524614,-0.917060074385124,5.0,0.4956521739130437,0.0,0.0,2982.95,0.0,0.0
5426,user114,2026-08-20T06:26:57+00:00,0,,6.433333333333334,24,9.958333333333334,3.1025489819155445,2026-06-24T09:50:34+00:00,0.9935718556765875,-0.11320321376790671,3.0,3.5250000000000004,0.0,0.0,6960.316666666667,0.0,0.0
5425,user114,2026-08-23T08:25:27+00:00,0,,8.416666666666666,25,9.817333333333334,3.117358140762427,2026-06-24T09:50:34+00:00,0.8064446042674828,-0.5913096483635821,6.0,1.4006666666666678,0.0,0.0,4438.5,0.0,0.0
5404,user114,2026-08-25T09:07:09+00:00,0,,9.116666666666667,26,9.763461538461538,3.0686658033456937,2026-06-24T09:50:34+00:00,0.685182990326359,-0.7283709698824004,1.0,0.6467948717948708,0.0,0.0,2921.7,0.0,0.0
5422,user114,2026-08-26T11:50:25+00:00,0,,11.833333333333334,27,9.739506172839505,3.013778878852981,2026-06-24T09:50:34+00:00,0.043619387365335625,-0.9990482215818578,2.0,2.093827160493829,0.0,0.0,1603.2666666666667,0.0,0.0
5430,user114,2026-09-07T11:41:39+00:00,0,,11.683333333333334,28,9.814285714285713,2.984871624840848,2026-06-24T09:50:34+00:00,0.08280820751220419,-0.9965655024977614,0.0,1.8690476190476204,0.0,0.0,17271.233333333334,0.0,0.0
5431,user114,2026-09-14T09:49:04+00:00,0,,9.816666666666666,29,9.878735632183906,2.9527177446438975,2026-06-24T09:50:34+00:00,0.540974471367994,-0.8410390129643924,0.0,0.062068965517239505,0.0,0.0,9967.416666666666,0.0,0.0
5405,user114,2026-09-17T10:27:24+00:00,0,,10.45,30,9.876666666666665,2.903110081989339,2026-06-24T09:50:34+00:00,0.3947438563842674,-0.9187912101488982,3.0,0.5733333333333341,0.0,0.0,4358.333333333333,0.0,0.0
5421,user114,2026-09-18T08:39:27+00:00,0,,8.65,31,9.895161290322578,2.857697877726993,2026-06-24T09:50:34+00:00,0.7688418320734596,-0.6394390019805847,4.0,1.245161290322578,0.0,0.0,1332.05,1.0,0.0
5416,user114,2026-09-19T09:58:28+00:00,0,,9.966666666666667,32,9.856249999999998,2.821023350320864,2026-06-24T09:50:34+00:00,0.5075383629607044,-0.8616291604415256,5.0,0.11041666666666927,0.0,0.0,1519.0166666666667,0.0,0.0
5436,user114,2026-09-19T22:08:06+00:00,1,unusual_device+unusual_hour,22.133333333333333,33,9.859595959595957,2.7780162432076887,2026-06-24T09:50:34+00:00,-0.4694715627858916,0.8829475928589265,5.0,11.726262626262624,0.0,1.0,729.6333333333333,1.0,0.0
5476,user115,2026-06-23T09:35:16+00:00,1,unusual_device+unusual_location,9.583333333333334,0,,,,0.5913096483635822,-0.8064446042674827,1.0,0.0,1.0,1.0,1440.0,0.0,0.0
5466,user115,2026-06-25T10:07:09+00:00,0,,10.116666666666667,1,9.583333333333334,0.0,2026-06-23T09:35:16+00:00,0.4733196671848435,-0.8808907382053855,3.0,0.5333333333333332,1.0,1.0,2911.883333333333,0.0,11028.039472221959
5452,user115,2026-06-26T10:45:54+00:00,0,,10.75,2,9.850000000000001,0.2666666666666666,2026-06-23T09:35:16+00:00,0.32143946530316175,-0.9469301294951056,4.0,0.8999999999999986,0.0,0.0,1478.75,0.0,11028.039472221959
5451,user115,2026-06-27T08:43:02+00:00,0,,8.716666666666667,3,10.15,0.47687252741944275,2026-06-23T09:35:16+00:00,0.7575649843840495,-0.6527597524627226,5.0,1.4333333333333336,0.0,0.0,1317.1333333333334,1.0,11028.039472221959
5437,user115,2026-07-01T12:23:36+00:00,0,,12.383333333333333,4,9.791666666666668,0.7454957336490189,2026-06-23T09:35:16+00:00,-0.10018806161207613,-0.9949685182509117,2.0,2.591666666666665,0.0,0.0,5980.566666666667,0.0,11028.039472221959
5440,user115,2026-07-02T09:06:03+00:00,0,,9.1,5,10.31,1.2325943732180868,2026-06-23T09:35:16+00:00,0.6883545756937542,-0.7253743710122874,3.0,1.2100000000000009,0.0,0.0,1242.45,1.0,11028.039472221959
5474,user115,2026-07-03T12:01:41+00:00,1,unusual_device,12.016666666666667,6,10.108333333333334,1.212196888420481,2026-06-23T09:35:16+00:00,-0.0043633092847466205,-0.9999904807207345,4.0,1.9083333333333332,0.0,1.0,1615.6333333333334,0.0,11028.039472221959
5459,user115,2026-07-04T10:53:07+00:00,0,,10.883333333333333,7,10.380952380952381,1.3059214520798208,2026-06-23T09:35:16+00:00,0.28819626813408944,-0.9575713608048144,5.0,0.5023809523809515,0.0,0.0,1371.4333333333334,1.0,11028.039472221959
5450,user115,2026-07-05T12:54:27+00:00,0,,12.9,8,10.443750000000001,1.232824712127938,2026-06-23T09:35:16+00:00,-0.23344536385590528,-0.9723699203976767,6.0,2.456249999999999,0.0,0.0,1561.3333333333333,0.0,11028.039472221959
5467,user115,2026-07-08T10:59:58+00:00,0,,10.983333333333333,9,10.716666666666669,1.3952963311970157,2026-06-23T09:35:16+00:00,0.2630312144579752,-0.9647873238288129,2.0,0.26666666666666394,0.0,0.0,4205.516666666666,0.0,11028.039472221959
5441,user115,2026-07-10T09:58:49+00:00,0,,9.966666666666667,10,10.743333333333336,1.3261095982861548,2026-06-23T09:35:16+00:00,0.5075383629607044,-0.8616291604415256,4.0,0.7766666666666691,0.0,0.0,2818.85,0.0,11028.039472221959
5439,user115,2026-07-16T10:48:11+00:00,0,,10.8,11,10.672727272727274,1.283958382362932,2026-06-23T09:35:16+00:00,0.3090169943749475,-0.9510565162951535,3.0,0.12727272727272698,0.0,0.0,8689.366666666667,0.0,11028.039472221959
5454,user115,2026-07-19T08:19:18+00:00,0,,8.316666666666666,12,10.683333333333335,1.2297997428066927,2026-06-23T09:35:16+00:00,0.8216469379421637,-0.569996762596303,6.0,2.366666666666669,0.0,0.0,4171.116666666667,0.0,11028.039472221959
5463,user115,2026-07-24T10:39:35+00:00,0,,10.65,13,10.501282051282052,1.33932087552855,2026-06-23T09:35:16+00:00,0.34611705707749285,-0.9381913359224842,4.0,0.1487179487179482,0.0,0.0,7340.283333333334,0.0,11028.039472221959
5458,user115,2026-07-24T11:36:39+00:00,0,,11.6,14,10.511904761904763,1.2911700822919867,2026-06-23T09:35:16+00:00,0.10452846326765373,-0.9945218953682733,4.0,1.088095238095237,0.0,0.0,57.06666666666667,1.0,11028.039472221959
5445,user115,2026-07-27T11:08:57+00:00,0,,11.133333333333333,15,10.584444444444445,1.2765762466771216,2026-06-23T09:35:16+00:00,0.2249510543438652,-0.9743700647852351,0.0,0.5488888888888876,0.0,0.0,4292.3,0.0,11028.039472221959
5468,user115,2026-07-30T08:39:43+00:00,0,,8.65,16,10.61875,1.2431601057832862,2026-06-23T09:35:16+00:00,0.7688418320734596,-0.6394390019805847,3.0,1.96875,0.0,0.0,4170.766666666666,0.0,11028.039472221959
5465,user115,2026-08-03T10:46:42+00:00,0,,10.766666666666667,17,10.50294117647059,1.291946336505148,2026-06-23T09:35:16+00:00,0.31730465640509214,-0.9483236552061993,0.0,0.2637254901960784,0.0,0.0,5886.983333333334,0.0,11028.039472221959
5456,user115,2026-08-07T10:11:04+00:00,0,,10.183333333333334,18,10.517592592592594,1.2569985835145066,2026-06-23T09:35:16+00:00,0.457873915116957,-0.8890171414857363,4.0,0.3342592592592606,0.0,0.0,5724.366666666667,0.0,11028.039472221959
5449,user115,2026-08-13T08:50:41+00:00,0,,8.833333333333334,19,10.500000000000002,1.2257471763585168,2026-06-23T09:35:16+00:00,0.7372773368101241,-0.6755902076156602,3.0,1.6666666666666679,0.0,0.0,8559.616666666667,0.0,11028.039472221959
5438,user115,2026-08-16T10:33:41+00:00,0,,10.55,20,10.416666666666668,1.2487104459312326,2026-06-23T09:35:16+00:00,0.3705574375098363,-0.9288095528719242,6.0,0.13333333333333286,0.0,0.0,4423.0,0.0,11028.039472221959
5473,user115,2026-08-17T11:12:44+00:00,1,unusual_location,11.2,21,10.423015873015876,1.2189473751773499,2026-06-23T09:35:16+00:00,0.20791169081775931,-0.9781476007338057,0.0,0.7769841269841233,1.0,0.0,1479.05,0.0,8473.426017635522
5460,user115,2026-08-17T11:38:59+00:00,0,,11.633333333333333,22,10.458333333333336,1.2018688099637316,2026-06-23T09:35:16+00:00,0.09584575252022391,-0.9953961983671789,0.0,1.1749999999999972,0.0,0.0,26.25,1.0,11028.039472221959
5461,user115,2026-08-21T11:10:41+00:00,0,,11.166666666666666,23,10.509420289855074,1.1996258080731195,2026-06-23T09:35:16+00:00,0.21643961393810318,-0.9762960071199333,4.0,0.6572463768115924,0.0,0.0,5731.7,0.0,11028.039472221959
5462,user115,2026-08-26T09:34:25+00:00,0,,9.566666666666666,24,10.536805555555556,1.1816887943260705,2026-06-23T09:35:16+00:00,0.5948227867513413,-0.8038568606172173,2.0,0.97013888888889,0.0,0.0,7103.733333333334,0.0,11028.039472221959
5469,user115,2026-08-28T12:26:45+00:00,0,,12.433333333333334,25,10.498000000000001,1.1733174241345679,2026-06-23T09:35:16+00:00,-0.11320321376790664,-0.9935718556765875,4.0,1.9353333333333325,0.0,0.0,3052.3333333333335,0.0,11028.039472221959
5442,user115,2026-08-29T12:03:30+00:00,0,,12.05,26,10.572435897435899,1.2092321352833675,2026-06-23T09:35:16+00:00,-0.013089595571344391,-0.999914327574007,5.0,1.4775641025641022,0.0,0.0,1416.75,1.0,11028.039472221959
5455,user115,2026-08-29T12:48:53+00:00,0,,12.8,27,10.627160493827162,1.218995303671601,2026-06-23T09:35:16+00:00,-0.20791169081775907,-0.9781476007338057,5.0,2.1728395061728385,0.0,0.0,45.38333333333333,1.0,11028.039472221959
5446,user115,2026-08-31T10:30:05+00:00,0,,10.5,28,10.704761904761908,1.2631204835680048,2026-06-23T09:35:16+00:00,0.3826834323650899,-0.9238795325112867,0.0,0.2047619047619076,0.0,0.0,2741.2,0.0,11028.039472221959
5447,user115,2026-09-02T10:04:01+00:00,0,,10.066666666666666,29,10.69770114942529,1.2417137161334444,2026-06-23T09:35:16+00:00,0.48480962024633717,-0.8746197071393957,2.0,0.6310344827586238,0.0,0.0,2853.9333333333334,0.0,11028.039472221959
5477,user115,2026-09-03T09:02:31+00:00,0,,9.033333333333333,30,10.67666666666667,1.226086819474416,2026-06-23T09:35:16+00:00,0.700909264299851,-0.7132504491541815,3.0,1.6433333333333362,0.0,0.0,1378.5,1.0,11028.039472221959
5478,user115,2026-09-03T09:03:19.955808+00:00,1,rapid_fire,9.05,31,10.623655913978498,1.2406046493310137,2026-06-23T09:35:16+00:00,0.6977904598416802,-0.7163019434246543,3.0,1.573655913978497,0.0,0.0,0.8159301333333333,2.0,11028.039472221959
5479,user115,2026-09-03T09:03:48.434067+00:00,1,rapid_fire,9.05,32,10.57447916666667,1.2513880097535142,2026-06-23T09:35:16+00:00,0.6977904598416802,-0.7163019434246543,3.0,1.5244791666666693,0.0,0.0,0.47463765,3.0,11028.039472221959
5480,user115,2026-09-03T09:04:08.886576+00:00,1,rapid_fire,9.066666666666666,33,10.528282828282832,1.2596862741308852,2026-06-23T09:35:16+00:00,0.6946583704589975,-0.719339800338651,3.0,1.4616161616161651,0.0,0.0,0.34087514999999996,4.0,11028.039472221959
5470,user115,2026-09-03T11:59:18+00:00,0,,11.983333333333333,34,10.485294117647062,1.2653551305089283,2026-06-23T09:35:16+00:00,0.004363309284746866,-0.9999904807207345,3.0,1.498039215686271,0.0,0.0,175.15189039999998,4.0,11028.039472221959
5444,user115,2026-09-07T11:08:41+00:00,0,,11.133333333333333,35,10.528095238095242,1.271873829650077,2026-06-23T09:35:16+00:00,0.2249510543438652,-0.9743700647852351,0.0,0.6052380952380911,0.0,0.0,5709.383333333333,0.0,11028.039472221959
5472,user115,2026-09-08T22:32:22+00:00,1,unusual_hour,22.533333333333335,36,10.544907407407411,1.2580225238202047,2026-06-23T09:35:16+00:00,-0.37460659341591235,0.9271838545667873,1.0,11.988425925925924,0.0,0.0,2123.6833333333334,0.0,11028.039472221959
5453,user115,2026-09-09T09:43:03+00:00,0,,9.716666666666667,37,10.868918918918922,2.3063502951886017,2026-06-23T09:35:16+00:00,0.5628049276950684,-0.8265897491271887,2.0,1.1522522522522554,0.0,0.0,670.6833333333333,1.0,11028.039472221959
5464,user115,2026-09-09T11:29:57+00:00,0,,11.483333333333333,38,10.838596491228074,2.2832632376971493,2026-06-23T09:35:16+00:00,0.13485093027372314,-0.9908658973868822,2.0,0.6447368421052584,0.0,0.0,106.9,2.0,11028.039472221959
5443,user115,2026-09-10T11:35:45+00:00,0,,11.583333333333334,39,10.855128205128208,2.2561033202273015,2026-06-23T09:35:16+00:00,0.10886687485196457,-0.9940563382223196,3.0,0.7282051282051256,0.0,0.0,1445.8,0.0,11028.039472221959
5471,user115,2026-09-13T10:12:11+00:00,0,,10.2,40,10.873333333333337,2.2306227331796333,2026-06-23T09:35:16+00:00,0.4539904997395473,-0.8910065241883676,6.0,0.6733333333333373,0.0,0.0,4236.433333333333,0.0,11028.039472221959
5448,user115,2026-09-14T09:19:24+00:00,0,,9.316666666666666,41,10.856910569105693,2.20569899818468,2026-06-23T09:35:16+00:00,0.6461239796429641,-0.7632324697825286,0.0,1.5402439024390269,0.0,0.0,1387.2166666666667,1.0,11028.039472221959
5457,user115,2026-09-16T10:04:18+00:00,0,,10.066666666666666,42,10.820238095238098,2.191896860728753,2026-06-23T09:35:16+00:00,0.48480962024633717,-0.8746197071393957,2.0,0.7535714285714317,0.0,0.0,2924.9,0.0,11028.039472221959
5475,user115,2026-09-16T23:30:49+00:00,1,unusual_device+unusual_hour,23.5,43,10.802713178294576,2.169235002013544,2026-06-23T09:35:16+00:00,-0.13052619222005168,0.9914448613738104,2.0,11.302713178294576,0.0,1.0,806.5166666666667,1.0,11028.039472221959
5492,user116,2026-06-25T18:43:42+00:00,0,,18.716666666666665,0,,,,-0.9824503977255099,0.18652403600873346,3.0,0.0,1.0,1.0,1440.0,0.0,0.0
5509,user116,2026-06-28T17:53:42+00:00,0,,17.883333333333333,1,18.716666666666665,0.0,2026-06-25T18:43:42+00:00,-0.9995335908367129,-0.030538513209822718,6.0,0.8333333333333321,0.0,0.0,4270.0,0.0,0.0
5505,user116,2026-06-28T19:05:50+00:00,0,,19.083333333333332,2,18.299999999999997,0.4166666666666661,2026-06-25T18:43:42+00:00,-0.9600498543859287,0.279829014030992,6.0,0.783333333333335,0.0,0.0,72.13333333333334,1.0,0.0
5508,user116,2026-06-30T18:49:20+00:00,0,,18.816666666666666,3,18.561111111111106,0.5020943790086665,2026-06-25T18:43:42+00:00,-0.9772311064626789,0.21217767215644612,1.0,0.25555555555556,0.0,0.0,2863.5,0.0,0.0
5502,user116,2026-07-03T21:48:15+00:00,0,,21.8,4,18.624999999999996,0.4486863541990599,2026-06-25T18:43:42+00:00,-0.544639035015027,0.838670567945424,4.0,3.1750000000000043,0.0,0.0,4498.916666666667,0.0,0.0
5481,user116,2026-07-04T19:57:01+00:00,0,,19.95,5,19.259999999999998,1.3318992287540214,2026-06-25T18:43:42+00:00,-0.8724960070727971,0.48862124149695496,5.0,0.6900000000000013,0.0,0.0,1328.7666666666667,1.0,0.0
5495,user116,2026-07-06T15:21:08+00:00,0,,15.35,6,19.374999999999996,1.2427474788935593,2026-06-25T18:43:42+00:00,-0.7688418320734591,-0.6394390019805851,0.0,4.024999999999997,0.0,0.0,2604.116666666667,0.0,0.0
5486,user116,2026-07-10T17:57:41+00:00,0,,17.95,7,18.8,1.8186642577836305,2026-06-25T18:43:42+00:00,-0.999914327574007,-0.013089595571344698,4.0,0.8500000000000014,0.0,0.0,5916.55,0.0,0.0
5493,user116,2026-07-14T17:23:24+00:00,0,,17.383333333333333,8,18.693749999999998,1.724273951471234,2026-06-25T18:43:42+00:00,-0.9869963665602318,-0.16074256560382688,1.0,1.310416666666665,0.0,0.0,5725.716666666666,0.0,0.0
5501,user116,2026-07-15T19:59:34+00:00,0,,19.983333333333334,9,18.548148148148144,1.6770131525586185,2026-06-25T18:43:42+00:00,-0.8681988144891425,0.49621650367520775,2.0,1.4351851851851904,0.0,0.0,1596.1666666666667,0.0,0.0
5498,user116,2026-07-19T18:30:33+00:00,0,,18.5,10,18.691666666666663,1.6481850287176163,2026-06-25T18:43:42+00:00,-0.9914448613738105,0.13052619222005127,6.0,0.19166666666666288,0.0,0.0,5670.983333333334,0.0,0.0
5485,user116,2026-07-22T19:16:05+00:00,0,,19.266666666666666,11,18.674242424242422,1.572448448455042,2026-06-25T18:43:42+00:00,-0.945518575599317,0.3255681544571563,2.0,0.5924242424242436,0.0,0.0,4365.533333333334,0.0,0.0
5506,user116,2026-07-22T19:23:46+00:00,0,,19.383333333333333,12,18.723611111111108,1.5143825647666234,2026-06-25T18:43:42+00:00,-0.9351352096860118,0.35429103799771533,2.0,0.659722222222225,0.0,0.0,7.683333333333334,1.0,0.0
5490,user116,2026-07-24T19:27:51+00:00,0,,19.45,13,18.774358974358968,1.4655534146896012,2026-06-25T18:43:42+00:00,-0.9288095528719245,0.37055743750983555,4.0,0.6756410256410312,0.0,0.0,2884.0833333333335,0.0,0.0
5484,user116,2026-07-25T19:43:47+00:00,0,,19.716666666666665,14,18.822619047619042,1.4229218645635684,2026-06-25T18:43:42+00:00,-0.9006982393225882,0.43444525740441653,5.0,0.8940476190476225,0.0,0.0,1455.9333333333334,0.0,0.0
5507,user116,2026-07-28T17:33:09+00:00,0,,17.55,15,18.882222222222214,1.3926455860681362,2026-06-25T18:43:42+00:00,-0.9930684569549263,-0.1175373974578376,1.0,1.3322222222222138,0.0,0.0,4189.366666666667,0.0,0.0
5499,user116,2026-07-29T20:54:16+00:00,0,,20.9,16,18.798958333333328,1.3864481592414082,2026-06-25T18:43:42+00:00,-0.7253743710122879,0.6883545756937537,2.0,2.1010416666666707,0.0,0.0,1641.1166666666666,0.0,0.0
5513,user116,2026-08-04T19:01:16+00:00,1,unusual_location,19.016666666666666,17,18.922549019607835,1.4330248320129366,2026-06-25T18:43:42+00:00,-0.9647873238288132,0.26303121445797406,1.0,0.0941176470588303,1.0,0.0,8527.0,0.0,14289.194549388558
5491,user116,2026-08-08T18:30:25+00:00,0,,18.5,18,18.92777777777777,1.392816668339713,2026-06-25T18:43:42+00:00,-0.9914448613738105,0.13052619222005127,5.0,0.42777777777777004,0.0,0.0,5729.15,0.0,0.0
5511,user116,2026-08-10T07:41:35+00:00,1,unusual_hour,7.683333333333334,19,18.90526315789473,1.359029287124653,2026-06-25T18:43:42+00:00,0.904455145454368,-0.4265687399014584,0.0,11.221929824561396,0.0,0.0,2231.1666666666665,0.0,0.0
5510,user116,2026-08-12T19:01:14+00:00,0,,19.016666666666666,20,18.34416666666666,2.7814328591573085,2026-06-25T18:43:42+00:00,-0.9647873238288132,0.26303121445797406,2.0,0.6725000000000065,0.0,0.0,3559.65,0.0,0.0
5482,user116,2026-08-12T21:54:45+00:00,0,,21.9,21,18.37619047619047,2.7181759923933515,2026-06-25T18:43:42+00:00,-0.5224985647159495,0.8526401643540918,2.0,3.523809523809529,0.0,0.0,173.51666666666668,1.0,0.0
5514,user116,2026-08-13T19:16:47+00:00,1,unusual_device,19.266666666666666,22,18.536363636363628,2.7552504348384894,2026-06-25T18:43:42+00:00,-0.945518575599317,0.3255681544571563,3.0,0.7303030303030376,0.0,1.0,1282.0333333333333,1.0,0.0
5516,user116,2026-08-17T21:29:05+00:00,0,,21.483333333333334,23,18.568115942028978,2.6988005612955606,2026-06-25T18:43:42+00:00,-0.6122172800344494,0.7906895737438433,0.0,2.915217391304356,0.0,0.0,5892.3,0.0,0.0
5517,user116,2026-08-17T21:29:51.544463+00:00,1,rapid_fire,21.483333333333334,24,18.689583333333328,2.705437821845176,2026-06-25T18:43:42+00:00,-0.6122172800344494,0.7906895737438433,0.0,2.7937500000000064,0.0,0.0,0.77574105,1.0,0.0
5518,user116,2026-08-17T21:30:59.199656+00:00,1,rapid_fire,21.5,25,18.80133333333333,2.7067197039138637,2026-06-25T18:43:42+00:00,-0.608761429008721,0.7933533402912349,0.0,2.6986666666666714,0.0,0.0,1.12758655,2.0,0.0
5519,user116,2026-08-17T21:32:15.971359+00:00,1,rapid_fire,21.533333333333335,26,18.9051282051282,2.704419338401946,2026-06-25T18:43:42+00:00,-0.6018150231520483,0.7986355100472928,0.0,2.628205128205135,0.0,0.0,1.2795283833333333,3.0,0.0
5483,user116,2026-08-22T19:11:45+00:00,0,,19.183333333333334,27,19.002469135802464,2.6998807461230734,2026-06-25T18:43:42+00:00,-0.9523957996432784,0.3048642990280109,5.0,0.18086419753086957,0.0,0.0,7059.483810683333,0.0,0.0
5488,user116,2026-08-26T16:53:56+00:00,0,,16.883333333333333,28,19.008928571428562,2.6514427120372446,2026-06-25T18:43:42+00:00,-0.9575713608048145,-0.2881962681340891,2.0,2.1255952380952294,0.0,0.0,5622.183333333333,0.0,0.0
5497,user116,2026-08-26T18:04:25+00:00,0,,18.066666666666666,29,18.935632183908037,2.634037895480296,2026-06-25T18:43:42+00:00,-0.9998476951563913,0.01745240643728313,2.0,0.8689655172413708,0.0,0.0,70.48333333333333,1.0,0.0
5504,user116,2026-09-06T18:33:12+00:00,0,,18.55,30,18.90666666666666,2.5944584819986645,2026-06-25T18:43:42+00:00,-0.9896513868196702,0.14349262199117904,6.0,0.35666666666665847,0.0,0.0,15868.783333333333,0.0,0.0
5500,user116,2026-09-07T19:30:34+00:00,0,,19.5,31,18.895161290322573,2.553047211390962,2026-06-25T18:43:42+00:00,-0.923879532511287,0.38268343236508917,0.0,0.604838709677427,0.0,0.0,1497.3666666666666,0.0,0.0
5496,user116,2026-09-07T21:28:40+00:00,0,,21.466666666666665,32,18.914062499999993,2.515041933377912,2026-06-25T18:43:42+00:00,-0.6156614753256588,0.7880107536067216,0.0,2.552604166666672,0.0,0.0,118.1,1.0,0.0
5515,user116,2026-09-08T07:44:28+00:00,1,unusual_device+unusual_hour,7.733333333333333,33,18.991414141414136,2.5149991840608927,2026-06-25T18:43:42+00:00,0.8987940462991671,-0.4383711467890771,1.0,11.258080808080802,0.0,1.0,615.8,2.0,0.0
5489,user116,2026-09-08T19:57:54+00:00,0,,19.95,34,18.660294117647055,3.123670997677269,2026-06-25T18:43:42+00:00,-0.8724960070727971,0.48862124149695496,1.0,1.2897058823529441,0.0,0.0,733.4333333333333,2.0,0.0
5503,user116,2026-09-09T19:03:09+00:00,0,,19.05,35,18.697142857142854,3.0862122614053913,2026-06-25T18:43:42+00:00,-0.9624552364536472,0.2714404498650747,2.0,0.35285714285714675,0.0,0.0,1385.25,1.0,0.0
5512,user116,2026-09-11T07:21:24+00:00,1,unusual_hour,7.35,36,18.70694444444444,3.043598764843688,2026-06-25T18:43:42+00:00,0.9381913359224842,-0.3461170570774929,4.0,11.356944444444439,0.0,0.0,2178.25,0.0,0.0
5487,user116,2026-09-11T18:03:57+00:00,0,,18.05,37,18.399999999999995,3.5220540689865714,2026-06-25T18:43:42+00:00,-0.999914327574007,0.01308959557134433,4.0,0.3499999999999943,0.0,0.0,642.55,1.0,0.0
5494,user116,2026-09-12T19:34:54+00:00,0,,19.566666666666666,38,18.390789473684205,3.4758538379867314,2026-06-25T18:43:42+00:00,-0.917060074385124,0.39874906892524625,5.0,1.1758771929824618,0.0,0.0,1530.95,0.0,0.0
5529,user117,2026-06-22T19:39:56+00:00,0,,19.65,0,,,,-0.9081431738250815,0.4186597375374277,0.0,0.0,1.0,1.0,1440.0,0.0,0.0
5567,user117,2026-06-23T21:41:47+00:00,1,unusual_device,21.683333333333334,1,19.65,0.0,2026-06-22T19:39:56+00:00,-0.5699967625963036,0.8216469379421633,1.0,2.033333333333335,0.0,1.0,1561.85,0.0,0.0
5520,user117,2026-06-25T19:25:32+00:00,0,,19.416666666666668,2,20.666666666666664,1.0166666666666675,2026-06-22T19:39:56+00:00,-0.9320078692827986,0.36243803828370147,3.0,1.2499999999999964,0.0,0.0,2743.75,0.0,0.0
5559,user117,2026-06-26T21:31:22+00:00,0,,21.516666666666666,3,20.25,1.0179863929818986,2026-06-22T19:39:56+00:00,-0.6052939880428949,0.7960020025346217,4.0,1.2666666666666657,0.0,1.0,1565.8333333333333,0.0,0.0
5561,user117,2026-07-01T19:46:32+00:00,0,,19.766666666666666,4,20.566666666666666,1.0382945418115013,2026-06-22T19:39:56+00:00,-0.8949343616020253,0.44619781310980833,2.0,0.8000000000000007,0.0,0.0,7095.166666666667,0.0,0.0
5563,user117,2026-07-03T08:36:54+00:00,1,unusual_hour,8.6,5,20.406666666666666,0.9822649563353283,2026-06-22T19:39:56+00:00,0.777145961456971,-0.6293203910498373,4.0,11.806666666666667,0.0,0.0,2210.366666666667,0.0,0.0
5525,user117,2026-07-03T19:04:25+00:00,0,,19.066666666666666,6,18.438888888888886,4.4905215677710855,2026-06-22T19:39:56+00:00,-0.961261695938319,0.2756373558169985,4.0,0.62777777777778,0.0,0.0,627.5166666666667,1.0,0.0
5544,user117,2026-07-05T19:53:36+00:00,0,,19.883333333333333,7,18.52857142857143,4.1632148967647575,2026-06-22T19:39:56+00:00,-0.8808907382053859,0.4733196671848428,6.0,1.3547619047619044,0.0,0.0,2929.1833333333334,0.0,0.0
5548,user117,2026-07-05T20:19:22+00:00,0,,20.316666666666666,8,18.697916666666664,3.920020173382048,2026-06-22T19:39:56+00:00,-0.821646937942164,0.5699967625963025,6.0,1.6187500000000021,0.0,0.0,25.766666666666666,1.0,0.0
5555,user117,2026-07-07T20:33:04+00:00,0,,20.55,9,18.877777777777776,3.730678619629807,2026-06-22T19:39:56+00:00,-0.785316930880745,0.619093949309834,1.0,1.6722222222222243,0.0,0.0,2893.7,0.0,0.0
5560,user117,2026-07-08T19:14:11+00:00,0,,19.233333333333334,10,19.044999999999998,3.5746099243289624,2026-06-22T19:39:56+00:00,-0.9483236552061993,0.31730465640509226,2.0,0.18833333333333613,0.0,0.0,1361.1166666666666,1.0,0.0
5547,user117,2026-07-08T20:47:37+00:00,0,,20.783333333333335,11,19.062121212121212,3.4086868447408953,2026-06-22T19:39:56+00:00,-0.7460573750616991,0.6658816660008348,2.0,1.7212121212121225,0.0,0.0,93.43333333333334,1.0,0.0
5540,user117,2026-07-09T18:48:16+00:00,0,,18.8,12,19.205555555555556,3.298058725678591,2026-06-22T19:39:56+00:00,-0.9781476007338056,0.20791169081775943,3.0,0.405555555555555,0.0,0.0,1320.65,2.0,0.0
5535,user117,2026-07-09T19:19:52+00:00,0,,19.316666666666666,13,19.174358974358974,3.1705146349803512,2026-06-22T19:39:56+00:00,-0.9411760152563707,0.3379167180033267,3.0,0.1423076923076927,0.0,0.0,31.6,2.0,0.0
5528,user117,2026-07-11T19:36:22+00:00,0,,19.6,14,19.184523809523814,3.0554041654930812,2026-06-22T19:39:56+00:00,-0.9135454576426008,0.40673664307580054,5.0,0.41547619047618767,0.0,0.0,2896.5,0.0,0.0
5534,user117,2026-07-13T20:58:41+00:00,0,,20.966666666666665,15,19.212222222222227,2.953619666748322,2026-06-22T19:39:56+00:00,-0.7132504491541826,0.7009092642998499,0.0,1.754444444444438,0.0,0.0,2962.3166666666666,0.0,0.0
5552,user117,2026-07-19T19:03:14+00:00,0,,19.05,16,19.321875000000002,2.8911906353491386,2026-06-22T19:39:56+00:00,-0.9624552364536472,0.2714404498650747,6.0,0.2718750000000014,0.0,0.0,8524.55,0.0,0.0
5566,user117,2026-07-20T21:04:34+00:00,1,unusual_location,21.066666666666666,17,19.30588235294118,2.8055963050093373,2026-06-22T19:39:56+00:00,-0.6946583704589969,0.7193398003386514,0.0,1.7607843137254875,1.0,0.0,1561.3333333333333,0.0,13471.61327244116
5568,user117,2026-07-23T07:45:12+00:00,1,unusual_device+unusual_hour,7.75,18,19.403703703703705,2.7562194291888544,2026-06-22T19:39:56+00:00,0.8968727415326884,-0.44228869021900113,3.0,11.653703703703705,0.0,0.0,3520.633333333333,0.0,0.0
5546,user117,2026-07-25T21:07:14+00:00,0,,21.116666666666667,19,18.790350877192985,3.737451972307637,2026-06-22T19:39:56+00:00,-0.6851829903263593,0.7283709698824,5.0,2.326315789473682,0.0,0.0,3682.0333333333333,0.0,0.0
5531,user117,2026-07-27T20:54:52+00:00,0,,20.9,20,18.90666666666667,3.6779311817620757,2026-06-22T19:39:56+00:00,-0.7253743710122879,0.6883545756937537,0.0,1.9933333333333287,0.0,0.0,2867.633333333333,0.0,0.0
5526,user117,2026-07-28T20:28:28+00:00,0,,20.466666666666665,21,19.001587301587303,3.614308370034464,2026-06-22T19:39:56+00:00,-0.798635510047293,0.6018150231520479,1.0,1.4650793650793617,0.0,0.0,1413.6,1.0,0.0
5533,user117,2026-07-28T21:52:56+00:00,0,,21.866666666666667,22,19.068181818181817,3.544372082878947,2026-06-22T19:39:56+00:00,-0.529919264233205,0.8480480961564258,1.0,2.7984848484848506,0.0,0.0,84.46666666666667,1.0,0.0
5537,user117,2026-07-29T21:40:36+00:00,0,,21.666666666666668,23,19.189855072463768,3.513128377029334,2026-06-22T19:39:56+00:00,-0.5735764363510465,0.8191520442889916,2.0,2.4768115942029,0.0,0.0,1427.6666666666667,1.0,0.0
5527,user117,2026-08-05T21:55:52+00:00,0,,21.916666666666668,24,19.293055555555558,3.4745900259980935,2026-06-22T19:39:56+00:00,-0.5187732581605214,0.8549118706729466,2.0,2.62361111111111,0.0,0.0,10095.266666666666,0.0,0.0
5553,user117,2026-08-06T18:06:01+00:00,0,,18.1,25,19.398000000000003,3.442990689631456,2026-06-22T19:39:56+00:00,-0.9996573249755573,0.026176948307873114,3.0,1.2980000000000018,0.0,0.0,1210.15,1.0,0.0
5530,user117,2026-08-06T22:56:20+00:00,0,,22.933333333333334,26,19.348076923076924,3.3853452617261044,2026-06-22T19:39:56+00:00,-0.2756373558169998,0.9612616959383187,3.0,3.5852564102564095,0.0,0.0,290.31666666666666,1.0,0.0
5551,user117,2026-08-09T21:21:44+00:00,0,,21.35,27,19.480864197530863,3.390360044076627,2026-06-22T19:39:56+00:00,-0.6394390019805846,0.7688418320734597,6.0,1.8691358024691382,0.0,0.0,4225.4,0.0,0.0
5539,user117,2026-08-10T20:14:28+00:00,0,,20.233333333333334,28,19.547619047619047,3.3472883904977473,2026-06-22T19:39:56+00:00,-0.8338858220671682,0.551936985312058,0.0,0.6857142857142868,0.0,0.0,1372.7333333333333,1.0,0.0
5554,user117,2026-08-10T20:30:35+00:00,0,,20.5,29,19.571264367816095,3.2914492043742007,2026-06-22T19:39:56+00:00,-0.7933533402912357,0.6087614290087199,0.0,0.9287356321839049,0.0,0.0,16.116666666666667,2.0,0.0
5565,user117,2026-08-17T21:37:09+00:00,1,unusual_location,21.616666666666667,30,19.602222222222224,3.240418163839848,2026-06-22T19:39:56+00:00,-0.5842496656374341,0.8115739819650125,0.0,2.014444444444443,1.0,0.0,10146.566666666668,0.0,7479.179090253146
5542,user117,2026-08-22T19:11:02+00:00,0,,19.183333333333334,31,19.66720430107527,3.20753337009426,2026-06-22T19:39:56+00:00,-0.9523957996432784,0.3048642990280109,5.0,0.48387096774193594,0.0,0.0,7053.883333333333,0.0,0.0
5541,user117,2026-08-23T18:26:36+00:00,0,,18.433333333333334,32,19.652083333333334,3.158140248055632,2026-06-22T19:39:56+00:00,-0.9935718556765876,0.11320321376790658,6.0,1.21875,0.0,0.0,1395.5666666666666,1.0,0.0
5538,user117,2026-08-25T20:54:09+00:00,0,,20.9,33,19.615151515151513,3.1169309660428524,2026-06-22T19:39:56+00:00,-0.7253743710122879,0.6883545756937537,1.0,1.2848484848484851,0.0,0.0,3027.55,0.0,0.0
5545,user117,2026-08-31T19:08:03+00:00,0,,19.133333333333333,34,19.652941176470588,3.078415448940957,2026-06-22T19:39:56+00:00,-0.9563047559630354,0.2923717047227367,0.0,0.5196078431372548,0.0,0.0,8533.9,0.0,0.0
5569,user117,2026-09-01T21:13:57+00:00,1,unusual_device+unusual_location,21.216666666666665,35,19.638095238095236,3.0353540402496484,2026-06-22T19:39:56+00:00,-0.6658816660008344,0.7460573750616993,1.0,1.5785714285714292,1.0,1.0,1565.9,0.0,10849.95374758996
5557,user117,2026-09-02T20:40:43+00:00,0,,20.666666666666668,36,19.681944444444444,3.00412107634796,2026-06-22T19:39:56+00:00,-0.7660444431189781,0.6427876096865393,2.0,0.9847222222222243,0.0,0.0,1406.7666666666667,1.0,0.0
5532,user117,2026-09-04T18:50:25+00:00,0,,18.833333333333332,37,19.708558558558558,2.967546234682672,2026-06-22T19:39:56+00:00,-0.9762960071199335,0.21643961393810246,4.0,0.8752252252252255,0.0,0.0,2769.7,0.0,0.0
5524,user117,2026-09-04T21:29:25+00:00,0,,21.483333333333334,38,19.685526315789474,2.9315888229909146,2026-06-22T19:39:56+00:00,-0.6122172800344494,0.7906895737438433,4.0,1.7978070175438603,0.0,0.0,159.0,1.0,0.0
5564,user117,2026-09-05T07:15:02+00:00,1,unusual_hour,7.25,39,19.731623931623933,2.907679180643376,2026-06-22T19:39:56+00:00,0.9469301294951057,-0.3214394653031616,5.0,11.518376068376067,0.0,0.0,585.6166666666667,2.0,0.0
5550,user117,2026-09-06T19:27:27+00:00,0,,19.45,40,19.419583333333332,3.4699621505700735,2026-06-22T19:39:56+00:00,-0.9288095528719245,0.37055743750983555,6.0,0.030416666666667425,0.0,0.0,2172.4166666666665,0.0,0.0
5523,user117,2026-09-07T20:38:46+00:00,0,,20.633333333333333,41,19.420325203252034,3.42738752697977,2026-06-22T19:39:56+00:00,-0.7716245833877202,0.6360782202777636,0.0,1.213008130081299,0.0,0.0,1511.3166666666666,0.0,0.0
5536,user117,2026-09-12T18:00:33+00:00,0,,18.0,42,19.44920634920635,3.391385274355175,2026-06-22T19:39:56+00:00,-1.0,-1.8369701987210297e-16,5.0,1.4492063492063494,0.0,0.0,7041.783333333334,0.0,0.0
5549,user117,2026-09-14T18:12:29+00:00,0,,18.2,43,19.41550387596899,3.3588276904478658,2026-06-22T19:39:56+00:00,-0.9986295347545739,0.05233595624294306,0.0,1.2155038759689916,0.0,0.0,2891.9333333333334,0.0,0.0
5522,user117,2026-09-14T20:45:19+00:00,0,,20.75,44,19.38787878787879,3.3253775581878733,2026-06-22T19:39:56+00:00,-0.7518398074789772,0.6593458151000691,0.0,1.3621212121212096,0.0,0.0,152.83333333333334,1.0,0.0
5556,user117,2026-09-18T18:36:05+00:00,0,,18.6,45,19.41814814814815,3.2943457399907703,2026-06-22T19:39:56+00:00,-0.9876883405951378,0.15643446504023067,4.0,0.818148148148147,0.0,0.0,5630.766666666666,0.0,0.0
5558,user117,2026-09-18T19:11:54+00:00,0,,19.183333333333334,46,19.400362318840582,3.260524559043533,2026-06-22T19:39:56+00:00,-0.9523957996432784,0.3048642990280109,4.0,0.21702898550724825,0.0,0.0,35.81666666666667,1.0,0.0
5562,user117,2026-09-18T20:26:34+00:00,0,,20.433333333333334,47,19.395744680851063,3.2258036696964045,2026-06-22T19:39:56+00:00,-0.8038568606172173,0.5948227867513414,4.0,1.0375886524822704,0.0,0.0,74.66666666666667,2.0,0.0
5543,user117,2026-09-18T20:53:02+00:00,0,,20.883333333333333,48,19.41736111111111,3.1954629264072536,2026-06-22T19:39:56+00:00,-0.7283709698824009,0.6851829903263584,4.0,1.4659722222222236,0.0,0.0,26.466666666666665,3.0,0.0
5521,user117,2026-09-19T20:50:28+00:00,0,,20.833333333333332,49,19.447278911564624,3.1694730617409834,2026-06-22T19:39:56+00:00,-0.7372773368101242,0.6755902076156601,5.0,1.3860544217687085,0.0,0.0,1437.4333333333334,1.0,0.0
5609,user118,2026-06-23T11:07:01+00:00,0,,11.116666666666667,0,,,,0.22920039092241454,-0.9733792584604484,1.0,0.0,1.0,1.0,1440.0,0.0,0.0
5608,user118,2026-06-25T10:43:54+00:00,0,,10.716666666666667,1,11.116666666666667,0.0,2026-06-23T11:07:01+00:00,0.32969064526278735,-0.9440890203927842,3.0,0.40000000000000036,0.0,0.0,2856.883333333333,0.0,0.0
5588,user118,2026-06-26T06:58:04+00:00,0,,6.966666666666667,2,10.916666666666668,0.20000000000000018,2026-06-23T11:07:01+00:00,0.9681476403781077,-0.2503800040544414,4.0,3.950000000000001,0.0,0.0,1214.1666666666667,1.0,0.0
5610,user118,2026-06-26T08:35:59+00:00,0,,8.583333333333334,3,9.600000000000001,1.869194716686544,2026-06-23T11:07:01+00:00,0.7798844830928817,-0.6259234721840591,4.0,1.0166666666666675,0.0,0.0,97.91666666666667,2.0,0.0
5576,user118,2026-06-28T09:54:48+00:00,0,,9.9,4,9.345833333333335,1.6775633371053387,2026-06-23T11:07:01+00:00,0.5224985647159489,-0.8526401643540922,6.0,0.5541666666666654,0.0,0.0,2958.8166666666666,0.0,0.0
5616,user118,2026-07-01T09:34:19+00:00,1,unusual_location,9.566666666666666,5,9.456666666666667,1.5167435877929767,2026-06-23T11:07:01+00:00,0.5948227867513413,-0.8038568606172173,2.0,0.10999999999999943,1.0,0.0,4299.516666666666,0.0,13699.536276697454
5600,user118,2026-07-07T08:27:57+00:00,0,,8.45,6,9.475000000000001,1.3851978732831451,2026-06-23T11:07:01+00:00,0.8012538126910609,-0.5983246005706587,1.0,1.0250000000000021,0.0,0.0,8573.633333333333,0.0,0.0
5581,user118,2026-07-08T09:49:08+00:00,0,,9.816666666666666,7,9.328571428571431,1.3316571096180774,2026-06-23T11:07:01+00:00,0.540974471367994,-0.8410390129643924,2.0,0.4880952380952355,0.0,0.0,1521.1833333333334,0.0,0.0
5592,user118,2026-07-08T10:37:48+00:00,0,,10.616666666666667,8,9.389583333333334,1.2560668744360532,2026-06-23T11:07:01+00:00,0.35429103799771566,-0.9351352096860118,2.0,1.2270833333333329,0.0,0.0,48.666666666666664,1.0,0.0
5583,user118,2026-07-09T08:26:58+00:00,0,,8.433333333333334,9,9.525925925925927,1.2454388663526097,2026-06-23T11:07:01+00:00,0.8038568606172174,-0.5948227867513411,3.0,1.0925925925925934,0.0,0.0,1309.1666666666667,2.0,0.0
5599,user118,2026-07-12T09:38:12+00:00,0,,9.633333333333333,10,9.416666666666668,1.2261502536167599,2026-06-23T11:07:01+00:00,0.5807029557109399,-0.8141155183563191,6.0,0.216666666666665,0.0,0.0,4391.233333333334,0.0,0.0
5598,user118,2026-07-14T10:06:31+00:00,0,,10.1,11,9.436363636363637,1.1707465066871268,2026-06-23T11:07:01+00:00,0.4771587602596086,-0.8788171126619653,1.0,0.6636363636363622,0.0,0.0,2908.3166666666666,0.0,0.0
5577,user118,2026-07-17T08:40:25+00:00,0,,8.666666666666666,12,9.491666666666667,1.1358122399606567,2026-06-23T11:07:01+00:00,0.7660444431189783,-0.642787609686539,4.0,0.8250000000000011,0.0,0.0,4233.9,0.0,0.0
5614,user118,2026-07-17T21:51:45+00:00,1,unusual_hour,21.85,13,9.428205128205128,1.1131764171505778,2026-06-23T11:07:01+00:00,-0.5336145159156106,0.8457278217039739,4.0,11.578205128205127,0.0,0.0,791.3333333333334,1.0,0.0
5570,user118,2026-07-18T10:09:04+00:00,0,,10.15,14,10.315476190476192,3.374151652848051,2026-06-23T11:07:01+00:00,0.4656145203251112,-0.884987637463042,5.0,0.16547619047619122,0.0,0.0,737.3166666666667,1.0,0.0
5594,user118,2026-07-20T08:16:43+00:00,0,,8.266666666666667,15,10.304444444444446,3.260001514806889,2026-06-23T11:07:01+00:00,0.8290375725550417,-0.5591929034707467,0.0,2.0377777777777784,0.0,0.0,2767.65,0.0,0.0
5596,user118,2026-07-21T09:47:00+00:00,0,,9.783333333333333,16,10.177083333333336,3.1947921761221205,2026-06-23T11:07:01+00:00,0.5482932295199138,-0.8362861558477596,1.0,0.3937500000000025,0.0,0.0,1530.2833333333333,0.0,0.0
5611,user118,2026-07-24T09:42:21+00:00,0,,9.7,17,10.153921568627453,3.100788058233554,2026-06-23T11:07:01+00:00,0.5664062369248332,-0.8241261886220155,4.0,0.4539215686274538,0.0,0.0,4315.35,0.0,0.0
5619,user118,2026-07-25T07:33:39+00:00,1,unusual_device,7.55,18,10.128703703703705,3.015217605497952,2026-06-23T11:07:01+00:00,0.9187912101488984,-0.39474385638426707,5.0,2.578703703703705,0.0,1.0,1311.3,1.0,0.0
5595,user118,2026-07-26T09:26:37+00:00,0,,9.433333333333334,19,9.992982456140354,2.9907523931086635,2026-06-23T11:07:01+00:00,0.6225146366376196,-0.7826081568524139,6.0,0.55964912280702,0.0,0.0,1552.9666666666667,0.0,0.0
5585,user118,2026-07-28T08:17:33+00:00,0,,8.283333333333333,20,9.965000000000002,2.9175755726668373,2026-06-23T11:07:01+00:00,0.8265897491271889,-0.5628049276950682,1.0,1.6816666666666684,0.0,0.0,2810.9333333333334,0.0,0.0
5587,user118,2026-07-28T08:40:46+00:00,0,,8.666666666666666,21,9.884920634920636,2.8696961878624716,2026-06-23T11:07:01+00:00,0.7660444431189783,-0.642787609686539,1.0,1.2182539682539701,0.0,0.0,23.216666666666665,1.0,0.0
5613,user118,2026-07-30T10:40:54+00:00,0,,10.666666666666666,22,9.829545454545455,2.815177712146107,2026-06-23T11:07:01+00:00,0.3420201433256689,-0.9396926207859083,3.0,0.837121212121211,0.0,0.0,3000.133333333333,0.0,0.0
5602,user118,2026-07-31T09:33:34+00:00,0,,9.55,23,9.865942028985508,2.7585855362650205,2026-06-23T11:07:01+00:00,0.5983246005706588,-0.8012538126910608,4.0,0.31594202898550705,0.0,0.0,1372.6666666666667,1.0,0.0
5603,user118,2026-08-02T07:54:54+00:00,0,,7.9,24,9.85277777777778,2.7012414269949256,2026-06-23T11:07:01+00:00,0.8788171126619654,-0.47715876025960846,6.0,1.9527777777777793,0.0,0.0,2781.3333333333335,0.0,0.0
5620,user118,2026-08-02T22:04:57+00:00,1,unusual_hour+unusual_location,22.066666666666666,25,9.774666666666668,2.6741857327667677,2026-06-23T11:07:01+00:00,-0.48480962024633767,0.8746197071393954,6.0,11.708000000000002,1.0,0.0,850.05,1.0,11373.929672847547
5582,user118,2026-08-05T08:45:00+00:00,0,,8.75,26,10.2474358974359,3.530437529807569,2026-06-23T11:07:01+00:00,0.7518398074789774,-0.6593458151000688,2.0,1.4974358974358992,0.0,0.0,3520.05,0.0,0.0
5571,user118,2026-08-08T09:07:08+00:00,0,,9.116666666666667,27,10.191975308641977,3.4759650061055236,2026-06-23T11:07:01+00:00,0.685182990326359,-0.7283709698824004,5.0,1.07530864197531,0.0,0.0,4342.133333333333,0.0,0.0
5601,user118,2026-08-10T10:29:36+00:00,0,,10.483333333333333,28,10.15357142857143,3.419158084500148,2026-06-23T11:07:01+00:00,0.3867109616368213,-0.9222009716704516,0.0,0.32976190476190226,0.0,0.0,2962.4666666666667,0.0,0.0
5578,user118,2026-08-15T09:12:19+00:00,0,,9.2,29,10.164942528735635,3.36022869371888,2026-06-23T11:07:01+00:00,0.6691306063588583,-0.7431448254773941,5.0,0.9649425287356355,0.0,0.0,7122.716666666666,0.0,0.0
5597,user118,2026-08-18T10:35:20+00:00,0,,10.583333333333334,30,10.13277777777778,3.3082878063851315,2026-06-23T11:07:01+00:00,0.36243803828370136,-0.9320078692827987,1.0,0.45055555555555316,0.0,0.0,4403.016666666666,0.0,0.0
5605,user118,2026-08-19T08:34:08+00:00,0,,8.566666666666666,31,10.14731182795699,3.255464379975094,2026-06-23T11:07:01+00:00,0.782608156852414,-0.6225146366376194,2.0,1.5806451612903238,0.0,0.0,1318.8,1.0,0.0
5606,user118,2026-08-20T07:15:05+00:00,0,,7.25,32,10.097916666666668,3.21597507137761,2026-06-23T11:07:01+00:00,0.9469301294951057,-0.3214394653031616,3.0,2.847916666666668,0.0,0.0,1360.95,1.0,0.0
5618,user118,2026-08-21T09:40:01+00:00,1,unusual_device,9.666666666666666,33,10.011616161616162,3.204280819441363,2026-06-23T11:07:01+00:00,0.5735764363510464,-0.8191520442889916,4.0,0.3449494949494962,0.0,1.0,1584.9333333333334,0.0,0.0
5572,user118,2026-08-22T08:01:05+00:00,0,,8.016666666666667,34,10.001470588235296,3.157345330608714,2026-06-23T11:07:01+00:00,0.8638355052043956,-0.5037739770455266,5.0,1.9848039215686288,0.0,0.0,1341.0666666666666,1.0,0.0
5604,user118,2026-08-22T10:36:16+00:00,0,,10.6,35,9.944761904761906,3.1294321494851576,2026-06-23T11:07:01+00:00,0.35836794954530066,-0.9335804264972016,5.0,0.6552380952380936,0.0,0.0,155.18333333333334,1.0,0.0
5580,user118,2026-08-25T08:25:11+00:00,0,,8.416666666666666,36,9.962962962962965,3.0875399510363493,2026-06-23T11:07:01+00:00,0.8064446042674828,-0.5913096483635821,1.0,1.5462962962962994,0.0,0.0,4188.916666666667,0.0,0.0
5615,user118,2026-08-25T21:50:45+00:00,1,unusual_hour,21.833333333333332,37,9.921171171171174,3.0558358697077175,2026-06-23T11:07:01+00:00,-0.537299608346825,0.8433914458128849,1.0,11.912162162162158,0.0,0.0,805.5666666666667,1.0,0.0
5593,user118,2026-08-28T06:21:03+00:00,0,,6.35,38,10.234649122807019,3.5676777169595733,2026-06-23T11:07:01+00:00,0.9958049275746618,-0.09150161866340217,4.0,3.8846491228070192,0.0,0.0,3390.3,0.0,0.0
5579,user118,2026-08-31T07:18:03+00:00,0,,7.3,39,10.135042735042738,3.5747687249555256,2026-06-23T11:07:01+00:00,0.9426414910921784,-0.3338068592337708,0.0,2.8350427350427383,0.0,0.0,4377.0,0.0,0.0
5573,user118,2026-09-03T10:31:45+00:00,0,,10.516666666666667,40,10.064166666666669,3.557444365927128,2026-06-23T11:07:01+00:00,0.37864861735243294,-0.9255405040175664,3.0,0.4524999999999988,0.0,0.0,4513.7,0.0,0.0
5612,user118,2026-09-03T11:24:40+00:00,0,,11.4,41,10.075203252032523,3.5144863235727937,2026-06-23T11:07:01+00:00,0.15643446504023054,-0.9876883405951378,3.0,1.3247967479674774,0.0,0.0,52.916666666666664,1.0,0.0
5584,user118,2026-09-05T07:21:14+00:00,0,,7.35,42,10.106746031746033,3.4782640631746298,2026-06-23T11:07:01+00:00,0.9381913359224842,-0.3461170570774929,5.0,2.756746031746033,0.0,0.0,2636.5666666666666,0.0,0.0
5591,user118,2026-09-05T07:41:13+00:00,0,,7.683333333333334,43,10.042635658914731,3.462598802824658,2026-06-23T11:07:01+00:00,0.904455145454368,-0.4265687399014584,5.0,2.359302325581398,0.0,0.0,19.983333333333334,1.0,0.0
5590,user118,2026-09-07T10:43:09+00:00,0,,10.716666666666667,44,9.989015151515154,3.4410364144877974,2026-06-23T11:07:01+00:00,0.32969064526278735,-0.9440890203927842,0.0,0.7276515151515124,0.0,0.0,3061.9333333333334,0.0,0.0
5617,user118,2026-09-08T09:20:28+00:00,1,unusual_location,9.333333333333334,45,10.005185185185187,3.40427803158375,2026-06-23T11:07:01+00:00,0.6427876096865391,-0.7660444431189782,1.0,0.6718518518518533,0.0,0.0,1357.3166666666666,1.0,11373.929672847547
5574,user118,2026-09-09T09:17:32+00:00,0,,9.283333333333333,46,9.990579710144928,3.368496869750763,2026-06-23T11:07:01+00:00,0.6527597524627227,-0.7575649843840494,2.0,0.7072463768115949,0.0,0.0,1437.0666666666666,1.0,0.0
5575,user118,2026-09-10T08:58:38+00:00,0,,8.966666666666667,47,9.975531914893619,3.3340315776906158,2026-06-23T11:07:01+00:00,0.7132504491541816,-0.7009092642998509,3.0,1.008865248226952,0.0,0.0,1421.1,1.0,0.0
5607,user118,2026-09-14T10:25:33+00:00,0,,10.416666666666666,48,9.95451388888889,3.302264479054019,2026-06-23T11:07:01+00:00,0.4027466898587373,-0.9153114791194471,0.0,0.4621527777777761,0.0,0.0,5846.916666666667,0.0,0.0
5589,user118,2026-09-16T08:05:07+00:00,0,,8.083333333333334,49,9.963945578231295,3.269047353620451,2026-06-23T11:07:01+00:00,0.8549118706729465,-0.5187732581605216,2.0,1.8806122448979607,0.0,0.0,2739.5666666666666,0.0,0.0
5586,user118,2026-09-18T08:40:07+00:00,0,,8.666666666666666,50,9.926333333333334,3.246884130294082,2026-06-23T11:07:01+00:00,0.7660444431189783,-0.642787609686539,4.0,1.2596666666666678,0.0,0.0,2915.0,0.0,0.0
5638,user119,2026-06-22T11:41:10+00:00,0,,11.683333333333334,0,,,,0.08280820751220419,-0.9965655024977614,0.0,0.0,1.0,1.0,1440.0,0.0,0.0
5655,user119,2026-06-25T10:41:08+00:00,1,unusual_device,10.683333333333334,1,11.683333333333334,0.0,2026-06-22T11:41:10+00:00,0.3379167180033274,-0.9411760152563705,3.0,1.0,0.0,1.0,4259.966666666666,0.0,0.0
5645,user119,2026-06-28T10:11:33+00:00,0,,10.183333333333334,2,11.183333333333334,0.5,2026-06-22T11:41:10+00:00,0.457873915116957,-0.8890171414857363,6.0,1.0,0.0,0.0,4290.416666666667,0.0,0.0
5656,user119,2026-07-03T10:14:39+00:00,1,unusual_device,10.233333333333333,3,10.85,0.6236095644623235,2026-06-22T11:41:10+00:00,0.446197813109809,-0.894934361602025,4.0,0.6166666666666671,0.0,0.0,7203.1,0.0,0.0
5643,user119,2026-07-04T07:57:58+00:00,0,,7.95,4,10.695833333333333,0.6024688788642948,2026-06-22T11:41:10+00:00,0.8724960070727973,-0.4886212414969547,5.0,2.7458333333333327,0.0,0.0,1303.3166666666666,1.0,0.0
5623,user119,2026-07-08T10:39:46+00:00,0,,10.65,5,10.146666666666667,1.2234014513278588,2026-06-22T11:41:10+00:00,0.34611705707749285,-0.9381913359224842,2.0,0.5033333333333339,0.0,0.0,5921.8,0.0,0.0
5650,user119,2026-07-09T11:00:33+00:00,0,,11.0,6,10.230555555555556,1.1324513180063507,2026-06-22T11:41:10+00:00,0.258819045102521,-0.9659258262890682,3.0,0.7694444444444439,0.0,0.0,1460.7833333333333,0.0,0.0
5630,user119,2026-07-09T11:17:21+00:00,0,,11.283333333333333,7,10.34047619047619,1.0824669481686502,2026-06-22T11:41:10+00:00,0.18652403600873463,-0.9824503977255098,3.0,0.9428571428571431,0.0,0.0,16.8,1.0,0.0
5657,user119,2026-07-11T22:13:59+00:00,1,unusual_hour+unusual_location,22.216666666666665,8,10.458333333333332,1.0594810050208545,2026-06-22T11:41:10+00:00,-0.45009844103743624,0.8929789434111364,5.0,11.758333333333333,1.0,0.0,3536.633333333333,0.0,11223.861979543246
5625,user119,2026-07-15T13:00:16+00:00,0,,13.0,9,11.764814814814814,3.8279144020484765,2026-06-22T11:41:10+00:00,-0.2588190451025208,-0.9659258262890683,2.0,1.2351851851851858,0.0,0.0,5206.283333333334,0.0,0.0
5628,user119,2026-07-16T09:09:15+00:00,0,,9.15,10,11.888333333333332,3.6503352205273174,2026-06-22T11:41:10+00:00,0.6788007455329417,-0.7343225094356856,3.0,2.7383333333333315,0.0,0.0,1208.9833333333333,1.0,0.0
5634,user119,2026-07-16T11:41:56+00:00,0,,11.683333333333334,11,11.639393939393939,3.5683745042228274,2026-06-22T11:41:10+00:00,0.08280820751220419,-0.9965655024977614,3.0,0.04393939393939483,0.0,0.0,152.68333333333334,2.0,0.0
5652,user119,2026-07-19T10:06:10+00:00,0,,10.1,12,11.643055555555556,3.416480064913392,2026-06-22T11:41:10+00:00,0.4771587602596086,-0.8788171126619653,6.0,1.543055555555556,0.0,0.0,4224.233333333334,0.0,0.0
5632,user119,2026-07-29T11:23:56+00:00,0,,11.383333333333333,13,11.524358974358973,3.3081007499760506,2026-06-22T11:41:10+00:00,0.16074256560382638,-0.9869963665602318,2.0,0.14102564102564052,0.0,0.0,14477.766666666666,0.0,0.0
5658,user119,2026-07-29T11:37:06+00:00,1,unusual_device+unusual_location,11.616666666666667,14,11.514285714285714,3.18797254289311,2026-06-22T11:41:10+00:00,0.10018806161207638,-0.9949685182509117,2.0,0.1023809523809529,1.0,1.0,13.166666666666666,1.0,7724.865120683398
5640,user119,2026-07-30T10:13:08+00:00,0,,10.216666666666667,15,11.52111111111111,3.0799799582480847,2026-06-22T11:41:10+00:00,0.45009844103743496,-0.892978943411137,3.0,1.304444444444444,0.0,0.0,1356.0333333333333,2.0,0.0
5648,user119,2026-08-02T10:57:39+00:00,0,,10.95,16,11.439583333333333,2.9988474348489285,2026-06-22T11:41:10+00:00,0.2714404498650746,-0.9624552364536472,6.0,0.4895833333333339,0.0,0.0,4364.516666666666,0.0,0.0
5633,user119,2026-08-06T11:12:02+00:00,0,,11.2,17,11.41078431372549,2.9115890882538533,2026-06-22T11:41:10+00:00,0.20791169081775931,-0.9781476007338057,3.0,0.21078431372549034,0.0,0.0,5774.383333333333,0.0,0.0
5639,user119,2026-08-06T11:16:20+00:00,0,,11.266666666666667,18,11.399074074074072,2.8299678935393677,2026-06-22T11:41:10+00:00,0.19080899537654497,-0.981627183447664,3.0,0.13240740740740442,0.0,0.0,4.3,1.0,0.0
5641,user119,2026-08-13T10:19:06+00:00,0,,10.316666666666666,19,11.392105263157895,2.754647154897337,2026-06-22T11:41:10+00:00,0.42656873990145855,-0.9044551454543679,3.0,1.075438596491228,0.0,0.0,10022.766666666666,0.0,0.0
5637,user119,2026-08-18T13:34:11+00:00,0,,13.566666666666666,20,11.338333333333333,2.695109253609005,2026-06-22T11:41:10+00:00,-0.3987490689252459,-0.9170600743851242,1.0,2.2283333333333335,0.0,0.0,7395.083333333333,0.0,0.0
5651,user119,2026-08-20T11:10:52+00:00,0,,11.166666666666666,21,11.444444444444443,2.6726239674245615,2026-06-22T11:41:10+00:00,0.21643961393810318,-0.9762960071199333,3.0,0.2777777777777768,0.0,0.0,2736.6833333333334,0.0,0.0
5622,user119,2026-08-21T09:19:11+00:00,0,,9.316666666666666,22,11.43181818181818,2.611817109486572,2026-06-22T11:41:10+00:00,0.6461239796429641,-0.7632324697825286,4.0,2.1151515151515135,0.0,0.0,1328.3166666666666,1.0,0.0
5629,user119,2026-08-22T09:53:47+00:00,0,,9.883333333333333,23,11.339855072463768,2.5905706901636827,2026-06-22T11:41:10+00:00,0.5262139236518698,-0.8503522249955627,5.0,1.4565217391304355,0.0,0.0,1474.6,0.0,0.0
5649,user119,2026-08-26T09:32:07+00:00,0,,9.533333333333333,24,11.279166666666667,2.55267311779168,2026-06-22T11:41:10+00:00,0.6018150231520486,-0.7986355100472926,2.0,1.7458333333333336,0.0,0.0,5738.333333333333,0.0,0.0
5659,user119,2026-08-28T12:35:59+00:00,0,,12.583333333333334,25,11.209333333333333,2.524388066663109,2026-06-22T11:41:10+00:00,-0.15212338618991683,-0.9883615104677607,4.0,1.3740000000000006,0.0,0.0,3063.866666666667,0.0,0.0
5660,user119,2026-08-28T12:37:12.469202+00:00,1,rapid_fire,12.616666666666667,26,11.262179487179488,2.4894287509880435,2026-06-22T11:41:10+00:00,-0.16074256560382613,-0.9869963665602319,4.0,1.3544871794871796,0.0,0.0,1.2244867,1.0,0.0
5661,user119,2026-08-28T12:38:10.103686+00:00,1,rapid_fire,12.633333333333333,27,11.312345679012346,2.4562492425263707,2026-06-22T11:41:10+00:00,-0.16504760586067743,-0.9862856015372314,4.0,1.3209876543209873,0.0,0.0,0.9605747333333333,2.0,0.0
5662,user119,2026-08-28T12:38:43.895496+00:00,1,rapid_fire,12.633333333333333,28,11.35952380952381,2.4244146264983506,2026-06-22T11:41:10+00:00,-0.16504760586067743,-0.9862856015372314,4.0,1.2738095238095237,0.0,0.0,0.5631968333333333,3.0,0.0
5642,user119,2026-08-30T10:04:02+00:00,0,,10.066666666666666,29,11.403448275862068,2.3935592828313363,2026-06-22T11:41:10+00:00,0.48480962024633717,-0.8746197071393957,6.0,1.336781609195402,0.0,0.0,2725.301741733333,0.0,0.0
5627,user119,2026-08-30T10:52:39+00:00,0,,10.866666666666667,30,11.358888888888888,2.3655307654877658,2026-06-22T11:41:10+00:00,0.2923717047227366,-0.9563047559630355,6.0,0.492222222222221,0.0,0.0,48.61666666666667,1.0,0.0
5644,user119,2026-08-30T12:34:20+00:00,0,,12.566666666666666,31,11.343010752688171,2.3286888268324146,2026-06-22T11:41:10+00:00,-0.14780941112961016,-0.9890158633619169,6.0,1.2236559139784955,0.0,0.0,101.68333333333334,2.0,0.0
5631,user119,2026-08-31T10:29:32+00:00,0,,10.483333333333333,32,11.38125,2.3018815899534593,2026-06-22T11:41:10+00:00,0.3867109616368213,-0.9222009716704516,0.0,0.8979166666666671,0.0,0.0,1315.2,2.0,0.0
5636,user119,2026-08-31T10:53:18+00:00,0,,10.883333333333333,33,11.354040404040404,2.2719562103915067,2026-06-22T11:41:10+00:00,0.28819626813408944,-0.9575713608048144,0.0,0.4707070707070713,0.0,0.0,23.766666666666666,2.0,0.0
5621,user119,2026-09-02T10:41:08+00:00,0,,10.683333333333334,34,11.340196078431372,2.239708189030608,2026-06-22T11:41:10+00:00,0.3379167180033274,-0.9411760152563705,2.0,0.6568627450980387,0.0,0.0,2867.8333333333335,0.0,0.0
5626,user119,2026-09-02T10:58:05+00:00,0,,10.966666666666667,35,11.321428571428571,2.210191299012665,2026-06-22T11:41:10+00:00,0.2672383760782566,-0.9636304532086231,2.0,0.3547619047619044,0.0,0.0,16.95,1.0,0.0
5646,user119,2026-09-07T11:45:11+00:00,0,,11.75,36,11.311574074074073,2.1800576906670353,2026-06-22T11:41:10+00:00,0.06540312923014312,-0.9978589232386035,0.0,0.43842592592592666,0.0,0.0,7247.1,0.0,0.0
5653,user119,2026-09-08T22:30:02+00:00,1,unusual_hour,22.5,37,11.323423423423423,2.151570623530618,2026-06-22T11:41:10+00:00,-0.38268343236508956,0.9238795325112868,1.0,11.176576576576577,0.0,0.0,2084.85,0.0,0.0
5654,user119,2026-09-10T10:20:17+00:00,1,unusual_location,10.333333333333334,38,11.617543859649123,2.776362073836083,2026-06-22T11:41:10+00:00,0.4226182617406995,-0.9063077870366499,3.0,1.284210526315789,1.0,0.0,2150.25,0.0,14370.778455992551
5647,user119,2026-09-15T11:10:02+00:00,0,,11.166666666666666,39,11.584615384615384,2.7480435532555747,2026-06-22T11:41:10+00:00,0.21643961393810318,-0.9762960071199333,1.0,0.41794871794871824,0.0,0.0,7249.75,0.0,0.0
5635,user119,2026-09-16T09:33:47+00:00,0,,9.55,40,11.574166666666667,2.7142600536589874,2026-06-22T11:41:10+00:00,0.5983246005706588,-0.8012538126910608,2.0,2.024166666666666,0.0,0.0,1343.75,1.0,0.0
5624,user119,2026-09-18T08:36:14+00:00,0,,8.6,41,11.524796747967478,2.699076731512287,2026-06-22T11:41:10+00:00,0.777145961456971,-0.6293203910498373,4.0,2.924796747967479,0.0,0.0,2822.45,0.0,0.0
5705,user120,2026-06-27T09:06:05+00:00,1,unusual_location,9.1,0,,,,0.6883545756937542,-0.7253743710122874,5.0,0.0,1.0,1.0,1440.0,0.0,0.0
5692,user120,2026-06-27T09:08:22+00:00,0,,9.133333333333333,1,9.1,0.0,2026-06-27T09:06:05+00:00,0.6819983600624985,-0.7313537016191705,5.0,0.033333333333333215,1.0,0.0,2.283333333333333,1.0,11223.861979543246
5679,user120,2026-06-27T12:25:42+00:00,0,,12.416666666666666,2,9.116666666666667,0.016666666666666607,2026-06-27T09:06:05+00:00,-0.10886687485196432,-0.9940563382223196,5.0,3.299999999999999,0.0,0.0,197.33333333333334,2.0,11223.861979543246
5704,user120,2026-06-27T21:24:32+00:00,1,unusual_hour,21.4,3,10.216666666666667,1.5556944382446012,2026-06-27T09:06:05+00:00,-0.6293203910498378,0.7771459614569706,5.0,11.183333333333332,0.0,0.0,538.8333333333334,3.0,11223.861979543246
5686,user120,2026-06-28T11:37:15+00:00,0,,11.616666666666667,4,13.0125,5.026449141513542,2026-06-27T09:06:05+00:00,0.10018806161207638,-0.9949685182509117,6.0,1.3958333333333321,0.0,0.0,852.7166666666667,2.0,11223.861979543246
5668,user120,2026-07-01T10:08:28+00:00,0,,10.133333333333333,5,12.733333333333333,4.530329887424191,2026-06-27T09:06:05+00:00,0.4694715627858911,-0.8829475928589268,2.0,2.5999999999999996,0.0,0.0,4231.216666666666,0.0,11223.861979543246
5669,user120,2026-07-04T10:24:50+00:00,0,,10.4,6,12.299999999999999,4.24760280977749,2026-06-27T09:06:05+00:00,0.40673664307580043,-0.9135454576426008,5.0,1.8999999999999986,0.0,0.0,4336.366666666667,0.0,11223.861979543246
5671,user120,2026-07-07T10:35:24+00:00,0,,10.583333333333334,7,12.028571428571428,3.9883233765592614,2026-06-27T09:06:05+00:00,0.36243803828370136,-0.9320078692827987,1.0,1.4452380952380945,0.0,0.0,4330.566666666667,0.0,11223.861979543246
5670,user120,2026-07-07T11:04:22+00:00,0,,11.066666666666666,8,11.847916666666666,3.761227982654069,2026-06-27T09:06:05+00:00,0.24192189559966817,-0.9702957262759964,1.0,0.78125,0.0,0.0,28.966666666666665,1.0,11223.861979543246
5672,user120,2026-07-11T10:05:30+00:00,0,,10.083333333333334,9,11.761111111111111,3.55460924907088,2026-06-27T09:06:05+00:00,0.48098876891938763,-0.8767267557075077,5.0,1.6777777777777771,0.0,0.0,5701.133333333333,0.0,11223.861979543246
5682,user120,2026-07-15T10:16:38+00:00,0,,10.266666666666667,10,11.593333333333332,3.409555200706782,2026-06-27T09:06:05+00:00,0.4383711467890773,-0.898794046299167,2.0,1.3266666666666644,0.0,0.0,5771.133333333333,0.0,11223.861979543246
5706,user120,2026-07-18T08:48:51+00:00,1,unusual_device,8.8,11,11.47272727272727,3.2731789811728214,2026-06-27T09:06:05+00:00,0.7431448254773942,-0.6691306063588582,5.0,2.67272727272727,0.0,1.0,4232.216666666666,0.0,11223.861979543246
5703,user120,2026-07-18T09:07:08+00:00,0,,9.116666666666667,12,11.25,3.21971645864571,2026-06-27T09:06:05+00:00,0.685182990326359,-0.7283709698824004,5.0,2.133333333333333,0.0,0.0,18.283333333333335,1.0,11223.861979543246
5699,user120,2026-07-19T10:13:24+00:00,0,,10.216666666666667,13,11.085897435897436,3.1452028738518174,2026-06-27T09:06:05+00:00,0.45009844103743496,-0.892978943411137,6.0,0.8692307692307697,0.0,0.0,1506.2666666666667,0.0,11223.861979543246
5698,user120,2026-07-19T11:13:34+00:00,0,,11.216666666666667,14,11.023809523809524,3.0390495217197184,2026-06-27T09:06:05+00:00,0.2036417511401777,-0.9790454724845838,6.0,0.19285714285714306,0.0,0.0,60.166666666666664,1.0,11223.861979543246
5683,user120,2026-07-23T10:20:40+00:00,0,,10.333333333333334,15,11.036666666666667,2.936394866978011,2026-06-27T09:06:05+00:00,0.4226182617406995,-0.9063077870366499,3.0,0.7033333333333331,0.0,0.0,5707.1,0.0,11223.861979543246
5674,user120,2026-07-25T12:23:31+00:00,0,,12.383333333333333,16,10.992708333333335,2.8482448832448646,2026-06-27T09:06:05+00:00,-0.10018806161207613,-0.9949685182509117,5.0,1.3906249999999982,0.0,0.0,3002.85,0.0,11223.861979543246
5691,user120,2026-07-26T09:40:17+00:00,0,,9.666666666666666,17,11.07450980392157,2.782509081000742,2026-06-27T09:06:05+00:00,0.5735764363510464,-0.8191520442889916,6.0,1.407843137254904,0.0,0.0,1276.7666666666667,1.0,11223.861979543246
5697,user120,2026-07-26T11:26:39+00:00,0,,11.433333333333334,18,10.996296296296297,2.7232739213087083,2026-06-27T09:06:05+00:00,0.14780941112961038,-0.9890158633619168,6.0,0.43703703703703667,0.0,0.0,106.36666666666666,2.0,11223.861979543246
5681,user120,2026-07-27T08:40:49+00:00,0,,8.666666666666666,19,11.019298245614035,2.652436059813776,2026-06-27T09:06:05+00:00,0.7660444431189783,-0.642787609686539,0.0,2.352631578947369,0.0,0.0,1274.1666666666667,2.0,11223.861979543246
5695,user120,2026-07-27T11:35:19+00:00,0,,11.583333333333334,20,10.901666666666667,2.6356313812401337,2026-06-27T09:06:05+00:00,0.10886687485196457,-0.9940563382223196,0.0,0.6816666666666666,0.0,0.0,174.5,1.0,11223.861979543246
5700,user120,2026-07-27T12:08:36+00:00,0,,12.133333333333333,21,10.934126984126985,2.57620612421775,2026-06-27T09:06:05+00:00,-0.034899496702500456,-0.9993908270190958,0.0,1.1992063492063476,0.0,0.0,33.28333333333333,2.0,11223.861979543246
5680,user120,2026-08-02T11:17:52+00:00,0,,11.283333333333333,22,10.988636363636363,2.529339886553009,2026-06-27T09:06:05+00:00,0.18652403600873463,-0.9824503977255098,6.0,0.2946969696969699,0.0,0.0,8589.266666666666,0.0,11223.861979543246
5684,user120,2026-08-03T09:32:25+00:00,0,,9.533333333333333,23,11.001449275362319,2.4744731203374224,2026-06-27T09:06:05+00:00,0.6018150231520486,-0.7986355100472926,0.0,1.4681159420289855,0.0,0.0,1334.55,1.0,11223.861979543246
5676,user120,2026-08-06T10:43:08+00:00,0,,10.716666666666667,24,10.940277777777778,2.4400730325793503,2026-06-27T09:06:05+00:00,0.32969064526278735,-0.9440890203927842,3.0,0.22361111111111143,0.0,0.0,4390.716666666666,0.0,11223.861979543246
5678,user120,2026-08-06T10:49:19+00:00,0,,10.816666666666666,25,10.931333333333333,2.391175071428736,2026-06-27T09:06:05+00:00,0.30486429902801077,-0.9523957996432784,3.0,0.11466666666666647,0.0,0.0,6.183333333333334,1.0,11223.861979543246
5689,user120,2026-08-08T09:37:22+00:00,0,,9.616666666666667,26,10.926923076923076,2.3448437564038436,2026-06-27T09:06:05+00:00,0.5842496656374344,-0.8115739819650123,5.0,1.3102564102564092,0.0,0.0,2808.05,0.0,11223.861979543246
5702,user120,2026-08-11T10:42:56+00:00,0,,10.7,27,10.878395061728394,2.3142776331433947,2026-06-27T09:06:05+00:00,0.3338068592337712,-0.9426414910921783,1.0,0.17839506172839492,0.0,0.0,4385.566666666667,0.0,11223.861979543246
5696,user120,2026-08-12T10:32:57+00:00,0,,10.533333333333333,28,10.872023809523808,2.272816646227674,2026-06-27T09:06:05+00:00,0.3746065934159118,-0.9271838545667875,2.0,0.3386904761904752,0.0,0.0,1430.0166666666667,1.0,11223.861979543246
5666,user120,2026-08-14T11:58:40+00:00,0,,11.966666666666667,29,10.860344827586207,2.2341412751694496,2026-06-27T09:06:05+00:00,0.008726535498373959,-0.9999619230641713,4.0,1.1063218390804597,0.0,0.0,2965.7166666666667,0.0,11223.861979543246
5685,user120,2026-08-15T11:36:44+00:00,0,,11.6,30,10.89722222222222,2.2055489084702518,2026-06-27T09:06:05+00:00,0.10452846326765373,-0.9945218953682733,5.0,0.7027777777777793,0.0,0.0,1418.0666666666666,1.0,11223.861979543246
5664,user120,2026-08-18T11:47:44+00:00,0,,11.783333333333333,31,10.91989247311828,2.1732341299133067,2026-06-27T09:06:05+00:00,0.056692787563378096,-0.9983916705573488,1.0,0.8634408602150536,0.0,0.0,4331.0,0.0,11223.861979543246
5701,user120,2026-08-22T11:57:41+00:00,0,,11.95,32,10.946875,2.1442770954689547,2026-06-27T09:06:05+00:00,0.013089595571344636,-0.999914327574007,5.0,1.003124999999999,0.0,0.0,5769.95,0.0,11223.861979543246
5693,user120,2026-08-23T10:13:50+00:00,0,,10.216666666666667,33,10.977272727272727,2.1185282443840183,2026-06-27T09:06:05+00:00,0.45009844103743496,-0.892978943411137,6.0,0.7606060606060598,0.0,0.0,1336.15,1.0,11223.861979543246
5687,user120,2026-08-24T12:22:57+00:00,0,,12.366666666666667,34,10.954901960784312,2.0910935056117985,2026-06-27T09:06:05+00:00,-0.09584575252022366,-0.9953961983671789,0.0,1.411764705882355,0.0,0.0,1569.1166666666666,0.0,11223.861979543246
5708,user120,2026-08-25T09:16:04+00:00,1,unusual_device+unusual_location,9.266666666666667,35,10.995238095238095,2.0743810376453027,2026-06-27T09:06:05+00:00,0.6560590289905073,-0.754709580222772,1.0,1.7285714285714278,1.0,1.0,1253.1166666666666,1.0,6373.67278915405
5665,user120,2026-08-26T08:18:31+00:00,0,,8.3,36,10.947222222222221,2.0649989537557505,2026-06-27T09:06:05+00:00,0.8241261886220155,-0.566406236924833,2.0,2.6472222222222204,0.0,0.0,1382.45,1.0,11223.861979543246
5677,user120,2026-08-26T10:00:03+00:00,0,,10.0,37,10.875675675675675,2.0816465048345765,2026-06-27T09:06:05+00:00,0.49999999999999994,-0.8660254037844387,2.0,0.8756756756756747,0.0,0.0,101.53333333333333,1.0,11223.861979543246
5690,user120,2026-08-26T10:55:47+00:00,0,,10.916666666666666,38,10.852631578947367,2.058850976588177,2026-06-27T09:06:05+00:00,0.2798290140309927,-0.9600498543859285,2.0,0.064035087719299,0.0,0.0,55.733333333333334,2.0,11223.861979543246
5694,user120,2026-09-01T10:34:21+00:00,0,,10.566666666666666,39,10.854273504273504,2.03230924872677,2026-06-27T09:06:05+00:00,0.3665012267242976,-0.9304175679820245,1.0,0.2876068376068375,0.0,0.0,8618.566666666668,0.0,11223.861979543246
5688,user120,2026-09-02T11:27:41+00:00,0,,11.45,40,10.847083333333334,2.0072468966638524,2026-06-27T09:06:05+00:00,0.1434926219911798,-0.9896513868196701,2.0,0.6029166666666654,0.0,0.0,1493.3333333333333,0.0,11223.861979543246
5663,user120,2026-09-06T10:26:27+00:00,0,,10.433333333333334,41,10.861788617886178,1.9847973823754752,2026-06-27T09:06:05+00:00,0.39874906892524614,-0.917060074385124,6.0,0.4284552845528449,0.0,0.0,5698.766666666666,0.0,11223.861979543246
5675,user120,2026-09-09T10:15:36+00:00,0,,10.25,42,10.851587301587301,1.9621140793460123,2026-06-27T09:06:05+00:00,0.4422886902190017,-0.8968727415326881,2.0,0.6015873015873012,0.0,0.0,4309.15,0.0,11223.861979543246
5673,user120,2026-09-10T11:11:55+00:00,0,,11.183333333333334,43,10.837596899224806,1.9412830842564817,2026-06-27T09:06:05+00:00,0.2121776721564464,-0.9772311064626789,3.0,0.3457364341085274,0.0,0.0,1496.3166666666666,0.0,11223.861979543246
5667,user120,2026-09-12T12:26:45+00:00,0,,12.433333333333334,44,10.845454545454546,1.9197878527194183,2026-06-27T09:06:05+00:00,-0.11320321376790664,-0.9935718556765875,5.0,1.587878787878788,0.0,0.0,2954.8333333333335,0.0,11223.861979543246
5707,user120,2026-09-12T23:35:33+00:00,1,unusual_device+unusual_hour,23.583333333333332,45,10.880740740740741,1.9127123639234476,2026-06-27T09:06:05+00:00,-0.10886687485196514,0.9940563382223195,5.0,11.297407407407409,0.0,0.0,668.8,1.0,11223.861979543246
5737,user121,2026-06-24T14:43:34+00:00,0,,14.716666666666667,0,,,,-0.6527597524627221,-0.7575649843840498,2.0,0.0,1.0,1.0,1440.0,0.0,0.0
5743,user121,2026-06-27T14:20:54+00:00,1,unusual_device,14.333333333333334,1,14.716666666666667,0.0,2026-06-24T14:43:34+00:00,-0.5735764363510458,-0.819152044288992,5.0,0.38333333333333286,0.0,1.0,4297.333333333333,0.0,0.0
5745,user121,2026-06-29T02:41:37+00:00,1,unusual_device+unusual_hour,2.6833333333333336,2,14.525,0.19166666666666643,2026-06-24T14:43:34+00:00,0.646123979642964,0.7632324697825288,0.0,11.841666666666667,0.0,1.0,2180.7166666666667,0.0,0.0
5734,user121,2026-07-01T15:10:26+00:00,0,,15.166666666666666,3,10.577777777777778,5.584408409487134,2026-06-24T14:43:34+00:00,-0.7372773368101239,-0.6755902076156604,2.0,4.588888888888889,0.0,0.0,3628.8166666666666,0.0,0.0
5731,user121,2026-07-11T14:30:57+00:00,0,,14.5,4,11.725,5.2285341582937415,2026-06-24T14:43:34+00:00,-0.6087614290087207,-0.7933533402912352,5.0,2.7750000000000004,0.0,0.0,14360.516666666666,0.0,0.0
5728,user121,2026-07-12T15:40:31+00:00,0,,15.666666666666666,5,12.28,4.806470176288994,2026-06-24T14:43:34+00:00,-0.8191520442889916,-0.5735764363510464,6.0,3.3866666666666667,0.0,0.0,1509.5666666666666,0.0,0.0
5740,user121,2026-07-13T03:07:24+00:00,1,unusual_hour,3.1166666666666667,6,12.844444444444443,4.565608825843196,2026-06-24T14:43:34+00:00,0.7283709698824002,0.6851829903263592,0.0,9.727777777777776,0.0,0.0,686.8833333333333,1.0,0.0
5732,user121,2026-07-15T15:50:32+00:00,0,,15.833333333333334,7,11.454761904761904,5.427178183784714,2026-06-24T14:43:34+00:00,-0.8433914458128859,-0.5372996083468234,2.0,4.37857142857143,0.0,0.0,3643.133333333333,0.0,0.0
5712,user121,2026-07-17T17:11:27+00:00,0,,17.183333333333334,8,12.002083333333331,5.279148168212789,2026-06-24T14:43:34+00:00,-0.9772311064626789,-0.21217767215644648,4.0,5.181250000000002,0.0,0.0,2960.9166666666665,0.0,0.0
5722,user121,2026-07-22T16:01:04+00:00,0,,16.016666666666666,9,12.577777777777776,5.236811771570962,2026-06-24T14:43:34+00:00,-0.8681988144891424,-0.4962165036752081,2.0,3.43888888888889,0.0,0.0,7129.616666666667,0.0,0.0
5729,user121,2026-07-27T14:51:52+00:00,0,,14.85,10,12.921666666666663,5.074062858192524,2026-06-24T14:43:34+00:00,-0.6788007455329418,-0.7343225094356856,0.0,1.9283333333333363,0.0,0.0,7130.8,0.0,0.0
5713,user121,2026-07-31T14:23:59+00:00,0,,14.383333333333333,11,13.096969696969694,4.869586184178521,2026-06-24T14:43:34+00:00,-0.5842496656374342,-0.8115739819650124,4.0,1.2863636363636388,0.0,0.0,5732.116666666667,0.0,0.0
5723,user121,2026-08-01T16:55:39+00:00,0,,16.916666666666668,12,13.204166666666664,4.675810114994136,2026-06-24T14:43:34+00:00,-0.9600498543859286,-0.27982901403099236,5.0,3.712500000000004,0.0,0.0,1591.6666666666667,0.0,0.0
5746,user121,2026-08-02T03:42:42+00:00,1,unusual_hour+unusual_location,3.7,13,13.489743589743586,4.600007146322666,2026-06-24T14:43:34+00:00,0.8241261886220157,0.5664062369248328,6.0,9.789743589743587,1.0,0.0,647.05,1.0,11028.039472221959
5727,user121,2026-08-03T16:17:17+00:00,0,,16.283333333333335,14,12.790476190476186,5.0995397951627925,2026-06-24T14:43:34+00:00,-0.900698239322588,-0.43444525740441686,0.0,3.492857142857149,0.0,0.0,2194.5833333333335,0.0,0.0
5719,user121,2026-08-08T13:47:56+00:00,0,,13.783333333333333,15,13.02333333333333,5.003072389375686,2026-06-24T14:43:34+00:00,-0.45009844103743474,-0.8929789434111371,5.0,0.7600000000000033,0.0,0.0,7050.65,0.0,0.0
5718,user121,2026-08-12T16:49:41+00:00,0,,16.816666666666666,16,13.07083333333333,4.8476959733465135,2026-06-24T14:43:34+00:00,-0.9523957996432783,-0.3048642990280112,2.0,3.745833333333337,0.0,0.0,5941.75,0.0,0.0
5717,user121,2026-08-15T14:21:16+00:00,0,,14.35,17,13.291176470588232,4.784831416864379,2026-06-24T14:43:34+00:00,-0.5771451900372334,-0.816641555161679,5.0,1.058823529411768,0.0,0.0,4171.583333333333,0.0,0.0
5720,user121,2026-08-16T15:29:48+00:00,0,,15.483333333333333,18,13.349999999999996,4.656341089920176,2026-06-24T14:43:34+00:00,-0.7906895737438433,-0.6122172800344493,6.0,2.1333333333333364,0.0,0.0,1508.5333333333333,0.0,0.0
5715,user121,2026-08-17T17:54:34+00:00,0,,17.9,19,13.46228070175438,4.557115899855445,2026-06-24T14:43:34+00:00,-0.9996573249755573,-0.026176948307873482,0.0,4.437719298245618,0.0,0.0,1584.7666666666667,0.0,0.0
5742,user121,2026-08-18T14:09:08+00:00,1,unusual_location,14.15,20,13.68416666666666,4.545808432562414,2026-06-24T14:43:34+00:00,-0.5336145159156115,-0.8457278217039733,1.0,0.46583333333333954,0.0,0.0,1214.5666666666666,1.0,11028.039472221959
5724,user121,2026-08-18T14:36:42+00:00,0,,14.6,21,13.7063492063492,4.4373638325943965,2026-06-24T14:43:34+00:00,-0.6293203910498373,-0.7771459614569711,1.0,0.8936507936507994,0.0,0.0,27.566666666666666,2.0,0.0
5735,user121,2026-08-18T16:50:30+00:00,0,,16.833333333333332,22,13.746969696969693,4.339336274375613,2026-06-24T14:43:34+00:00,-0.9537169507482267,-0.3007057995042738,1.0,3.0863636363636395,0.0,0.0,133.8,3.0,0.0
5709,user121,2026-08-19T15:41:27+00:00,0,,15.683333333333334,23,13.88115942028985,4.29037318159937,2026-06-24T14:43:34+00:00,-0.8216469379421638,-0.5699967625963028,2.0,1.8021739130434842,0.0,0.0,1370.95,1.0,0.0
5710,user121,2026-08-23T16:11:49+00:00,0,,16.183333333333334,24,13.956249999999995,4.215450012498116,2026-06-24T14:43:34+00:00,-0.8890171414857364,-0.45787391511695663,6.0,2.227083333333338,0.0,0.0,5790.366666666667,0.0,0.0
5738,user121,2026-08-24T14:41:24+00:00,0,,14.683333333333334,25,14.045333333333328,4.153273193786104,2026-06-24T14:43:34+00:00,-0.6461239796429636,-0.7632324697825291,0.0,0.6380000000000052,0.0,0.0,1349.5833333333333,1.0,0.0
5716,user121,2026-08-25T14:03:03+00:00,0,,14.05,26,14.06987179487179,4.074467138436132,2026-06-24T14:43:34+00:00,-0.5112930860770519,-0.8594064115014528,1.0,0.019871794871789916,0.0,0.0,1401.65,1.0,0.0
5711,user121,2026-08-29T15:40:47+00:00,0,,15.666666666666666,27,14.069135802469132,3.9983039194871735,2026-06-24T14:43:34+00:00,-0.8191520442889916,-0.5735764363510464,5.0,1.5975308641975339,0.0,0.0,5857.733333333334,0.0,0.0
5741,user121,2026-08-30T02:58:22+00:00,1,unusual_hour,2.966666666666667,28,14.126190476190473,3.9374333669631003,2026-06-24T14:43:34+00:00,0.7009092642998509,0.7132504491541816,6.0,11.159523809523806,0.0,0.0,677.5833333333334,1.0,0.0
5744,user121,2026-08-31T15:22:14+00:00,1,unusual_device,15.366666666666667,29,13.741379310344824,4.372071807576635,2026-06-24T14:43:34+00:00,-0.77162458338772,-0.6360782202777638,0.0,1.6252873563218433,0.0,0.0,2183.866666666667,0.0,0.0
5721,user121,2026-09-02T16:46:29+00:00,0,,16.766666666666666,30,13.795555555555552,4.308475568968108,2026-06-24T14:43:34+00:00,-0.9483236552061992,-0.31730465640509264,2.0,2.9711111111111137,0.0,0.0,2964.25,0.0,0.0
5730,user121,2026-09-03T13:30:21+00:00,0,,13.5,31,13.891397849462361,4.270799558676296,2026-06-24T14:43:34+00:00,-0.38268343236508967,-0.9238795325112868,3.0,0.39139784946236134,0.0,0.0,1243.8666666666666,1.0,0.0
5725,user121,2026-09-03T14:11:39+00:00,0,,14.183333333333334,32,13.879166666666663,4.204090270201153,2026-06-24T14:43:34+00:00,-0.5409744713679941,-0.8410390129643923,3.0,0.3041666666666707,0.0,0.0,41.3,2.0,0.0
5726,user121,2026-09-07T16:50:35+00:00,0,,16.833333333333332,33,13.888383838383835,4.140230244676101,2026-06-24T14:43:34+00:00,-0.9537169507482267,-0.3007057995042738,0.0,2.9449494949494976,0.0,0.0,5918.933333333333,0.0,0.0
5747,user121,2026-09-15T15:05:24+00:00,0,,15.083333333333334,34,13.974999999999996,4.109126718126483,2026-06-24T14:43:34+00:00,-0.7223639620597557,-0.6915130557822692,1.0,1.1083333333333378,0.0,0.0,11414.816666666668,0.0,0.0
5748,user121,2026-09-15T15:06:11.474926+00:00,1,rapid_fire,15.1,35,14.006666666666662,4.054206516223671,2026-06-24T14:43:34+00:00,-0.7253743710122873,-0.6883545756937542,1.0,1.0933333333333373,0.0,0.0,0.7912487666666668,1.0,0.0
5749,user121,2026-09-15T15:07:29.748505+00:00,1,rapid_fire,15.116666666666667,36,14.037037037037033,4.001537341746755,2026-06-24T14:43:34+00:00,-0.7283709698824001,-0.6851829903263593,1.0,1.0796296296296344,0.0,0.0,1.30455965,2.0,0.0
5750,user121,2026-09-15T15:07:58.829108+00:00,1,rapid_fire,15.116666666666667,37,14.066216216216212,3.9509729795054382,2026-06-24T14:43:34+00:00,-0.7283709698824001,-0.6851829903263593,1.0,1.0504504504504553,0.0,0.0,0.4846767166666667,3.0,0.0
5733,user121,2026-09-16T14:17:13+00:00,0,,14.283333333333333,38,14.093859649122802,3.9022643393872842,2026-06-24T14:43:34+00:00,-0.5628049276950682,-0.8265897491271889,2.0,0.18947368421053135,0.0,0.0,1389.2361815333331,4.0,0.0
5714,user121,2026-09-16T15:57:20+00:00,0,,15.95,39,14.098717948717944,3.8520268550409984,2026-06-24T14:43:34+00:00,-0.8594064115014524,-0.5112930860770525,2.0,1.8512820512820554,0.0,0.0,100.11666666666666,1.0,0.0
5739,user121,2026-09-19T14:46:49+00:00,0,,14.766666666666667,40,14.144999999999996,3.8145376157828386,2026-06-24T14:43:34+00:00,-0.6626200482157372,-0.7489557207890024,5.0,0.6216666666666715,0.0,0.0,4249.483333333334,0.0,0.0
5736,user121,2026-09-19T16:30:26+00:00,0,,16.5,41,14.160162601626013,3.76895188978905,2026-06-24T14:43:34+00:00,-0.9238795325112868,-0.3826834323650895,5.0,2.3398373983739873,0.0,0.0,103.61666666666666,1.0,0.0
5756,user122,2026-06-28T10:27:03+00:00,0,,10.45,0,,,,0.3947438563842674,-0.9187912101488982,6.0,0.0,1.0,1.0,1440.0,0.0,0.0
5751,user122,2026-06-30T11:10:15+00:00,0,,11.166666666666666,1,10.45,0.0,2026-06-28T10:27:03+00:00,0.21643961393810318,-0.9762960071199333,1.0,0.7166666666666668,0.0,1.0,2923.2,0.0,0.0
5784,user122,2026-07-02T22:47:06+00:00,1,unusual_device+unusual_hour,22.783333333333335,2,10.808333333333334,0.3583333333333334,2026-06-28T10:27:03+00:00,-0.31316380648374953,0.949699126201877,3.0,11.975000000000001,0.0,1.0,3576.85,0.0,0.0
5754,user122,2026-07-05T12:58:04+00:00,0,,12.966666666666667,3,14.800000000000002,5.652646053611301,2026-06-28T10:27:03+00:00,-0.25038000405444155,-0.9681476403781077,6.0,1.8333333333333357,0.0,0.0,3730.9666666666667,0.0,0.0
5783,user122,2026-07-05T13:23:10+00:00,1,unusual_device,13.383333333333333,4,14.341666666666669,4.959285622838122,2026-06-28T10:27:03+00:00,-0.3542910379977154,-0.9351352096860118,6.0,0.9583333333333357,0.0,1.0,25.1,1.0,0.0
5782,user122,2026-07-06T11:51:53+00:00,1,unusual_location,11.85,5,14.15,4.45225286293979,2026-06-28T10:27:03+00:00,0.03925981575906895,-0.9992290362407229,0.0,2.3000000000000007,1.0,0.0,1348.7166666666667,2.0,14289.194549388558
5757,user122,2026-07-07T11:52:24+00:00,0,,11.866666666666667,6,13.766666666666666,4.153735489715074,2026-06-28T10:27:03+00:00,0.0348994967025007,-0.9993908270190958,1.0,1.8999999999999986,0.0,0.0,1440.5166666666667,0.0,0.0
5772,user122,2026-07-09T10:51:15+00:00,0,,10.85,7,13.495238095238095,3.902662037002012,2026-06-28T10:27:03+00:00,0.296541574975571,-0.9550199444571866,3.0,2.6452380952380956,0.0,0.0,2818.85,0.0,0.0
5769,user122,2026-07-12T11:27:06+00:00,0,,11.45,8,13.164583333333333,3.753964917812455,2026-06-28T10:27:03+00:00,0.1434926219911798,-0.9896513868196701,6.0,1.7145833333333336,0.0,0.0,4355.85,0.0,0.0
5777,user122,2026-07-13T09:22:24+00:00,0,,9.366666666666667,9,12.974074074074075,3.580055444007447,2026-06-28T10:27:03+00:00,0.6360782202777638,-0.77162458338772,0.0,3.6074074074074076,0.0,0.0,1315.3,1.0,0.0
5773,user122,2026-07-13T11:08:52+00:00,0,,11.133333333333333,10,12.613333333333333,3.5645928550428065,2026-06-28T10:27:03+00:00,0.2249510543438652,-0.9743700647852351,0.0,1.4800000000000004,0.0,0.0,106.46666666666667,2.0,0.0
5771,user122,2026-07-14T12:30:04+00:00,0,,12.5,11,12.478787878787877,3.4252338334178667,2026-06-28T10:27:03+00:00,-0.13052619222005177,-0.9914448613738104,1.0,0.021212121212123236,0.0,0.0,1521.2,0.0,0.0
5753,user122,2026-07-23T13:48:31+00:00,0,,13.8,12,12.480555555555554,3.2794169630109486,2026-06-28T10:27:03+00:00,-0.4539904997395471,-0.8910065241883677,3.0,1.3194444444444464,0.0,0.0,13038.45,0.0,0.0
5770,user122,2026-07-24T13:58:40+00:00,0,,13.966666666666667,13,12.582051282051282,3.170318148035512,2026-06-28T10:27:03+00:00,-0.49242356010346694,-0.8703556959398998,4.0,1.384615384615385,0.0,0.0,1450.15,0.0,0.0
5774,user122,2026-07-28T12:04:46+00:00,0,,12.066666666666666,14,12.68095238095238,3.075736181993588,2026-06-28T10:27:03+00:00,-0.017452406437283637,-0.9998476951563913,1.0,0.6142857142857139,0.0,0.0,5646.1,0.0,0.0
5768,user122,2026-07-29T09:49:26+00:00,0,,9.816666666666666,15,12.639999999999999,2.975391664227679,2026-06-28T10:27:03+00:00,0.540974471367994,-0.8410390129643924,2.0,2.8233333333333324,0.0,0.0,1304.6666666666667,1.0,0.0
5761,user122,2026-07-29T11:14:52+00:00,0,,11.233333333333333,16,12.463541666666666,2.9608628783472906,2026-06-28T10:27:03+00:00,0.19936793441719725,-0.9799247046208296,2.0,1.2302083333333336,0.0,0.0,85.43333333333334,2.0,0.0
5778,user122,2026-07-31T11:10:32+00:00,0,,11.166666666666666,17,12.391176470588235,2.88700671392426,2026-06-28T10:27:03+00:00,0.21643961393810318,-0.9762960071199333,4.0,1.2245098039215687,0.0,0.0,2875.6666666666665,0.0,0.0
5762,user122,2026-07-31T11:13:59+00:00,0,,11.216666666666667,18,12.323148148148146,2.8196518198989633,2026-06-28T10:27:03+00:00,0.2036417511401777,-0.9790454724845838,4.0,1.1064814814814792,0.0,0.0,3.45,1.0,0.0
5763,user122,2026-08-06T11:07:49+00:00,0,,11.116666666666667,19,12.264912280701752,2.7555467438971895,2026-06-28T10:27:03+00:00,0.22920039092241454,-0.9733792584604484,3.0,1.1482456140350852,0.0,0.0,8633.833333333334,0.0,0.0
5760,user122,2026-08-07T10:49:42+00:00,0,,10.816666666666666,20,12.2075,2.6974086072459333,2026-06-28T10:27:03+00:00,0.30486429902801077,-0.9523957996432784,4.0,1.3908333333333331,0.0,0.0,1421.8833333333334,1.0,0.0
5781,user122,2026-08-08T23:44:50+00:00,1,unusual_hour,23.733333333333334,21,12.14126984126984,2.6490120902271883,2026-06-28T10:27:03+00:00,-0.06975647374412476,0.9975640502598243,5.0,11.592063492063494,0.0,0.0,2215.133333333333,0.0,0.0
5775,user122,2026-08-10T10:06:20+00:00,0,,10.1,22,12.668181818181818,3.5395846254154604,2026-06-28T10:27:03+00:00,0.4771587602596086,-0.8788171126619653,0.0,2.5681818181818183,0.0,0.0,2061.5,0.0,0.0
5767,user122,2026-08-12T12:21:24+00:00,0,,12.35,23,12.556521739130435,3.5011755759713936,2026-06-28T10:27:03+00:00,-0.09150161866340234,-0.9958049275746618,2.0,0.20652173913043548,0.0,0.0,3015.0666666666666,0.0,0.0
5776,user122,2026-08-16T11:04:57+00:00,0,,11.066666666666666,24,12.547916666666667,3.4277067990805405,2026-06-28T10:27:03+00:00,0.24192189559966817,-0.9702957262759964,6.0,1.481250000000001,0.0,0.0,5683.55,0.0,0.0
5766,user122,2026-08-17T13:27:43+00:00,0,,13.45,25,12.488666666666667,3.370973219182325,2026-06-28T10:27:03+00:00,-0.37055743750983605,-0.9288095528719243,0.0,0.9613333333333323,0.0,0.0,1582.7666666666667,0.0,0.0
5755,user122,2026-08-27T12:53:07+00:00,0,,12.883333333333333,26,12.525641025641026,3.3106769480037457,2026-06-28T10:27:03+00:00,-0.2292003909224143,-0.9733792584604485,3.0,0.3576923076923073,0.0,0.0,14365.4,0.0,0.0
5780,user122,2026-08-29T11:09:46+00:00,0,,11.15,27,12.53888888888889,3.2494918881056156,2026-06-28T10:27:03+00:00,0.22069743502150113,-0.9753423205085127,5.0,1.3888888888888893,0.0,0.0,2776.65,0.0,0.0
5764,user122,2026-08-29T11:38:19+00:00,0,,11.633333333333333,28,12.489285714285714,3.201330372901645,2026-06-28T10:27:03+00:00,0.09584575252022391,-0.9953961983671789,5.0,0.855952380952381,0.0,0.0,28.55,1.0,0.0
5765,user122,2026-08-30T11:23:52+00:00,0,,11.383333333333333,29,12.459770114942527,3.149525650720676,2026-06-28T10:27:03+00:00,0.16074256560382638,-0.9869963665602318,6.0,1.0764367816091944,0.0,0.0,1425.55,1.0,0.0
5758,user122,2026-09-05T10:36:16+00:00,0,,10.6,30,12.423888888888888,3.1026114548080583,2026-06-28T10:27:03+00:00,0.35836794954530066,-0.9335804264972016,5.0,1.823888888888888,0.0,0.0,8592.4,0.0,0.0
5779,user122,2026-09-08T10:35:47+00:00,0,,10.583333333333334,31,12.36505376344086,3.069124058774575,2026-06-28T10:27:03+00:00,0.36243803828370136,-0.9320078692827987,1.0,1.7817204301075265,0.0,0.0,4319.516666666666,0.0,0.0
5752,user122,2026-09-08T12:31:53+00:00,0,,12.516666666666667,32,12.309375,3.036653795881524,2026-06-28T10:27:03+00:00,-0.1348509302737229,-0.9908658973868822,1.0,0.2072916666666682,0.0,0.0,116.1,1.0,0.0
5759,user122,2026-09-15T12:18:58+00:00,0,,12.3,33,12.315656565656564,2.9905010655061792,2026-06-28T10:27:03+00:00,-0.07845909572784526,-0.996917333733128,1.0,0.01565656565656326,0.0,0.0,10067.083333333334,0.0,0.0
5794,user123,2026-06-22T13:24:52+00:00,0,,13.4,0,,,,-0.35836794954530043,-0.9335804264972017,0.0,0.0,1.0,1.0,1440.0,0.0,0.0
5805,user123,2026-06-24T15:22:00+00:00,0,,15.366666666666667,1,13.4,0.0,2026-06-22T13:24:52+00:00,-0.77162458338772,-0.6360782202777638,2.0,1.9666666666666668,0.0,0.0,2997.133333333333,0.0,0.0
5803,user123,2026-06-27T16:55:33+00:00,0,,16.916666666666668,2,14.383333333333333,0.9833333333333334,2026-06-22T13:24:52+00:00,-0.9600498543859286,-0.27982901403099236,5.0,2.533333333333335,0.0,0.0,4413.55,0.0,0.0
5817,user123,2026-07-02T03:44:35+00:00,1,unusual_hour,3.7333333333333334,3,15.22777777777778,1.4390283072739756,2026-06-22T13:24:52+00:00,0.8290375725550417,0.5591929034707468,3.0,11.494444444444447,0.0,0.0,6409.033333333334,0.0,0.0
5812,user123,2026-07-02T17:58:03+00:00,0,,17.966666666666665,4,12.354166666666668,5.130889231464226,2026-06-22T13:24:52+00:00,-0.9999619230641713,-0.008726535498374464,3.0,5.612499999999997,0.0,0.0,853.4666666666667,1.0,0.0
5806,user123,2026-07-10T17:22:37+00:00,0,,17.366666666666667,5,13.476666666666668,5.1088985549181185,2026-06-22T13:24:52+00:00,-0.9862856015372314,-0.1650476058606773,4.0,3.889999999999999,0.0,0.0,11484.566666666668,0.0,0.0
5804,user123,2026-07-12T16:55:30+00:00,0,,16.916666666666668,6,14.125,4.8838902791994885,2026-06-22T13:24:52+00:00,-0.9600498543859286,-0.27982901403099236,6.0,2.791666666666668,0.0,0.0,2852.883333333333,0.0,0.0
5796,user123,2026-07-15T14:22:29+00:00,0,,14.366666666666667,7,14.523809523809524,4.625926394933005,2026-06-22T13:24:52+00:00,-0.5807029557109398,-0.8141155183563192,2.0,0.15714285714285658,0.0,0.0,4166.983333333334,0.0,0.0
5793,user123,2026-07-18T16:25:35+00:00,0,,16.416666666666668,8,14.504166666666666,4.327469991551389,2026-06-22T13:24:52+00:00,-0.9153114791194471,-0.40274668985873735,5.0,1.9125000000000014,0.0,0.0,4443.1,0.0,0.0
5821,user123,2026-07-23T03:49:17+00:00,1,unusual_hour+unusual_location,3.8166666666666664,9,14.716666666666665,4.124011291910156,2026-06-22T13:24:52+00:00,0.8410390129643924,0.540974471367994,3.0,10.899999999999999,1.0,0.0,6443.7,0.0,6734.358161413964
5807,user123,2026-07-25T17:49:21+00:00,0,,17.816666666666666,10,13.626666666666665,5.098982469299362,2026-06-22T13:24:52+00:00,-0.9988483864849507,-0.0479781285213447,5.0,4.190000000000001,0.0,0.0,3720.0666666666666,0.0,0.0
5788,user123,2026-07-28T15:26:41+00:00,0,,15.433333333333334,11,14.007575757575756,5.008686210713554,2026-06-22T13:24:52+00:00,-0.7826081568524138,-0.6225146366376196,1.0,1.4257575757575776,0.0,0.0,4177.333333333333,0.0,0.0
5822,user123,2026-07-29T04:43:35+00:00,1,unusual_device+unusual_hour,4.716666666666667,12,14.126388888888888,4.811615278625897,2026-06-22T13:24:52+00:00,0.9440890203927842,0.3296906452627873,2.0,9.409722222222221,0.0,1.0,796.9,1.0,0.0
5785,user123,2026-07-31T17:20:21+00:00,0,,17.333333333333332,13,13.402564102564101,5.259069683717697,2026-06-22T13:24:52+00:00,-0.9848077530122079,-0.1736481776669312,4.0,3.930769230769231,0.0,0.0,3636.766666666667,0.0,0.0
5789,user123,2026-08-02T16:46:06+00:00,0,,16.766666666666666,14,13.683333333333334,5.167887720535682,2026-06-22T13:24:52+00:00,-0.9483236552061992,-0.31730465640509264,6.0,3.083333333333332,0.0,0.0,2845.75,0.0,0.0
5800,user123,2026-08-05T15:11:29+00:00,0,,15.183333333333334,15,13.888888888888888,5.051547862038836,2026-06-22T13:24:52+00:00,-0.740218127486832,-0.672366807434668,2.0,1.294444444444446,0.0,0.0,4225.383333333333,0.0,0.0
5811,user123,2026-08-07T15:50:02+00:00,0,,15.833333333333334,16,13.969791666666666,4.901166310848595,2026-06-22T13:24:52+00:00,-0.8433914458128859,-0.5372996083468234,4.0,1.8635416666666682,0.0,0.0,2918.55,0.0,0.0
5819,user123,2026-08-13T15:57:22+00:00,1,unusual_location,15.95,17,14.079411764705881,4.775004805841488,2026-06-22T13:24:52+00:00,-0.8594064115014524,-0.5112930860770525,3.0,1.870588235294118,1.0,0.0,8647.333333333334,0.0,11028.039472221959
5813,user123,2026-08-16T14:21:01+00:00,0,,14.35,18,14.183333333333332,4.660210481125833,2026-06-22T13:24:52+00:00,-0.5771451900372334,-0.816641555161679,6.0,0.16666666666666785,0.0,0.0,4223.65,0.0,0.0
5802,user123,2026-08-18T13:20:10+00:00,0,,13.333333333333334,19,14.192105263157893,4.536068474493517,2026-06-22T13:24:52+00:00,-0.34202014332566866,-0.9396926207859084,1.0,0.8587719298245595,0.0,0.0,2819.15,0.0,0.0
5823,user123,2026-08-20T17:56:59+00:00,0,,17.933333333333334,20,14.149166666666664,4.425172548424901,2026-06-22T13:24:52+00:00,-0.9998476951563913,-0.017452406437283498,3.0,3.7841666666666693,0.0,0.0,3156.8166666666666,0.0,0.0
5824,user123,2026-08-20T17:57:34.358805+00:00,1,rapid_fire,17.95,21,14.329365079365077,4.393073867985172,2026-06-22T13:24:52+00:00,-0.999914327574007,-0.013089595571344698,3.0,3.620634920634922,0.0,0.0,0.5893134166666666,1.0,0.0
5825,user123,2026-08-20T17:58:16.022638+00:00,1,rapid_fire,17.966666666666665,22,14.493939393939392,4.35782572933292,2026-06-22T13:24:52+00:00,-0.9999619230641713,-0.008726535498374464,3.0,3.4727272727272727,0.0,0.0,0.6943972166666667,2.0,0.0
5826,user123,2026-08-20T17:59:43.097613+00:00,1,rapid_fire,17.983333333333334,23,14.644927536231881,4.320475446815598,2026-06-22T13:24:52+00:00,-0.9999904807207345,-0.004363309284746483,3.0,3.338405797101453,0.0,0.0,1.4512495833333332,3.0,0.0
5801,user123,2026-08-21T16:25:30+00:00,0,,16.416666666666668,24,14.784027777777775,4.281794144026659,2026-06-22T13:24:52+00:00,-0.9153114791194471,-0.40274668985873735,4.0,1.6326388888888932,0.0,0.0,1345.78170645,4.0,0.0
5799,user123,2026-08-21T16:27:13+00:00,0,,16.45,25,14.849333333333332,4.207465534288097,2026-06-22T13:24:52+00:00,-0.9187912101488984,-0.39474385638426707,4.0,1.6006666666666671,0.0,0.0,1.7166666666666666,5.0,0.0
5790,user123,2026-08-22T14:22:39+00:00,0,,14.366666666666667,26,14.910897435897434,4.137226615306887,2026-06-22T13:24:52+00:00,-0.5807029557109398,-0.8141155183563192,5.0,0.5442307692307669,0.0,0.0,1315.4333333333334,2.0,0.0
5808,user123,2026-09-01T14:38:44+00:00,0,,14.633333333333333,27,14.890740740740739,4.061189220846173,2026-06-22T13:24:52+00:00,-0.6360782202777636,-0.7716245833877202,1.0,0.2574074074074062,0.0,0.0,14416.083333333334,0.0,0.0
5810,user123,2026-09-02T15:03:24+00:00,0,,15.05,28,14.881547619047618,3.988294726709337,2026-06-22T13:24:52+00:00,-0.7163019434246545,-0.6977904598416799,2.0,0.1684523809523828,0.0,0.0,1464.6666666666667,0.0,0.0
5795,user123,2026-09-05T14:03:23+00:00,0,,14.05,29,14.887356321839079,3.9190483225217827,2026-06-22T13:24:52+00:00,-0.5112930860770519,-0.8594064115014528,5.0,0.8373563218390778,0.0,0.0,4259.983333333334,0.0,0.0
5816,user123,2026-09-05T16:05:16+00:00,0,,16.083333333333332,30,14.859444444444444,3.8561079095217945,2026-06-22T13:24:52+00:00,-0.8767267557075072,-0.48098876891938847,5.0,1.2238888888888884,0.0,0.0,121.88333333333334,1.0,0.0
5820,user123,2026-09-07T17:03:48+00:00,1,unusual_device,17.05,31,14.898924731182793,3.7995612260448755,2026-06-22T13:24:52+00:00,-0.9692309097067544,-0.24615329302899286,0.0,2.1510752688172072,0.0,1.0,2938.5333333333333,0.0,0.0
5814,user123,2026-09-10T14:10:38+00:00,0,,14.166666666666666,32,14.966145833333332,3.7584037418917586,2026-06-22T13:24:52+00:00,-0.5372996083468236,-0.8433914458128858,3.0,0.7994791666666661,0.0,0.0,4146.833333333333,0.0,0.0
5792,user123,2026-09-10T14:11:10+00:00,0,,14.183333333333334,33,14.941919191919192,3.7035566698699327,2026-06-22T13:24:52+00:00,-0.5409744713679941,-0.8410390129643923,3.0,0.7585858585858585,0.0,0.0,0.5333333333333333,1.0,0.0
5815,user123,2026-09-10T15:53:53+00:00,0,,15.883333333333333,34,14.919607843137255,3.6509365585709275,2026-06-22T13:24:52+00:00,-0.8503522249955627,-0.5262139236518698,3.0,0.9637254901960777,0.0,0.0,102.71666666666667,2.0,0.0
5818,user123,2026-09-11T14:35:30+00:00,1,unusual_location,14.583333333333334,35,14.947142857142856,3.6019824473504043,2026-06-22T13:24:52+00:00,-0.6259234721840591,-0.7798844830928818,4.0,0.3638095238095218,1.0,0.0,1361.6166666666666,1.0,13149.896747497534
5797,user123,2026-09-13T16:42:14+00:00,0,,16.7,36,14.937037037037037,3.552105772409001,2026-06-22T13:24:52+00:00,-0.9426414910921783,-0.33380685923377124,6.0,1.7629629629629626,0.0,0.0,3006.733333333333,0.0,0.0
5791,user123,2026-09-15T14:24:18+00:00,0,,14.4,37,14.984684684684686,3.515419441478527,2026-06-22T13:24:52+00:00,-0.587785252292473,-0.8090169943749475,1.0,0.5846846846846852,0.0,0.0,2742.0666666666666,0.0,0.0
5786,user123,2026-09-15T17:27:39+00:00,0,,17.45,38,14.969298245614036,3.4701178972754043,2026-06-22T13:24:52+00:00,-0.9896513868196702,-0.1434926219911794,1.0,2.4807017543859633,0.0,0.0,183.35,1.0,0.0
5787,user123,2026-09-17T15:09:24+00:00,0,,15.15,39,15.032905982905985,3.4477096885575924,2026-06-22T13:24:52+00:00,-0.7343225094356853,-0.678800745532942,3.0,0.1170940170940149,0.0,0.0,2741.75,0.0,0.0
5798,user123,2026-09-17T17:15:09+00:00,0,,17.25,40,15.035833333333334,3.404389629581197,2026-06-22T13:24:52+00:00,-0.9807852804032303,-0.19509032201612866,3.0,2.2141666666666655,0.0,0.0,125.75,1.0,0.0
5809,user123,2026-09-20T15:31:13+00:00,0,,15.516666666666667,41,15.089837398373986,3.3799181330361887,2026-06-22T13:24:52+00:00,-0.7960020025346223,-0.6052939880428941,6.0,0.426829268292682,0.0,0.0,4216.066666666667,0.0,0.0
5839,user124,2026-06-26T11:22:18+00:00,0,,11.366666666666667,0,,,,0.16504760586067765,-0.9862856015372314,4.0,0.0,1.0,1.0,1440.0,0.0,0.0
5832,user124,2026-06-26T11:23:26+00:00,0,,11.383333333333333,1,11.366666666666667,0.0,2026-06-26T11:22:18+00:00,0.16074256560382638,-0.9869963665602318,4.0,0.01666666666666572,0.0,1.0,1.1333333333333333,1.0,0.0
5850,user124,2026-06-27T10:41:14+00:00,0,,10.683333333333334,2,11.375,0.00833333333333286,2026-06-26T11:22:18+00:00,0.3379167180033274,-0.9411760152563705,5.0,0.6916666666666664,0.0,0.0,1397.8,2.0,0.0
5875,user124,2026-06-29T12:44:12+00:00,0,,12.733333333333333,3,11.144444444444446,0.32612578047642593,2026-06-26T11:22:18+00:00,-0.19080899537654472,-0.981627183447664,0.0,1.5888888888888868,0.0,0.0,3002.9666666666667,0.0,0.0
5837,user124,2026-06-29T13:28:09+00:00,0,,13.466666666666667,4,11.541666666666668,0.7437237390321755,2026-06-26T11:22:18+00:00,-0.37460659341591157,-0.9271838545667875,0.0,1.924999999999999,0.0,0.0,43.95,1.0,0.0
5846,user124,2026-06-30T11:29:12+00:00,0,,11.483333333333333,5,11.926666666666668,1.0175460677532,2026-06-26T11:22:18+00:00,0.13485093027372314,-0.9908658973868822,1.0,0.44333333333333513,0.0,0.0,1321.05,2.0,0.0
5862,user124,2026-06-30T16:48:28+00:00,0,,16.8,6,11.85277777777778,0.9434676321101355,2026-06-26T11:22:18+00:00,-0.9510565162951535,-0.30901699437494756,1.0,4.947222222222221,0.0,0.0,319.26666666666665,1.0,0.0
5831,user124,2026-07-02T11:18:55+00:00,0,,11.3,7,12.55952380952381,1.9390485545886043,2026-06-26T11:22:18+00:00,0.18223552549214728,-0.9832549075639546,3.0,1.2595238095238095,0.0,0.0,2550.45,0.0,0.0
5871,user124,2026-07-02T12:18:56+00:00,0,,12.3,8,12.402083333333334,1.8610301340177764,2026-06-26T11:22:18+00:00,-0.07845909572784526,-0.996917333733128,3.0,0.10208333333333286,0.0,0.0,60.016666666666666,1.0,0.0
5880,user124,2026-07-03T12:51:02+00:00,1,unusual_location,12.85,9,12.39074074074074,1.7548893094267206,2026-06-26T11:22:18+00:00,-0.22069743502150088,-0.9753423205085128,4.0,0.4592592592592588,1.0,0.0,1472.1,0.0,13149.896747497534
5843,user124,2026-07-06T10:33:30+00:00,0,,10.55,10,12.436666666666666,1.670525532745775,2026-06-26T11:22:18+00:00,0.3705574375098363,-0.9288095528719242,0.0,1.886666666666665,0.0,0.0,4182.466666666666,0.0,0.0
5870,user124,2026-07-10T11:09:55+00:00,0,,11.15,11,12.265151515151514,1.6825974170764229,2026-06-26T11:22:18+00:00,0.22069743502150113,-0.9753423205085127,4.0,1.1151515151515135,0.0,0.0,5796.416666666667,0.0,0.0
5864,user124,2026-07-11T12:59:07+00:00,0,,12.983333333333333,12,12.172222222222222,1.6401831048038358,2026-06-26T11:22:18+00:00,-0.254601948205527,-0.9670459389139433,5.0,0.81111111111111,0.0,0.0,1549.2,0.0,0.0
5855,user124,2026-07-20T11:30:28+00:00,0,,11.5,13,12.234615384615383,1.590590138540769,2026-06-26T11:22:18+00:00,0.130526192220052,-0.9914448613738104,0.0,0.7346153846153829,0.0,0.0,12871.35,0.0,0.0
5883,user124,2026-07-20T11:41:55+00:00,1,unusual_device+unusual_location,11.683333333333334,14,12.182142857142855,1.5443633337320475,2026-06-26T11:22:18+00:00,0.08280820751220419,-0.9965655024977614,0.0,0.4988095238095216,0.0,1.0,11.45,1.0,13149.896747497534
5844,user124,2026-07-20T13:03:41+00:00,0,,13.05,15,12.148888888888887,1.497175942389249,2026-06-26T11:22:18+00:00,-0.2714404498650743,-0.9624552364536473,0.0,0.9011111111111134,0.0,0.0,81.76666666666667,2.0,0.0
5858,user124,2026-07-24T13:26:16+00:00,0,,13.433333333333334,16,12.205208333333333,1.4659529365408623,2026-06-26T11:22:18+00:00,-0.36650122672429736,-0.9304175679820245,4.0,1.2281250000000004,0.0,0.0,5782.583333333333,0.0,0.0
5852,user124,2026-07-25T12:27:59+00:00,0,,12.45,17,12.277450980392157,1.451244014207655,2026-06-26T11:22:18+00:00,-0.11753739745783774,-0.9930684569549263,5.0,0.17254901960784252,0.0,0.0,1381.7166666666667,1.0,0.0
5856,user124,2026-07-25T13:42:28+00:00,0,,13.7,18,12.287037037037036,1.410909385795046,2026-06-26T11:22:18+00:00,-0.43051109680829447,-0.902585284349861,5.0,1.412962962962963,0.0,0.0,74.48333333333333,1.0,0.0
5857,user124,2026-07-27T10:09:25+00:00,0,,10.15,19,12.361403508771929,1.4090564699210195,2026-06-26T11:22:18+00:00,0.4656145203251112,-0.884987637463042,0.0,2.2114035087719284,0.0,0.0,2666.95,0.0,0.0
5867,user124,2026-07-27T10:59:50+00:00,0,,10.983333333333333,20,12.250833333333333,1.4554922325072328,2026-06-26T11:22:18+00:00,0.2630312144579752,-0.9647873238288129,0.0,1.2675,0.0,0.0,50.416666666666664,1.0,0.0
5834,user124,2026-07-27T11:50:16+00:00,0,,11.833333333333334,21,12.19047619047619,1.4458348445037748,2026-06-26T11:22:18+00:00,0.043619387365335625,-0.9990482215818578,0.0,0.3571428571428559,0.0,0.0,50.43333333333333,2.0,0.0
5827,user124,2026-07-27T12:03:40+00:00,0,,12.05,22,12.174242424242424,1.4145503557340242,2026-06-26T11:22:18+00:00,-0.013089595571344391,-0.999914327574007,0.0,0.12424242424242316,0.0,0.0,13.4,3.0,0.0
5881,user124,2026-07-29T14:08:18+00:00,1,unusual_device,14.133333333333333,23,12.168840579710144,1.3836895328712442,2026-06-26T11:22:18+00:00,-0.5299192642332043,-0.8480480961564263,2.0,1.9644927536231886,0.0,1.0,3004.633333333333,0.0,0.0
5851,user124,2026-07-30T12:38:49+00:00,0,,12.633333333333333,24,12.250694444444443,1.410291859459603,2026-06-26T11:22:18+00:00,-0.16504760586067743,-0.9862856015372314,3.0,0.38263888888888964,0.0,0.0,1350.5166666666667,1.0,0.0
5830,user124,2026-08-02T10:26:55+00:00,0,,10.433333333333334,25,12.265999999999998,1.3838310751115703,2026-06-26T11:22:18+00:00,0.39874906892524614,-0.917060074385124,6.0,1.8326666666666647,0.0,0.0,4188.1,0.0,0.0
5872,user124,2026-08-02T13:13:04+00:00,0,,13.216666666666667,26,12.19551282051282,1.401979352393069,2026-06-26T11:22:18+00:00,-0.3131638064837496,-0.949699126201877,6.0,1.0211538461538474,0.0,0.0,166.15,1.0,0.0
5842,user124,2026-08-03T12:09:27+00:00,0,,12.15,27,12.233333333333333,1.3892221822318194,2026-06-26T11:22:18+00:00,-0.03925981575906871,-0.9992290362407229,0.0,0.08333333333333215,0.0,0.0,1376.3833333333334,1.0,0.0
5849,user124,2026-08-05T11:23:29+00:00,0,,11.383333333333333,28,12.230357142857141,1.3642767545205665,2026-06-26T11:22:18+00:00,0.16074256560382638,-0.9869963665602318,2.0,0.8470238095238081,0.0,0.0,2834.0333333333333,0.0,0.0
5882,user124,2026-08-05T23:47:00+00:00,1,unusual_device+unusual_hour,23.783333333333335,29,12.201149425287353,1.3494282245557334,2026-06-26T11:22:18+00:00,-0.056692787563377776,0.9983916705573488,2.0,11.582183908045982,0.0,1.0,743.5166666666667,1.0,0.0
5841,user124,2026-08-06T11:08:39+00:00,0,,11.133333333333333,30,12.58722222222222,2.4663276168384947,2026-06-26T11:22:18+00:00,0.2249510543438652,-0.9743700647852351,3.0,1.453888888888887,0.0,0.0,681.65,2.0,0.0
5878,user124,2026-08-06T23:39:44+00:00,1,unusual_hour,23.65,31,12.54032258064516,2.4397829321799884,2026-06-26T11:22:18+00:00,-0.09150161866340226,0.9958049275746618,3.0,11.109677419354838,0.0,0.0,751.0833333333334,2.0,0.0
5848,user124,2026-08-09T12:26:41+00:00,0,,12.433333333333334,32,12.887499999999998,3.0826970064106742,2026-06-26T11:22:18+00:00,-0.11320321376790664,-0.9935718556765875,6.0,0.45416666666666394,0.0,0.0,3646.95,0.0,0.0
5860,user124,2026-08-10T11:13:19+00:00,0,,11.216666666666667,33,12.873737373737372,3.036628331103946,2026-06-26T11:22:18+00:00,0.2036417511401777,-0.9790454724845838,0.0,1.6570707070707051,0.0,0.0,1366.6333333333334,1.0,0.0
5865,user124,2026-08-10T13:59:36+00:00,0,,13.983333333333333,34,12.824999999999998,3.0047110341416876,2026-06-26T11:22:18+00:00,-0.4962165036752082,-0.8681988144891423,0.0,1.158333333333335,0.0,0.0,166.28333333333333,1.0,0.0
5873,user124,2026-08-12T14:33:32+00:00,0,,14.55,35,12.858095238095236,2.9677562777733346,2026-06-26T11:22:18+00:00,-0.6190939493098341,-0.7853169308807448,2.0,1.6919047619047642,0.0,0.0,2913.9333333333334,0.0,0.0
5869,user124,2026-08-14T14:55:16+00:00,0,,14.916666666666666,36,12.90509259259259,2.9394265929140526,2026-06-26T11:22:18+00:00,-0.691513055782269,-0.722363962059756,4.0,2.011574074074076,0.0,0.0,2901.733333333333,0.0,0.0
5836,user124,2026-08-16T11:23:43+00:00,0,,11.383333333333333,37,12.959459459459458,2.917724494247605,2026-06-26T11:22:18+00:00,0.16074256560382638,-0.9869963665602318,6.0,1.576126126126125,0.0,0.0,2668.45,0.0,0.0
5866,user124,2026-08-18T09:40:47+00:00,0,,9.666666666666666,38,12.917982456140349,2.8901106374615204,2026-06-26T11:22:18+00:00,0.5735764363510464,-0.8191520442889916,1.0,3.251315789473683,0.0,0.0,2777.0666666666666,0.0,0.0
5861,user124,2026-08-18T12:06:02+00:00,0,,12.1,39,12.834615384615384,2.89873581005849,2026-06-26T11:22:18+00:00,-0.026176948307873177,-0.9996573249755573,1.0,0.7346153846153847,0.0,0.0,145.25,1.0,0.0
5859,user124,2026-08-19T12:11:10+00:00,0,,12.183333333333334,40,12.81625,2.864569212086406,2026-06-26T11:22:18+00:00,-0.04797812852134395,-0.9988483864849507,2.0,0.6329166666666666,0.0,0.0,1445.1333333333334,0.0,0.0
5840,user124,2026-08-20T11:23:45+00:00,0,,11.383333333333333,41,12.80081300813008,2.8311037406828268,2026-06-26T11:22:18+00:00,0.16074256560382638,-0.9869963665602318,3.0,1.4174796747967466,0.0,0.0,1392.5833333333333,1.0,0.0
5879,user124,2026-08-23T10:28:40+00:00,1,unusual_location,10.466666666666667,42,12.76706349206349,2.8055323465060082,2026-06-26T11:22:18+00:00,0.39073112848927377,-0.9205048534524404,6.0,2.300396825396824,1.0,0.0,4264.916666666667,0.0,6734.358161413964
5876,user124,2026-08-23T13:21:29+00:00,0,,13.35,43,12.713565891472866,2.794310054336641,2026-06-26T11:22:18+00:00,-0.34611705707749263,-0.9381913359224843,6.0,0.6364341085271334,0.0,0.0,172.81666666666666,1.0,0.0
5847,user124,2026-08-26T14:05:05+00:00,0,,14.083333333333334,44,12.728030303030302,2.764001940367346,2026-06-26T11:22:18+00:00,-0.5187732581605216,-0.8549118706729465,2.0,1.3553030303030322,0.0,0.0,4363.6,0.0,0.0
5877,user124,2026-08-29T00:52:34+00:00,1,unusual_hour,0.8666666666666667,45,12.758148148148148,2.740410040108719,2026-06-26T11:22:18+00:00,0.224951054343865,0.9743700647852352,5.0,11.891481481481481,0.0,0.0,3527.483333333333,0.0,0.0
5838,user124,2026-08-29T12:00:09+00:00,0,,12.0,46,12.49963768115942,3.2177374675053683,2026-06-26T11:22:18+00:00,1.2246467991473532e-16,-1.0,5.0,0.4996376811594203,0.0,0.0,667.5833333333334,1.0,0.0
5853,user124,2026-09-01T13:44:53+00:00,0,,13.733333333333333,47,12.489007092198582,3.18413857959096,2026-06-26T11:22:18+00:00,-0.43837114678907707,-0.8987940462991671,1.0,1.2443262411347504,0.0,0.0,4424.733333333334,0.0,0.0
5874,user124,2026-09-02T11:09:20+00:00,0,,11.15,48,12.514930555555557,3.1558041756702,2026-06-26T11:22:18+00:00,0.22069743502150113,-0.9753423205085127,2.0,1.3649305555555564,0.0,0.0,1284.45,1.0,0.0
5828,user124,2026-09-06T10:28:19+00:00,0,,10.466666666666667,49,12.487074829931974,3.129392632141445,2026-06-26T11:22:18+00:00,0.39073112848927377,-0.9205048534524404,6.0,2.020408163265307,0.0,0.0,5718.983333333334,0.0,0.0
5868,user124,2026-09-08T12:14:08+00:00,0,,12.233333333333333,50,12.446666666666667,3.110826971151633,2026-06-26T11:22:18+00:00,-0.0610485395348565,-0.998134798421867,1.0,0.2133333333333347,0.0,0.0,2985.8166666666666,0.0,0.0
5863,user124,2026-09-11T12:32:54+00:00,0,,12.533333333333333,51,12.44248366013072,3.080319696161568,2026-06-26T11:22:18+00:00,-0.13917310096006552,-0.9902680687415703,4.0,0.09084967320261406,0.0,0.0,4338.766666666666,0.0,0.0
5845,user124,2026-09-11T12:59:44+00:00,0,,12.983333333333333,52,12.444230769230769,3.050582970444514,2026-06-26T11:22:18+00:00,-0.254601948205527,-0.9670459389139433,4.0,0.5391025641025635,0.0,0.0,26.833333333333332,1.0,0.0
5854,user124,2026-09-15T13:21:24+00:00,0,,13.35,53,12.45440251572327,3.0225569703182877,2026-06-26T11:22:18+00:00,-0.34611705707749263,-0.9381913359224843,1.0,0.8955974842767294,0.0,0.0,5781.666666666667,0.0,0.0
5835,user124,2026-09-16T11:01:18+00:00,0,,11.016666666666667,54,12.47098765432099,2.996872830329051,2026-06-26T11:22:18+00:00,0.2546019482055273,-0.9670459389139432,2.0,1.454320987654322,0.0,0.0,1299.9,1.0,0.0
5833,user124,2026-09-18T13:19:06+00:00,0,,13.316666666666666,55,12.444545454545455,2.975854099526934,2026-06-26T11:22:18+00:00,-0.3379167180033272,-0.9411760152563705,4.0,0.8721212121212112,0.0,0.0,3017.8,0.0,0.0
5829,user124,2026-09-18T13:45:33+00:00,0,,13.75,56,12.460119047619049,2.9514249964444614,2026-06-26T11:22:18+00:00,-0.44228869021900147,-0.8968727415326883,4.0,1.2898809523809511,0.0,0.0,26.45,1.0,0.0
5895,user125,2026-06-26T13:22:12+00:00,0,,13.366666666666667,0,,,,-0.3502073812594677,-0.9366721892483976,4.0,0.0,1.0,1.0,1440.0,0.0,0.0
5913,user125,2026-06-26T13:41:29+00:00,0,,13.683333333333334,1,13.366666666666667,0.0,2026-06-26T13:22:12+00:00,-0.4265687399014583,-0.904455145454368,4.0,0.31666666666666643,0.0,0.0,19.283333333333335,1.0,0.0
5884,user125,2026-06-26T13:45:56+00:00,0,,13.75,2,13.525,0.15833333333333321,2026-06-26T13:22:12+00:00,-0.44228869021900147,-0.8968727415326883,4.0,0.22499999999999964,0.0,0.0,4.45,2.0,0.0
5910,user125,2026-06-27T13:59:41+00:00,0,,13.983333333333333,3,13.6,0.1672212993699155,2026-06-26T13:22:12+00:00,-0.4962165036752082,-0.8681988144891423,5.0,0.38333333333333286,0.0,0.0,1453.75,0.0,0.0
5888,user125,2026-06-30T14:12:16+00:00,0,,14.2,4,13.695833333333333,0.22028233146477127,2026-06-26T13:22:12+00:00,-0.5446390350150268,-0.8386705679454243,1.0,0.5041666666666664,0.0,0.0,4332.583333333333,0.0,0.0
5885,user125,2026-07-02T14:02:42+00:00,0,,14.033333333333333,5,13.796666666666667,0.2819377393838729,2026-06-26T13:22:12+00:00,-0.5075383629607042,-0.8616291604415257,3.0,0.23666666666666636,0.0,0.0,2870.4333333333334,0.0,0.0
5907,user125,2026-07-03T14:36:28+00:00,0,,14.6,6,13.83611111111111,0.27206628186600934,2026-06-26T13:22:12+00:00,-0.6293203910498373,-0.7771459614569711,4.0,0.7638888888888893,0.0,0.0,1473.7666666666667,0.0,0.0
5896,user125,2026-07-07T14:35:25+00:00,0,,14.583333333333334,7,13.945238095238095,0.3672845752052123,2026-06-26T13:22:12+00:00,-0.6259234721840591,-0.7798844830928818,1.0,0.6380952380952394,0.0,0.0,5758.95,0.0,0.0
5923,user125,2026-07-08T01:15:27+00:00,1,unusual_hour+unusual_location,1.25,8,14.024999999999999,0.40319901344676473,2026-06-26T13:22:12+00:00,0.3214394653031616,0.9469301294951057,2.0,11.225000000000001,1.0,0.0,640.0333333333333,1.0,13149.896747497534
5922,user125,2026-07-08T13:23:37+00:00,1,unusual_device,13.383333333333333,9,12.605555555555554,4.0327517180894095,2026-06-26T13:22:12+00:00,-0.3542910379977154,-0.9351352096860118,2.0,0.7777777777777786,0.0,1.0,728.1666666666666,2.0,0.0
5920,user125,2026-07-10T12:11:10+00:00,1,unusual_location,12.183333333333334,10,12.683333333333332,3.8329130204352695,2026-06-26T13:22:12+00:00,-0.04797812852134395,-0.9988483864849507,4.0,0.4999999999999982,1.0,0.0,2807.55,0.0,11028.039472221959
5914,user125,2026-07-12T13:50:39+00:00,0,,13.833333333333334,11,12.637878787878787,3.657364860481021,2026-06-26T13:22:12+00:00,-0.46174861323503413,-0.8870108331782216,6.0,1.195454545454547,0.0,0.0,2979.483333333333,0.0,0.0
5916,user125,2026-07-17T15:08:41+00:00,0,,15.133333333333333,12,12.737499999999999,3.517213787086886,2026-06-26T13:22:12+00:00,-0.7313537016191705,-0.6819983600624986,4.0,2.395833333333334,0.0,0.0,7278.033333333334,0.0,0.0
5911,user125,2026-07-31T14:41:33+00:00,0,,14.683333333333334,13,12.921794871794871,3.439006916728583,2026-06-26T13:22:12+00:00,-0.6461239796429636,-0.7632324697825291,4.0,1.7615384615384624,0.0,0.0,20132.866666666665,0.0,0.0
5887,user125,2026-08-01T13:11:19+00:00,0,,13.183333333333334,14,13.047619047619047,3.3448186485044626,2026-06-26T13:22:12+00:00,-0.3048642990280105,-0.9523957996432785,5.0,0.13571428571428612,0.0,0.0,1349.7666666666667,1.0,0.0
5890,user125,2026-08-02T13:41:59+00:00,0,,13.683333333333334,15,13.056666666666667,3.2315791346807066,2026-06-26T13:22:12+00:00,-0.4265687399014583,-0.904455145454368,6.0,0.6266666666666669,0.0,0.0,1470.6666666666667,0.0,0.0
5886,user125,2026-08-04T11:31:57+00:00,0,,11.516666666666667,16,13.095833333333333,3.1326378882483192,2026-06-26T13:22:12+00:00,0.12619896913582956,-0.992004949679715,1.0,1.5791666666666657,0.0,0.0,2749.9666666666667,0.0,0.0
5905,user125,2026-08-04T15:11:22+00:00,0,,15.183333333333334,17,13.00294117647059,3.061735353622968,2026-06-26T13:22:12+00:00,-0.740218127486832,-0.672366807434668,1.0,2.1803921568627445,0.0,0.0,219.41666666666666,1.0,0.0
5894,user125,2026-08-08T16:10:22+00:00,0,,16.166666666666668,18,13.124074074074075,3.0170974841859075,2026-06-26T13:22:12+00:00,-0.8870108331782218,-0.4617486132350336,5.0,3.0425925925925927,0.0,0.0,5819.0,0.0,0.0
5889,user125,2026-08-11T12:47:52+00:00,0,,12.783333333333333,19,13.284210526315789,3.014193876911121,2026-06-26T13:22:12+00:00,-0.20364175114017746,-0.9790454724845838,1.0,0.5008771929824558,0.0,0.0,4117.5,0.0,0.0
5902,user125,2026-08-12T12:09:53+00:00,0,,12.15,20,13.259166666666667,2.939900201442975,2026-06-26T13:22:12+00:00,-0.03925981575906871,-0.9992290362407229,2.0,1.1091666666666669,0.0,0.0,1402.0166666666667,1.0,0.0
5903,user125,2026-08-12T13:40:51+00:00,0,,13.666666666666666,21,13.206349206349206,2.87875577634746,2026-06-26T13:22:12+00:00,-0.4226182617406993,-0.90630778703665,2.0,0.46031746031746046,0.0,0.0,90.96666666666667,1.0,0.0
5899,user125,2026-08-14T13:17:54+00:00,0,,13.283333333333333,22,13.227272727272727,2.8142025506929853,2026-06-26T13:22:12+00:00,-0.32969064526278713,-0.9440890203927843,4.0,0.05606060606060659,0.0,0.0,2857.05,0.0,0.0
5921,user125,2026-08-16T14:32:36+00:00,1,unusual_device,14.533333333333333,23,13.229710144927537,2.752368135036926,2026-06-26T13:22:12+00:00,-0.6156614753256582,-0.788010753606722,6.0,1.3036231884057958,0.0,1.0,2954.7,0.0,0.0
5901,user125,2026-08-20T13:00:20+00:00,0,,13.0,24,13.28402777777778,2.7069803422452976,2026-06-26T13:22:12+00:00,-0.2588190451025208,-0.9659258262890683,3.0,0.28402777777778,0.0,0.0,5667.733333333334,0.0,0.0
5891,user125,2026-08-21T15:47:39+00:00,0,,15.783333333333333,25,13.27266666666667,2.652872154225806,2026-06-26T13:22:12+00:00,-0.8362861558477592,-0.5482932295199142,4.0,2.5106666666666637,0.0,0.0,1607.3166666666666,0.0,0.0
5909,user125,2026-08-21T16:53:08+00:00,0,,16.883333333333333,26,13.369230769230771,2.6457823730513024,2026-06-26T13:22:12+00:00,-0.9575713608048145,-0.2881962681340891,4.0,3.5141025641025614,0.0,0.0,65.48333333333333,1.0,0.0
5900,user125,2026-08-22T15:25:45+00:00,0,,15.416666666666666,27,13.499382716049386,2.679799764806011,2026-06-26T13:22:12+00:00,-0.7798844830928814,-0.6259234721840596,5.0,1.9172839506172803,0.0,0.0,1352.6166666666666,2.0,0.0
5898,user125,2026-08-27T11:09:27+00:00,0,,11.15,28,13.567857142857147,2.655456080500081,2026-06-26T13:22:12+00:00,0.22069743502150113,-0.9753423205085127,3.0,2.4178571428571463,0.0,0.0,6943.7,0.0,0.0
5892,user125,2026-08-29T15:40:32+00:00,0,,15.666666666666666,29,13.484482758620691,2.646304916917978,2026-06-26T13:22:12+00:00,-0.8191520442889916,-0.5735764363510464,5.0,2.1821839080459746,0.0,0.0,3151.0833333333335,0.0,0.0
5897,user125,2026-08-30T10:54:28+00:00,0,,10.9,30,13.557222222222226,2.6311477686072506,2026-06-26T13:22:12+00:00,0.2840153447039226,-0.958819734868193,6.0,2.6572222222222255,0.0,0.0,1153.9333333333334,1.0,0.0
5917,user125,2026-08-31T14:03:29+00:00,0,,14.05,31,13.471505376344089,2.6305967594640944,2026-06-26T13:22:12+00:00,-0.5112930860770519,-0.8594064115014528,0.0,0.5784946236559119,0.0,0.0,1629.0166666666667,0.0,0.0
5904,user125,2026-08-31T15:10:09+00:00,0,,15.166666666666666,32,13.489583333333336,2.591123167823817,2026-06-26T13:22:12+00:00,-0.7372773368101239,-0.6755902076156604,0.0,1.6770833333333304,0.0,0.0,66.66666666666667,1.0,0.0
5918,user125,2026-09-01T01:21:11+00:00,1,unusual_hour,1.35,33,13.540404040404043,2.5677061724945287,2026-06-26T13:22:12+00:00,0.34611705707749296,0.9381913359224842,1.0,11.809595959595956,0.0,0.0,611.0333333333333,2.0,0.0
5915,user125,2026-09-01T13:39:40+00:00,0,,13.65,34,13.181862745098043,3.262117599974448,2026-06-26T13:22:12+00:00,-0.41865973753742813,-0.9081431738250813,1.0,0.4681372549019578,0.0,0.0,738.4833333333333,3.0,0.0
5919,user125,2026-09-06T01:30:07+00:00,1,unusual_hour,1.5,35,13.195238095238098,3.2161239893292715,2026-06-26T13:22:12+00:00,0.3826834323650898,0.9238795325112867,6.0,11.695238095238098,0.0,0.0,6470.45,0.0,0.0
5893,user125,2026-09-09T14:35:08+00:00,0,,14.583333333333334,36,12.870370370370374,3.7080994747549103,2026-06-26T13:22:12+00:00,-0.6259234721840591,-0.7798844830928818,2.0,1.7129629629629601,0.0,0.0,5105.016666666666,0.0,0.0
5908,user125,2026-09-14T12:07:58+00:00,0,,12.116666666666667,37,12.916666666666668,3.668179458606209,2026-06-26T13:22:12+00:00,-0.030538513209822857,-0.9995335908367129,0.0,0.8000000000000007,0.0,0.0,7052.833333333333,0.0,0.0
5912,user125,2026-09-14T13:08:59+00:00,0,,13.133333333333333,38,12.895614035087721,3.6218567421127816,2026-06-26T13:22:12+00:00,-0.2923717047227364,-0.9563047559630355,0.0,0.23771929824561155,0.0,0.0,61.016666666666666,1.0,0.0
5906,user125,2026-09-17T11:24:07+00:00,0,,11.4,39,12.901709401709404,3.575318595713084,2026-06-26T13:22:12+00:00,0.15643446504023054,-0.9876883405951378,3.0,1.5017094017094035,0.0,0.0,4215.133333333333,0.0,0.0
5966,user126,2026-06-22T23:03:14+00:00,1,unusual_hour,23.05,0,,,,-0.24615329302899291,0.9692309097067544,0.0,0.0,1.0,1.0,1440.0,0.0,0.0
5942,user126,2026-06-24T12:17:00+00:00,0,,12.283333333333333,1,23.05,0.0,2026-06-22T23:03:14+00:00,-0.07410849019539895,-0.9972501850994857,2.0,10.766666666666667,0.0,0.0,2233.766666666667,0.0,0.0
5941,user126,2026-06-26T11:52:45+00:00,0,,11.866666666666667,2,17.666666666666668,5.383333333333334,2026-06-22T23:03:14+00:00,0.0348994967025007,-0.9993908270190958,4.0,5.800000000000001,0.0,0.0,2855.75,0.0,0.0
5932,user126,2026-06-26T12:24:26+00:00,0,,12.4,3,15.733333333333334,5.176460252019786,2026-06-22T23:03:14+00:00,-0.1045284632676535,-0.9945218953682733,4.0,3.333333333333334,0.0,0.0,31.683333333333334,1.0,0.0
5933,user126,2026-07-01T10:35:22+00:00,0,,10.583333333333334,4,14.9,4.7095794811096345,2026-06-22T23:03:14+00:00,0.36243803828370136,-0.9320078692827987,2.0,4.316666666666666,0.0,0.0,7090.933333333333,0.0,0.0
5931,user126,2026-07-02T11:48:45+00:00,0,,11.8,5,14.036666666666667,4.552525550602533,2026-06-22T23:03:14+00:00,0.05233595624294381,-0.9986295347545738,3.0,2.2366666666666664,0.0,0.0,1513.3833333333334,0.0,0.0
5943,user126,2026-07-04T10:05:53+00:00,0,,10.083333333333334,6,13.66388888888889,4.238638590251053,2026-06-22T23:03:14+00:00,0.48098876891938763,-0.8767267557075077,5.0,3.5805555555555557,0.0,0.0,2777.133333333333,0.0,0.0
5965,user126,2026-07-08T22:28:29+00:00,1,unusual_hour,22.466666666666665,7,13.152380952380952,4.119383415984868,2026-06-22T23:03:14+00:00,-0.3907311284892739,0.9205048534524403,2.0,9.314285714285713,0.0,0.0,6502.6,0.0,0.0
5970,user126,2026-07-13T11:44:26+00:00,1,unusual_device,11.733333333333333,8,14.316666666666666,4.933262949948373,2026-06-22T23:03:14+00:00,0.06975647374412597,-0.9975640502598242,0.0,2.583333333333334,0.0,1.0,6555.95,0.0,0.0
5940,user126,2026-07-14T12:23:08+00:00,0,,12.383333333333333,9,14.02962962962963,4.721449464731246,2026-06-22T23:03:14+00:00,-0.10018806161207613,-0.9949685182509117,1.0,1.6462962962962973,0.0,0.0,1478.7,0.0,0.0
5929,user126,2026-07-17T11:04:52+00:00,0,,11.066666666666666,10,13.865,4.506306999947715,2026-06-22T23:03:14+00:00,0.24192189559966817,-0.9702957262759964,4.0,2.798333333333334,0.0,0.0,4241.733333333334,0.0,0.0
5938,user126,2026-07-22T11:30:21+00:00,0,,11.5,11,13.610606060606061,4.371257549262394,2026-06-22T23:03:14+00:00,0.130526192220052,-0.9914448613738104,2.0,2.1106060606060613,0.0,0.0,7225.483333333334,0.0,0.0
5939,user126,2026-07-26T11:45:18+00:00,0,,11.75,12,13.434722222222222,4.2256188366284455,2026-06-22T23:03:14+00:00,0.06540312923014312,-0.9978589232386035,6.0,1.6847222222222218,0.0,0.0,5774.95,0.0,0.0
5930,user126,2026-07-27T10:36:46+00:00,0,,10.6,13,13.305128205128206,4.084588423623738,2026-06-22T23:03:14+00:00,0.35836794954530066,-0.9335804264972016,0.0,2.705128205128206,0.0,0.0,1371.4666666666667,1.0,0.0
5964,user126,2026-07-27T11:31:19+00:00,0,,11.516666666666667,14,13.111904761904762,3.9971886378807193,2026-06-22T23:03:14+00:00,0.12619896913582956,-0.992004949679715,0.0,1.595238095238095,0.0,0.0,54.55,2.0,0.0
5957,user126,2026-07-28T10:51:50+00:00,0,,10.85,15,13.005555555555556,3.8820988341391685,2026-06-22T23:03:14+00:00,0.296541574975571,-0.9550199444571866,1.0,2.155555555555557,0.0,0.0,1400.5166666666667,1.0,0.0
5948,user126,2026-07-30T13:46:50+00:00,0,,13.766666666666667,16,12.870833333333334,3.794868153909376,2026-06-22T23:03:14+00:00,-0.44619781310980877,-0.8949343616020251,3.0,0.8958333333333339,0.0,0.0,3055.0,0.0,0.0
5952,user126,2026-08-01T10:01:23+00:00,0,,10.016666666666667,17,12.923529411764706,3.6875920674162015,2026-06-22T23:03:14+00:00,0.49621650367520803,-0.8681988144891424,5.0,2.9068627450980387,0.0,0.0,2654.55,0.0,0.0
5961,user126,2026-08-02T09:40:00+00:00,0,,9.666666666666666,18,12.76203703703704,3.645027923971158,2026-06-22T23:03:14+00:00,0.5735764363510464,-0.8191520442889916,6.0,3.0953703703703734,0.0,0.0,1418.6166666666666,1.0,0.0
5962,user126,2026-08-04T10:21:22+00:00,0,,10.35,19,12.599122807017546,3.614511338063364,2026-06-22T23:03:14+00:00,0.4186597375374284,-0.9081431738250811,1.0,2.249122807017546,0.0,0.0,2921.366666666667,0.0,0.0
5959,user126,2026-08-05T10:57:10+00:00,0,,10.95,20,12.486666666666668,3.5569282940324913,2026-06-22T23:03:14+00:00,0.2714404498650746,-0.9624552364536472,2.0,1.5366666666666688,0.0,0.0,1475.8,0.0,0.0
5945,user126,2026-08-06T12:41:46+00:00,0,,12.683333333333334,21,12.413492063492063,3.4865979956499635,2026-06-22T23:03:14+00:00,-0.1779435454738416,-0.9840406976462909,3.0,0.26984126984127066,0.0,0.0,1544.6,0.0,0.0
5950,user126,2026-08-08T10:42:01+00:00,0,,10.7,22,12.425757575757576,3.40689929553507,2026-06-22T23:03:14+00:00,0.3338068592337712,-0.9426414910921783,5.0,1.7257575757575765,0.0,0.0,2760.25,0.0,0.0
5958,user126,2026-08-08T13:02:54+00:00,0,,13.033333333333333,23,12.350724637681159,3.3505478615421644,2026-06-22T23:03:14+00:00,-0.26723837607825635,-0.9636304532086232,5.0,0.6826086956521742,0.0,0.0,140.88333333333333,1.0,0.0
5951,user126,2026-08-10T10:22:06+00:00,0,,10.366666666666667,24,12.379166666666668,3.2828371381970696,2026-06-22T23:03:14+00:00,0.4146932426562392,-0.9099612708765431,0.0,2.012500000000001,0.0,0.0,2719.2,0.0,0.0
5946,user126,2026-08-13T15:34:47+00:00,0,,15.566666666666666,25,12.298666666666668,3.2405963785835605,2026-06-22T23:03:14+00:00,-0.8038568606172171,-0.5948227867513417,3.0,3.267999999999999,0.0,0.0,4632.683333333333,0.0,0.0
5954,user126,2026-08-17T09:02:34+00:00,0,,9.033333333333333,26,12.424358974358976,3.2392169267413746,2026-06-22T23:03:14+00:00,0.700909264299851,-0.7132504491541815,0.0,3.3910256410256423,0.0,0.0,5367.783333333334,0.0,0.0
5935,user126,2026-08-18T10:02:16+00:00,0,,10.033333333333333,27,12.298765432098767,3.2425347180335318,2026-06-22T23:03:14+00:00,0.49242356010346716,-0.8703556959398997,1.0,2.2654320987654337,0.0,0.0,1499.7,0.0,0.0
5968,user126,2026-08-18T12:28:23+00:00,1,unusual_location,12.466666666666667,28,12.217857142857145,3.211740394325827,2026-06-22T23:03:14+00:00,-0.12186934340514731,-0.9925461516413221,1.0,0.2488095238095216,1.0,0.0,146.11666666666667,1.0,7327.501390850381
5926,user126,2026-08-20T10:46:53+00:00,0,,10.766666666666667,29,12.226436781609197,3.1562063084229943,2026-06-22T23:03:14+00:00,0.31730465640509214,-0.9483236552061993,3.0,1.459770114942529,0.0,0.0,2778.5,0.0,0.0
5963,user126,2026-08-20T11:08:07+00:00,0,,11.133333333333333,30,12.177777777777779,3.114200846698916,2026-06-22T23:03:14+00:00,0.2249510543438652,-0.9743700647852351,3.0,1.044444444444446,0.0,0.0,21.233333333333334,1.0,0.0
5936,user126,2026-08-21T10:57:13+00:00,0,,10.95,31,12.144086021505377,3.0691129454893304,2026-06-22T23:03:14+00:00,0.2714404498650746,-0.9624552364536472,4.0,1.1940860215053775,0.0,0.0,1429.1,1.0,0.0
5955,user126,2026-08-23T13:50:20+00:00,0,,13.833333333333334,32,12.106770833333334,3.02791371202725,2026-06-22T23:03:14+00:00,-0.46174861323503413,-0.8870108331782216,6.0,1.7265625,0.0,0.0,3053.116666666667,0.0,0.0
5924,user126,2026-08-24T11:09:39+00:00,0,,11.15,33,12.159090909090908,2.9963364019225844,2026-06-22T23:03:14+00:00,0.22069743502150113,-0.9753423205085127,0.0,1.009090909090908,0.0,0.0,1279.3166666666666,1.0,0.0
5925,user126,2026-08-27T10:11:04+00:00,0,,10.183333333333334,34,12.129411764705882,2.9568632326935678,2026-06-22T23:03:14+00:00,0.457873915116957,-0.8890171414857363,3.0,1.9460784313725483,0.0,0.0,4261.416666666667,0.0,0.0
5971,user126,2026-08-27T10:59:33+00:00,1,unusual_device+unusual_location,10.983333333333333,35,12.073809523809523,2.932294961544046,2026-06-22T23:03:14+00:00,0.2630312144579752,-0.9647873238288129,3.0,1.0904761904761902,1.0,1.0,48.483333333333334,1.0,13699.536276697454
5944,user126,2026-08-27T12:17:49+00:00,0,,12.283333333333333,36,12.043518518518518,2.8968301049706855,2026-06-22T23:03:14+00:00,-0.07410849019539895,-0.9972501850994857,3.0,0.2398148148148156,0.0,0.0,78.26666666666667,2.0,0.0
5934,user126,2026-08-27T12:48:20+00:00,0,,12.8,37,12.05,2.857680236894313,2026-06-22T23:03:14+00:00,-0.20791169081775907,-0.9781476007338057,3.0,0.75,0.0,0.0,30.516666666666666,3.0,0.0
5947,user126,2026-08-27T12:54:10+00:00,0,,12.9,38,12.069736842105264,2.822383006819002,2026-06-22T23:03:14+00:00,-0.23344536385590528,-0.9723699203976767,3.0,0.8302631578947359,0.0,0.0,5.833333333333333,4.0,0.0
5927,user126,2026-08-28T11:13:32+00:00,0,,11.216666666666667,39,12.091025641025642,2.7890527912316414,2026-06-22T23:03:14+00:00,0.2036417511401777,-0.9790454724845838,4.0,0.8743589743589748,0.0,0.0,1339.3666666666666,3.0,0.0
5949,user126,2026-08-28T11:17:45+00:00,0,,11.283333333333333,40,12.069166666666666,2.757350152068306,2026-06-22T23:03:14+00:00,0.18652403600873463,-0.9824503977255098,4.0,0.7858333333333327,0.0,0.0,4.216666666666667,4.0,0.0
5969,user126,2026-09-04T11:21:09+00:00,1,unusual_device,11.35,41,12.05,2.7262127159041945,2026-06-22T23:03:14+00:00,0.16934950384902525,-0.9855560590580776,4.0,0.7000000000000011,0.0,0.0,10083.4,0.0,0.0
5960,user126,2026-09-06T11:12:13+00:00,0,,11.2,42,12.033333333333335,2.6956755492207636,2026-06-22T23:03:14+00:00,0.20791169081775931,-0.9781476007338057,6.0,0.8333333333333357,0.0,0.0,2871.0666666666666,0.0,0.0
5928,user126,2026-09-07T10:22:56+00:00,0,,10.366666666666667,43,12.013953488372094,2.667104930634519,2026-06-22T23:03:14+00:00,0.4146932426562392,-0.9099612708765431,0.0,1.6472868217054266,0.0,0.0,1390.7166666666667,1.0,0.0
5937,user126,2026-09-11T12:39:04+00:00,0,,12.65,44,11.976515151515152,2.6480274681340927,2026-06-22T23:03:14+00:00,-0.169349503849025,-0.9855560590580776,4.0,0.6734848484848488,0.0,0.0,5896.133333333333,0.0,0.0
5967,user126,2026-09-12T12:33:00+00:00,1,unusual_location,12.55,45,11.991481481481483,2.620320926113804,2026-06-22T23:03:14+00:00,-0.14349262199117954,-0.9896513868196701,5.0,0.5585185185185182,1.0,0.0,1433.9333333333334,1.0,11373.929672847547
5956,user126,2026-09-16T14:53:03+00:00,0,,14.883333333333333,46,12.003623188405797,2.592962216477644,2026-06-22T23:03:14+00:00,-0.6851829903263591,-0.7283709698824002,2.0,2.879710144927536,0.0,0.0,5900.05,0.0,0.0
5953,user126,2026-09-18T10:29:42+00:00,0,,10.483333333333333,47,12.064893617021276,2.5986704048115485,2026-06-22T23:03:14+00:00,0.3867109616368213,-0.9222009716704516,4.0,1.5815602836879439,0.0,0.0,2616.65,0.0,0.0
6017,user127,2026-06-25T08:24:03+00:00,1,unusual_device,8.4,0,,,,0.8090169943749475,-0.587785252292473,3.0,0.0,1.0,1.0,1440.0,0.0,0.0
6013,user127,2026-06-25T08:38:29+00:00,0,,8.633333333333333,1,8.4,0.0,2026-06-25T08:24:03+00:00,0.7716245833877202,-0.6360782202777637,3.0,0.2333333333333325,0.0,1.0,14.433333333333334,1.0,0.0
6010,user127,2026-06-29T08:03:48+00:00,0,,8.05,2,8.516666666666666,0.11666666666666625,2026-06-25T08:24:03+00:00,0.8594064115014528,-0.5112930860770519,0.0,0.466666666666665,0.0,0.0,5725.316666666667,0.0,0.0
5980,user127,2026-07-02T09:27:32+00:00,0,,9.45,3,8.36111111111111,0.23972721122657084,2026-06-25T08:24:03+00:00,0.6190939493098342,-0.7853169308807447,3.0,1.0888888888888886,0.0,1.0,4403.733333333334,0.0,0.0
6001,user127,2026-07-03T08:36:05+00:00,0,,8.6,4,8.633333333333333,0.5151860505357906,2026-06-25T08:24:03+00:00,0.777145961456971,-0.6293203910498373,4.0,0.033333333333333215,0.0,0.0,1388.55,1.0,0.0
5982,user127,2026-07-04T08:11:56+00:00,0,,8.183333333333334,5,8.626666666666667,0.4609892743992106,2026-06-25T08:24:03+00:00,0.8410390129643925,-0.5409744713679938,5.0,0.44333333333333336,0.0,0.0,1415.85,1.0,0.0
6019,user127,2026-07-05T21:32:16+00:00,1,unusual_device+unusual_hour,21.533333333333335,6,8.552777777777777,0.45209560061868004,2026-06-25T08:24:03+00:00,-0.6018150231520483,0.7986355100472928,6.0,11.019444444444442,0.0,0.0,2240.3333333333335,0.0,0.0
5976,user127,2026-07-06T08:37:51+00:00,0,,8.616666666666667,7,10.407142857142857,4.561492177386008,2026-06-25T08:24:03+00:00,0.7743926440821857,-0.632705328562516,0.0,1.7904761904761894,0.0,0.0,665.5833333333334,1.0,0.0
5990,user127,2026-07-06T09:03:05+00:00,0,,9.05,8,10.183333333333334,4.3077772045968725,2026-06-25T08:24:03+00:00,0.6977904598416802,-0.7163019434246543,0.0,1.1333333333333329,0.0,0.0,25.233333333333334,2.0,0.0
5997,user127,2026-07-06T11:36:31+00:00,0,,11.6,9,10.057407407407407,4.0769989500804975,2026-06-25T08:24:03+00:00,0.10452846326765373,-0.9945218953682733,0.0,1.5425925925925927,0.0,0.0,153.43333333333334,3.0,0.0
5979,user127,2026-07-07T06:27:01+00:00,0,,6.45,10,10.211666666666666,3.8953679757715665,2026-06-25T08:24:03+00:00,0.9930684569549263,-0.11753739745783758,1.0,3.761666666666666,0.0,0.0,1130.5,3.0,0.0
5987,user127,2026-07-07T09:52:02+00:00,0,,9.866666666666667,11,9.86969696969697,3.868317425723028,2026-06-25T08:24:03+00:00,0.5299192642332049,-0.848048096156426,1.0,0.0030303030303020506,0.0,0.0,205.01666666666668,2.0,0.0
5978,user127,2026-07-07T11:51:28+00:00,0,,11.85,12,9.869444444444445,3.703632059492245,2026-06-25T08:24:03+00:00,0.03925981575906895,-0.9992290362407229,1.0,1.9805555555555543,0.0,0.0,119.43333333333334,2.0,0.0
6014,user127,2026-07-08T11:20:04+00:00,0,,11.333333333333334,13,10.02179487179487,3.5972590741856934,2026-06-25T08:24:03+00:00,0.17364817766693028,-0.984807753012208,2.0,1.311538461538463,0.0,0.0,1408.6,1.0,0.0
6000,user127,2026-07-10T09:22:45+00:00,0,,9.366666666666667,14,10.11547619047619,3.4828232953418645,2026-06-25T08:24:03+00:00,0.6360782202777638,-0.77162458338772,4.0,0.7488095238095234,0.0,0.0,2762.6833333333334,0.0,0.0
6016,user127,2026-07-13T06:56:36+00:00,1,unusual_location,6.933333333333334,15,10.065555555555557,3.3699074977230277,2026-06-25T08:24:03+00:00,0.9702957262759965,-0.24192189559966779,0.0,3.1322222222222234,1.0,0.0,4173.85,0.0,7724.865120683398
6003,user127,2026-07-23T06:29:00+00:00,0,,6.483333333333333,16,9.869791666666668,3.3498301094462657,2026-06-25T08:24:03+00:00,0.992004949679715,-0.1261989691358298,3.0,3.3864583333333345,0.0,0.0,14372.4,0.0,0.0
5983,user127,2026-07-23T08:21:20+00:00,0,,8.35,17,9.670588235294119,3.3460713936833892,2026-06-25T08:24:03+00:00,0.816641555161679,-0.5771451900372335,3.0,1.3205882352941192,0.0,0.0,112.33333333333333,1.0,0.0
6008,user127,2026-07-26T09:08:41+00:00,0,,9.133333333333333,18,9.597222222222221,3.2658362984685967,2026-06-25T08:24:03+00:00,0.6819983600624985,-0.7313537016191705,6.0,0.4638888888888886,0.0,0.0,4367.35,0.0,0.0
5992,user127,2026-07-29T08:16:42+00:00,0,,8.266666666666667,19,9.572807017543859,3.180418940214071,2026-06-25T08:24:03+00:00,0.8290375725550417,-0.5591929034707467,2.0,1.3061403508771914,0.0,0.0,4268.016666666666,0.0,0.0
6006,user127,2026-07-29T08:27:34+00:00,0,,8.45,20,9.5075,3.1129321431373635,2026-06-25T08:24:03+00:00,0.8012538126910609,-0.5983246005706587,2.0,1.057500000000001,0.0,0.0,10.866666666666667,1.0,0.0
5989,user127,2026-07-30T10:04:13+00:00,0,,10.066666666666666,21,9.457142857142857,3.0462465907672596,2026-06-25T08:24:03+00:00,0.48480962024633717,-0.8746197071393957,3.0,0.6095238095238091,0.0,0.0,1536.65,0.0,0.0
6020,user127,2026-08-05T21:06:16+00:00,1,unusual_device+unusual_hour,21.1,22,9.484848484848484,2.978915423145693,2026-06-25T08:24:03+00:00,-0.688354575693754,0.7253743710122875,2.0,11.615151515151517,0.0,1.0,9302.05,0.0,0.0
5993,user127,2026-08-10T10:47:51+00:00,0,,10.783333333333333,23,9.989855072463767,3.754838228728842,2026-06-25T08:24:03+00:00,0.3131638064837498,-0.9496991262018769,0.0,0.7934782608695663,0.0,0.0,6581.583333333333,0.0,0.0
5998,user127,2026-08-11T06:09:50+00:00,0,,6.15,24,10.022916666666665,3.6791983215575446,2026-06-25T08:24:03+00:00,0.9992290362407229,-0.03925981575906877,1.0,3.872916666666665,0.0,0.0,1161.9833333333333,1.0,0.0
5996,user127,2026-08-12T08:22:04+00:00,0,,8.366666666666667,25,9.868,3.6838865949489334,2026-06-25T08:24:03+00:00,0.8141155183563192,-0.5807029557109398,2.0,1.5013333333333332,0.0,0.0,1572.2333333333333,0.0,0.0
5977,user127,2026-08-12T09:17:39+00:00,0,,9.283333333333333,26,9.810256410256411,3.6238675711965556,2026-06-25T08:24:03+00:00,0.6527597524627227,-0.7575649843840494,2.0,0.5269230769230777,0.0,0.0,55.583333333333336,1.0,0.0
6011,user127,2026-08-13T11:54:56+00:00,0,,11.9,27,9.790740740740741,3.557517784163066,2026-06-25T08:24:03+00:00,0.026176948307873423,-0.9996573249755573,3.0,2.109259259259259,0.0,0.0,1597.2833333333333,0.0,0.0
5991,user127,2026-08-14T08:55:55+00:00,0,,8.916666666666666,28,9.866071428571429,3.515274160498636,2026-06-25T08:24:03+00:00,0.7223639620597556,-0.6915130557822693,4.0,0.9494047619047628,0.0,0.0,1260.9833333333333,1.0,0.0
6009,user127,2026-08-15T08:21:45+00:00,0,,8.35,29,9.833333333333334,3.458475623717297,2026-06-25T08:24:03+00:00,0.816641555161679,-0.5771451900372335,5.0,1.4833333333333343,0.0,0.0,1405.8333333333333,1.0,0.0
6007,user127,2026-08-15T08:40:32+00:00,0,,8.666666666666666,30,9.78388888888889,3.4107550031273175,2026-06-25T08:24:03+00:00,0.7660444431189783,-0.642787609686539,5.0,1.1172222222222246,0.0,0.0,18.783333333333335,2.0,0.0
5986,user127,2026-08-15T09:47:07+00:00,0,,9.783333333333333,31,9.747849462365593,3.3610933905807805,2026-06-25T08:24:03+00:00,0.5482932295199138,-0.8362861558477596,5.0,0.03548387096773986,0.0,0.0,66.58333333333333,2.0,0.0
6015,user127,2026-08-17T20:02:39+00:00,1,unusual_hour,20.033333333333335,32,9.748958333333336,3.3081652389600933,2026-06-25T08:24:03+00:00,-0.8616291604415255,0.5075383629607045,0.0,10.284374999999999,0.0,0.0,3495.5333333333333,0.0,0.0
5973,user127,2026-08-19T10:27:56+00:00,0,,10.45,33,10.060606060606064,3.7040923273307973,2026-06-25T08:24:03+00:00,0.3947438563842674,-0.9187912101488982,2.0,0.3893939393939352,0.0,0.0,2305.2833333333333,0.0,0.0
5985,user127,2026-08-25T06:23:59+00:00,0,,6.383333333333334,34,10.072058823529416,3.6498068723824444,2026-06-25T08:24:03+00:00,0.9949685182509117,-0.1001880616120762,1.0,3.6887254901960818,0.0,0.0,8396.05,0.0,0.0
5994,user127,2026-08-26T07:04:15+00:00,0,,7.066666666666666,35,9.966666666666669,3.6494030823057706,2026-06-25T08:24:03+00:00,0.961261695938319,-0.27563735581699883,2.0,2.900000000000002,0.0,0.0,1480.2666666666667,0.0,0.0
6012,user127,2026-08-26T10:22:24+00:00,0,,10.366666666666667,36,9.886111111111113,3.629781860942155,2026-06-25T08:24:03+00:00,0.4146932426562392,-0.9099612708765431,2.0,0.4805555555555543,0.0,0.0,198.15,1.0,0.0
5974,user127,2026-08-29T08:27:57+00:00,0,,8.45,37,9.899099099099102,3.5812427296509615,2026-06-25T08:24:03+00:00,0.8012538126910609,-0.5983246005706587,5.0,1.4490990990991026,0.0,0.0,4205.55,0.0,0.0
5995,user127,2026-08-30T08:23:36+00:00,0,,8.383333333333333,38,9.860964912280703,3.541411809851544,2026-06-25T08:24:03+00:00,0.8115739819650124,-0.5842496656374342,6.0,1.4776315789473706,0.0,0.0,1435.65,1.0,0.0
6002,user127,2026-08-30T10:04:47+00:00,0,,10.066666666666666,39,9.823076923076925,3.5035078379705418,2026-06-25T08:24:03+00:00,0.48480962024633717,-0.8746197071393957,6.0,0.24358974358974095,0.0,0.0,101.18333333333334,1.0,0.0
6018,user127,2026-09-02T06:50:20+00:00,1,unusual_device,6.833333333333333,40,9.82916666666667,3.4596458352778767,2026-06-25T08:24:03+00:00,0.9762960071199334,-0.2164396139381028,2.0,2.9958333333333362,0.0,1.0,4125.55,0.0,0.0
5981,user127,2026-09-08T09:14:29+00:00,0,,9.233333333333333,41,9.756097560975611,3.4483014083673114,2026-06-25T08:24:03+00:00,0.6626200482157377,-0.748955720789002,1.0,0.5227642276422788,0.0,0.0,8784.15,0.0,0.0
5988,user127,2026-09-09T08:34:00+00:00,0,,8.566666666666666,42,9.743650793650795,3.4079349368994096,2026-06-25T08:24:03+00:00,0.782608156852414,-0.6225146366376194,2.0,1.176984126984129,0.0,0.0,1399.5166666666667,1.0,0.0
5972,user127,2026-09-09T09:49:18+00:00,0,,9.816666666666666,43,9.716279069767443,3.372742786904479,2026-06-25T08:24:03+00:00,0.540974471367994,-0.8410390129643924,2.0,0.10038759689922294,0.0,0.0,75.3,1.0,0.0
5999,user127,2026-09-13T10:18:51+00:00,0,,10.3,44,9.718560606060608,3.3342294551302585,2026-06-25T08:24:03+00:00,0.4305110968082947,-0.9025852843498609,6.0,0.5814393939393927,0.0,0.0,5789.55,0.0,0.0
6005,user127,2026-09-14T07:47:24+00:00,0,,7.783333333333333,45,9.731481481481483,3.298088152177502,2026-06-25T08:24:03+00:00,0.8929789434111371,-0.4500984410374348,0.0,1.9481481481481495,0.0,0.0,1288.55,1.0,0.0
5975,user127,2026-09-16T09:44:47+00:00,0,,9.733333333333333,46,9.68913043478261,3.274390486835902,2026-06-25T08:24:03+00:00,0.5591929034707469,-0.8290375725550416,2.0,0.044202898550722125,0.0,0.0,2997.383333333333,0.0,0.0
5984,user127,2026-09-17T07:16:36+00:00,0,,7.266666666666667,47,9.690070921985818,3.2393755410077563,2026-06-25T08:24:03+00:00,0.9455185755993168,-0.32556815445715664,3.0,2.4234042553191513,0.0,0.0,1291.8166666666666,1.0,0.0
6004,user127,2026-09-17T08:25:23+00:00,0,,8.416666666666666,48,9.639583333333336,3.2240876275455967,2026-06-25T08:24:03+00:00,0.8064446042674828,-0.5913096483635821,3.0,1.22291666666667,0.0,0.0,68.78333333333333,2.0,0.0
6043,user128,2026-06-22T21:22:33+00:00,0,,21.366666666666667,0,,,,-0.6360782202777646,0.7716245833877194,0.0,0.0,1.0,1.0,1440.0,0.0,0.0
6024,user128,2026-06-23T20:54:30+00:00,0,,20.9,1,21.366666666666667,0.0,2026-06-22T21:22:33+00:00,-0.7253743710122879,0.6883545756937537,1.0,0.46666666666666856,0.0,0.0,1411.95,1.0,0.0
6036,user128,2026-06-25T20:17:19+00:00,0,,20.283333333333335,2,21.133333333333333,0.23333333333333428,2026-06-22T21:22:33+00:00,-0.8265897491271886,0.5628049276950685,3.0,0.8499999999999979,0.0,0.0,2842.8166666666666,0.0,0.0
6066,user128,2026-06-28T18:31:35+00:00,1,unusual_location,18.516666666666666,3,20.849999999999998,0.4436798979578085,2026-06-22T21:22:33+00:00,-0.9908658973868824,0.1348509302737224,6.0,2.333333333333332,1.0,0.0,4214.266666666666,0.0,13149.896747497534
6023,user128,2026-07-01T18:53:32+00:00,0,,18.883333333333333,4,20.266666666666666,1.0809589364181338,2026-06-22T21:22:33+00:00,-0.9733792584604486,0.22920039092241382,2.0,1.3833333333333329,0.0,0.0,4341.95,0.0,0.0
6063,user128,2026-07-04T08:48:50+00:00,1,unusual_hour,8.8,5,19.99,1.1139818470493836,2026-06-22T21:22:33+00:00,0.7431448254773942,-0.6691306063588582,5.0,11.189999999999998,0.0,0.0,3715.3,0.0,0.0
6059,user128,2026-07-07T16:04:24+00:00,0,,16.066666666666666,6,18.124999999999996,4.292464866440915,2026-06-22T21:22:33+00:00,-0.8746197071393959,-0.48480962024633684,1.0,2.05833333333333,0.0,0.0,4755.566666666667,0.0,0.0
6034,user128,2026-07-08T18:32:55+00:00,0,,18.533333333333335,7,17.83095238095238,4.038794301574523,2026-06-22T21:22:33+00:00,-0.9902680687415704,0.13917310096006547,2.0,0.7023809523809561,0.0,0.0,1588.5166666666667,0.0,0.0
6061,user128,2026-07-08T20:44:32+00:00,0,,20.733333333333334,8,17.91875,3.7850807042254724,2026-06-22T21:22:33+00:00,-0.7547095802227722,0.656059028990507,2.0,2.814583333333335,0.0,0.0,131.61666666666667,1.0,0.0
6055,user128,2026-07-12T19:16:34+00:00,0,,19.266666666666666,9,18.23148148148148,3.6765980353928542,2026-06-22T21:22:33+00:00,-0.945518575599317,0.3255681544571563,6.0,1.0351851851851848,0.0,0.0,5672.033333333334,0.0,0.0
6065,user128,2026-07-13T18:17:13+00:00,1,unusual_location,18.283333333333335,10,18.334999999999997,3.5017253683799296,2026-06-22T21:22:33+00:00,-0.9972501850994856,0.07410849019539976,0.0,0.05166666666666231,1.0,0.0,1380.65,1.0,17174.149725713978
6046,user128,2026-07-14T20:54:46+00:00,0,,20.9,11,18.33030303030303,3.338797174857931,2026-06-22T21:22:33+00:00,-0.7253743710122879,0.6883545756937537,1.0,2.5696969696969703,0.0,0.0,1597.55,0.0,0.0
6069,user128,2026-07-15T20:15:52+00:00,1,unusual_device+unusual_location,20.25,12,18.54444444444444,3.2746029822496077,2026-06-22T21:22:33+00:00,-0.8314696123025455,0.5555702330196018,2.0,1.7055555555555593,0.0,1.0,1401.1,1.0,13149.896747497534
6039,user128,2026-07-16T18:32:53+00:00,0,,18.533333333333335,13,18.675641025641024,3.1787933486133837,2026-06-22T21:22:33+00:00,-0.9902680687415704,0.13917310096006547,3.0,0.14230769230768914,0.0,0.0,1337.0166666666667,1.0,0.0
6035,user128,2026-07-17T19:38:37+00:00,0,,19.633333333333333,14,18.66547619047619,3.063381161122787,2026-06-22T21:22:33+00:00,-0.9099612708765433,0.4146932426562389,4.0,0.9678571428571416,0.0,0.0,1505.7333333333333,0.0,0.0
6056,user128,2026-07-17T19:49:35+00:00,0,,19.816666666666666,15,18.73,2.9693383724948506,2026-06-22T21:22:33+00:00,-0.8890171414857366,0.45787391511695635,4.0,1.086666666666666,0.0,0.0,10.966666666666667,1.0,0.0
6070,user128,2026-07-17T20:20:54+00:00,0,,20.333333333333332,16,18.797916666666666,2.887057295307609,2026-06-22T21:22:33+00:00,-0.8191520442889918,0.573576436351046,4.0,1.5354166666666664,0.0,0.0,31.316666666666666,2.0,0.0
6071,user128,2026-07-17T20:21:46.265186+00:00,1,rapid_fire,20.35,17,18.888235294117646,2.824060747936448,2026-06-22T21:22:33+00:00,-0.8166415551616786,0.5771451900372341,4.0,1.4617647058823557,0.0,0.0,0.8710864333333334,3.0,0.0
6072,user128,2026-07-17T20:22:58.376733+00:00,1,rapid_fire,20.366666666666667,18,18.969444444444445,2.7648434979038568,2026-06-22T21:22:33+00:00,-0.8141155183563196,0.5807029557109393,4.0,1.3972222222222221,0.0,0.0,1.2018591166666668,4.0,0.0
6057,user128,2026-07-18T16:58:20+00:00,0,,16.966666666666665,19,19.04298245614035,2.7091264198550316,2026-06-22T21:22:33+00:00,-0.963630453208623,-0.26723837607825707,5.0,2.0763157894736857,0.0,0.0,1235.3603877833334,5.0,0.0
6068,user128,2026-07-18T17:42:09+00:00,1,unusual_device+unusual_location,17.7,20,18.939166666666665,2.6790248796074208,2026-06-22T21:22:33+00:00,-0.996917333733128,-0.07845909572784557,5.0,1.2391666666666659,0.0,1.0,43.81666666666667,6.0,13149.896747497534
6033,user128,2026-07-19T18:53:55+00:00,0,,18.883333333333333,21,18.88015873015873,2.6277448186510792,2026-06-22T21:22:33+00:00,-0.9733792584604486,0.22920039092241382,6.0,0.0031746031746031633,0.0,0.0,1511.7666666666667,0.0,0.0
6031,user128,2026-07-20T20:14:30+00:00,0,,20.233333333333334,22,18.88030303030303,2.567328901007896,2026-06-22T21:22:33+00:00,-0.8338858220671682,0.551936985312058,0.0,1.3530303030303052,0.0,0.0,1520.5833333333333,0.0,0.0
6054,user128,2026-07-21T20:24:37+00:00,0,,20.4,23,18.93913043478261,2.5260125376717135,2026-06-22T21:22:33+00:00,-0.8090169943749481,0.5877852522924722,1.0,1.46086956521739,0.0,0.0,1450.1166666666666,0.0,0.0
6021,user128,2026-07-23T20:35:20+00:00,0,,20.583333333333332,24,18.999999999999996,2.4899985125683495,2026-06-22T21:22:33+00:00,-0.7798844830928816,0.6259234721840593,3.0,1.5833333333333357,0.0,0.0,2890.7166666666667,0.0,0.0
6037,user128,2026-07-25T19:07:32+00:00,0,,19.116666666666667,25,19.06333333333333,2.45934047166218,2026-06-22T21:22:33+00:00,-0.9575713608048146,0.2881962681340887,5.0,0.05333333333333812,0.0,0.0,2792.2,0.0,0.0
6045,user128,2026-07-26T19:00:57+00:00,0,,19.0,26,19.065384615384612,2.4116035515146024,2026-06-22T21:22:33+00:00,-0.9659258262890684,0.2588190451025203,6.0,0.06538461538461249,0.0,0.0,1433.4166666666667,1.0,0.0
6042,user128,2026-07-29T19:42:21+00:00,0,,19.7,27,19.06296296296296,2.3665550892379,2026-06-22T21:22:33+00:00,-0.9025852843498607,0.4305110968082948,2.0,0.6370370370370395,0.0,0.0,4361.4,0.0,0.0
6029,user128,2026-07-30T17:27:40+00:00,0,,17.45,28,19.085714285714285,2.326915980833732,2026-06-22T21:22:33+00:00,-0.9896513868196702,-0.1434926219911794,3.0,1.6357142857142861,0.0,0.0,1305.3166666666666,1.0,0.0
6062,user128,2026-07-31T20:57:28+00:00,0,,20.95,29,19.029310344827586,2.3058423846654836,2026-06-22T21:22:33+00:00,-0.7163019434246545,0.69779045984168,4.0,1.9206896551724135,0.0,0.0,1649.8,0.0,0.0
6026,user128,2026-08-01T20:24:30+00:00,0,,20.4,30,19.093333333333337,2.293152447646721,2026-06-22T21:22:33+00:00,-0.8090169943749481,0.5877852522924722,5.0,1.3066666666666613,0.0,0.0,1407.0333333333333,1.0,0.0
6067,user128,2026-08-03T18:11:47+00:00,1,unusual_device,18.183333333333334,31,19.135483870967743,2.267645827154255,2026-06-22T21:22:33+00:00,-0.9988483864849507,0.04797812852134433,0.0,0.9521505376344095,0.0,1.0,2747.2833333333333,0.0,0.0
6028,user128,2026-08-05T19:55:10+00:00,0,,19.916666666666668,32,19.105729166666666,2.238072588805023,2026-06-22T21:22:33+00:00,-0.8767267557075075,0.48098876891938813,2.0,0.8109375000000014,0.0,0.0,2983.383333333333,0.0,0.0
6027,user128,2026-08-14T20:02:08+00:00,0,,20.033333333333335,33,19.13030303030303,2.2082812250206483,2026-06-22T21:22:33+00:00,-0.8616291604415255,0.5075383629607045,4.0,0.903030303030306,0.0,0.0,12966.966666666667,0.0,0.0
6025,user128,2026-08-23T18:04:49+00:00,0,,18.066666666666666,34,19.15686274509804,2.1809076393758375,2026-06-22T21:22:33+00:00,-0.9998476951563913,0.01745240643728313,6.0,1.0901960784313722,0.0,0.0,12842.683333333332,0.0,0.0
6038,user128,2026-08-24T20:23:55+00:00,0,,20.383333333333333,35,19.125714285714285,2.1571856402779326,2026-06-22T21:22:33+00:00,-0.8115739819650123,0.5842496656374345,0.0,1.2576190476190483,0.0,0.0,1579.1,0.0,0.0
6052,user128,2026-08-29T19:16:08+00:00,0,,19.266666666666666,36,19.160648148148148,2.137030768573514,2026-06-22T21:22:33+00:00,-0.945518575599317,0.3255681544571563,5.0,0.10601851851851762,0.0,0.0,7132.216666666666,0.0,0.0
6030,user128,2026-08-29T20:24:22+00:00,0,,20.4,37,19.16351351351351,2.1080242726072838,2026-06-22T21:22:33+00:00,-0.8090169943749481,0.5877852522924722,5.0,1.2364864864864877,0.0,0.0,68.23333333333333,1.0,0.0
6049,user128,2026-08-30T17:51:40+00:00,0,,17.85,38,19.196052631578947,2.0894976669414813,2026-06-22T21:22:33+00:00,-0.9992290362407229,-0.039259815759068124,6.0,1.3460526315789458,0.0,0.0,1287.3,2.0,0.0
6064,user128,2026-08-31T06:51:21+00:00,1,unusual_hour,6.85,39,19.16153846153846,2.073479787906526,2026-06-22T21:22:33+00:00,0.9753423205085128,-0.22069743502150074,0.0,11.68846153846154,0.0,0.0,779.6833333333333,1.0,0.0
6040,user128,2026-09-02T19:17:35+00:00,0,,19.283333333333335,40,18.853749999999998,2.808282609581482,2026-06-22T21:22:33+00:00,-0.9440890203927842,0.3296906452627875,2.0,0.429583333333337,0.0,0.0,3626.233333333333,0.0,0.0
6032,user128,2026-09-02T19:30:05+00:00,0,,19.5,41,18.864227642276422,2.774615286146779,2026-06-22T21:22:33+00:00,-0.923879532511287,0.38268343236508917,2.0,0.6357723577235781,0.0,0.0,12.5,1.0,0.0
6047,user128,2026-09-02T19:38:13+00:00,0,,19.633333333333333,42,18.87936507936508,2.7430981439904074,2026-06-22T21:22:33+00:00,-0.9099612708765433,0.4146932426562389,2.0,0.7539682539682531,0.0,0.0,8.133333333333333,2.0,0.0
6050,user128,2026-09-03T20:41:42+00:00,0,,20.683333333333334,43,18.8968992248062,2.713394509657259,2026-06-22T21:22:33+00:00,-0.7632324697825286,0.6461239796429642,3.0,1.786434108527132,0.0,0.0,1503.4833333333333,0.0,0.0
6022,user128,2026-09-04T19:40:11+00:00,0,,19.666666666666668,44,18.937499999999996,2.6955634261399664,2026-06-22T21:22:33+00:00,-0.9063077870366498,0.4226182617406996,4.0,0.7291666666666714,0.0,0.0,1378.4833333333333,1.0,0.0
6041,user128,2026-09-11T19:43:41+00:00,0,,19.716666666666665,45,18.9537037037037,2.6676106868143328,2026-06-22T21:22:33+00:00,-0.9006982393225882,0.43444525740441653,4.0,0.7629629629629662,0.0,0.0,10083.5,0.0,0.0
6058,user128,2026-09-12T17:20:41+00:00,0,,17.333333333333332,46,18.970289855072462,2.640800532455248,2026-06-22T21:22:33+00:00,-0.9848077530122079,-0.1736481776669312,5.0,1.6369565217391298,0.0,0.0,1297.0,1.0,0.0
6060,user128,2026-09-14T19:24:50+00:00,0,,19.4,47,18.9354609929078,2.6232133783105556,2026-06-22T21:22:33+00:00,-0.9335804264972021,0.35836794954529955,0.0,0.4645390070921991,0.0,0.0,3004.15,0.0,0.0
6044,user128,2026-09-18T17:55:17+00:00,0,,17.916666666666668,48,18.945138888888888,2.5965922252855913,2026-06-22T21:22:33+00:00,-0.9997620270799091,-0.021814885034560836,4.0,1.02847222222222,0.0,0.0,5670.45,0.0,0.0
6053,user128,2026-09-18T20:34:52+00:00,0,,20.566666666666666,49,18.924149659863943,2.5740706471312684,2026-06-22T21:22:33+00:00,-0.782608156852414,0.6225146366376193,4.0,1.6425170068027235,0.0,0.0,159.58333333333334,1.0,0.0
6048,user128,2026-09-19T17:25:42+00:00,0,,17.416666666666668,50,18.956999999999997,2.558554474698555,2026-06-22T21:22:33+00:00,-0.9883615104677608,-0.15212338618991628,5.0,1.5403333333333293,0.0,0.0,1250.8333333333333,2.0,0.0
6051,user128,2026-09-19T19:14:22+00:00,0,,19.233333333333334,51,18.92679738562091,2.542332396326972,2026-06-22T21:22:33+00:00,-0.9483236552061993,0.31730465640509226,5.0,0.30653594771242254,0.0,0.0,108.66666666666667,2.0,0.0
6096,user129,2026-06-23T11:32:31+00:00,0,,11.533333333333333,0,,,,0.12186934340514755,-0.992546151641322,1.0,0.0,1.0,1.0,1440.0,0.0,0.0
6104,user129,2026-06-27T13:35:07+00:00,0,,13.583333333333334,1,11.533333333333333,0.0,2026-06-23T11:32:31+00:00,-0.4027466898587371,-0.9153114791194472,5.0,2.0500000000000007,0.0,0.0,5882.6,0.0,0.0
6103,user129,2026-06-28T13:29:22+00:00,0,,13.483333333333333,2,12.558333333333334,1.0250000000000004,2026-06-23T11:32:31+00:00,-0.3786486173524327,-0.9255405040175665,6.0,0.9249999999999989,0.0,1.0,1434.25,1.0,0.0
6078,user129,2026-06-28T15:09:07+00:00,0,,15.15,3,12.866666666666667,0.9436925111261377,2026-06-23T11:32:31+00:00,-0.7343225094356853,-0.678800745532942,6.0,2.283333333333333,0.0,0.0,99.75,1.0,0.0
6124,user129,2026-06-28T15:44:09+00:00,0,,15.733333333333333,4,13.4375,1.2827582585974648,2026-06-23T11:32:31+00:00,-0.8290375725550414,-0.5591929034707472,6.0,2.2958333333333325,0.0,0.0,35.03333333333333,2.0,0.0
6125,user129,2026-06-28T15:45:10.301079+00:00,1,rapid_fire,15.75,5,13.896666666666667,1.4695955603876567,2026-06-23T11:32:31+00:00,-0.8314696123025452,-0.5555702330196022,6.0,1.8533333333333335,0.0,0.0,1.02168465,3.0,0.0
6126,user129,2026-06-28T15:45:58.027661+00:00,1,rapid_fire,15.75,6,14.205555555555556,1.5089138436817129,2026-06-23T11:32:31+00:00,-0.8314696123025452,-0.5555702330196022,6.0,1.5444444444444443,0.0,0.0,0.7954430333333333,4.0,0.0
6073,user129,2026-06-29T12:01:29+00:00,0,,12.016666666666667,7,14.426190476190476,1.4978783180827182,2026-06-23T11:32:31+00:00,-0.0043633092847466205,-0.9999904807207345,0.0,2.409523809523808,0.0,0.0,1215.51620565,5.0,0.0
6122,user129,2026-06-30T01:36:03+00:00,1,unusual_hour+unusual_location,1.6,8,14.125,1.611891573414429,2026-06-23T11:32:31+00:00,0.40673664307580015,0.9135454576426009,1.0,11.475,1.0,0.0,814.5666666666667,1.0,11028.039472221959
6097,user129,2026-07-03T12:58:29+00:00,0,,12.966666666666667,9,12.733333333333333,4.219406956164384,2026-06-23T11:32:31+00:00,-0.25038000405444155,-0.9681476403781077,4.0,0.23333333333333428,0.0,0.0,5002.433333333333,0.0,0.0
6081,user129,2026-07-03T15:52:56+00:00,0,,15.866666666666667,10,12.756666666666666,4.003492919383716,2026-06-23T11:32:31+00:00,-0.848048096156426,-0.529919264233205,4.0,3.110000000000001,0.0,0.0,174.45,1.0,0.0
6100,user129,2026-07-04T13:35:07+00:00,0,,13.583333333333334,11,13.039393939393939,3.9204866782462995,2026-06-23T11:32:31+00:00,-0.4027466898587371,-0.9153114791194472,5.0,0.5439393939393948,0.0,0.0,1302.1833333333334,1.0,0.0
6113,user129,2026-07-04T14:43:16+00:00,0,,14.716666666666667,12,13.084722222222224,3.7565896320439696,2026-06-23T11:32:31+00:00,-0.6527597524627221,-0.7575649843840498,5.0,1.6319444444444429,0.0,0.0,68.15,2.0,0.0
6117,user129,2026-07-05T01:18:37+00:00,1,unusual_hour,1.3,13,13.210256410256411,3.635317844658109,2026-06-23T11:32:31+00:00,0.3338068592337709,0.9426414910921784,6.0,11.91025641025641,0.0,0.0,635.35,2.0,0.0
6102,user129,2026-07-05T12:34:10+00:00,0,,12.566666666666666,14,12.359523809523811,4.656207302076369,2026-06-23T11:32:31+00:00,-0.14780941112961016,-0.9890158633619169,6.0,0.20714285714285552,0.0,0.0,675.55,3.0,0.0
6080,user129,2026-07-05T14:07:26+00:00,0,,14.116666666666667,15,12.373333333333335,4.498620364643497,2026-06-23T11:32:31+00:00,-0.5262139236518696,-0.8503522249955628,6.0,1.7433333333333323,0.0,0.0,93.26666666666667,3.0,0.0
6094,user129,2026-07-05T14:23:30+00:00,0,,14.383333333333333,16,12.482291666666669,4.376164403579095,2026-06-23T11:32:31+00:00,-0.5842496656374342,-0.8115739819650124,6.0,1.9010416666666643,0.0,0.0,16.066666666666666,4.0,0.0
6093,user129,2026-07-06T13:16:52+00:00,0,,13.266666666666667,17,12.594117647058825,4.269001893022508,2026-06-23T11:32:31+00:00,-0.32556815445715676,-0.9455185755993167,0.0,0.6725490196078425,0.0,0.0,1373.3666666666666,2.0,0.0
6077,user129,2026-07-08T12:03:38+00:00,0,,12.05,18,12.631481481481483,4.151583398992831,2026-06-23T11:32:31+00:00,-0.013089595571344391,-0.999914327574007,2.0,0.5814814814814824,0.0,0.0,2806.766666666667,0.0,0.0
6095,user129,2026-07-10T12:57:59+00:00,0,,12.95,19,12.600877192982459,4.04294010932743,2026-06-23T11:32:31+00:00,-0.24615329302899255,-0.9692309097067545,4.0,0.3491228070175403,0.0,0.0,2934.35,0.0,0.0
6076,user129,2026-07-10T13:51:20+00:00,0,,13.85,20,12.618333333333336,3.941305127887349,2026-06-23T11:32:31+00:00,-0.46561452032511097,-0.8849876374630421,4.0,1.2316666666666638,0.0,0.0,53.35,1.0,0.0
6110,user129,2026-07-13T14:31:53+00:00,0,,14.516666666666667,21,12.676984126984129,3.855252982697064,2026-06-23T11:32:31+00:00,-0.6122172800344494,-0.7906895737438433,0.0,1.8396825396825385,0.0,0.0,4360.55,0.0,0.0
6109,user129,2026-07-15T12:38:38+00:00,0,,12.633333333333333,22,12.760606060606062,3.7860574409036447,2026-06-23T11:32:31+00:00,-0.16504760586067743,-0.9862856015372314,2.0,0.12727272727272876,0.0,0.0,2766.75,0.0,0.0
6075,user129,2026-07-18T12:12:10+00:00,0,,12.2,23,12.755072463768116,3.702928188428996,2026-06-23T11:32:31+00:00,-0.052335956242943564,-0.9986295347545738,5.0,0.5550724637681164,0.0,0.0,4293.533333333334,0.0,0.0
6119,user129,2026-07-22T13:49:43+00:00,1,unusual_location,13.816666666666666,24,12.731944444444444,3.6266596349843323,2026-06-23T11:32:31+00:00,-0.4578739151169564,-0.8890171414857366,2.0,1.0847222222222221,0.0,0.0,5857.55,0.0,11028.039472221959
6089,user129,2026-07-26T12:53:33+00:00,0,,12.883333333333333,25,12.775333333333332,3.5597381926203506,2026-06-23T11:32:31+00:00,-0.2292003909224143,-0.9733792584604485,6.0,0.10800000000000054,0.0,0.0,5703.833333333333,0.0,0.0
6106,user129,2026-07-29T13:42:35+00:00,0,,13.7,26,12.779487179487178,3.490672270409854,2026-06-23T11:32:31+00:00,-0.43051109680829447,-0.902585284349861,2.0,0.9205128205128208,0.0,0.0,4369.033333333334,0.0,0.0
6108,user129,2026-07-30T14:22:53+00:00,0,,14.366666666666667,27,12.81358024691358,3.4298287190345733,2026-06-23T11:32:31+00:00,-0.5807029557109398,-0.8141155183563192,3.0,1.5530864197530878,0.0,0.0,1480.3,0.0,0.0
6091,user129,2026-08-01T13:10:21+00:00,0,,13.166666666666666,28,12.869047619047619,3.3803344505732604,2026-06-23T11:32:31+00:00,-0.30070579950427306,-0.9537169507482269,5.0,0.29761904761904745,0.0,0.0,2807.4666666666667,0.0,0.0
6087,user129,2026-08-01T14:45:04+00:00,0,,14.75,29,12.879310344827585,3.3219854400402395,2026-06-23T11:32:31+00:00,-0.6593458151000688,-0.7518398074789774,5.0,1.8706896551724146,0.0,0.0,94.71666666666667,1.0,0.0
6105,user129,2026-08-03T14:08:38+00:00,0,,14.133333333333333,30,12.941666666666666,3.2833664690939344,2026-06-23T11:32:31+00:00,-0.5299192642332043,-0.8480480961564263,0.0,1.1916666666666664,0.0,0.0,2843.5666666666666,0.0,0.0
6116,user129,2026-08-03T15:31:23+00:00,0,,15.516666666666667,31,12.98010752688172,3.2368299997403835,2026-06-23T11:32:31+00:00,-0.7960020025346223,-0.6052939880428941,0.0,2.5365591397849467,0.0,0.0,82.75,1.0,0.0
6079,user129,2026-08-05T14:19:22+00:00,0,,14.316666666666666,32,13.059375,3.2162778734703568,2026-06-23T11:32:31+00:00,-0.5699967625963029,-0.8216469379421637,2.0,1.2572916666666671,0.0,0.0,2807.983333333333,0.0,0.0
6112,user129,2026-08-05T14:41:20+00:00,0,,14.683333333333334,33,13.097474747474747,3.174496225077665,2026-06-23T11:32:31+00:00,-0.6461239796429636,-0.7632324697825291,2.0,1.5858585858585865,0.0,0.0,21.966666666666665,1.0,0.0
6118,user129,2026-08-05T14:43:25+00:00,1,unusual_location,14.716666666666667,34,13.144117647058822,3.1389209730491876,2026-06-23T11:32:31+00:00,-0.6527597524627221,-0.7575649843840498,2.0,1.5725490196078447,1.0,0.0,2.0833333333333335,2.0,13149.896747497534
6099,user129,2026-08-13T13:42:41+00:00,0,,13.7,35,13.189047619047617,3.1048271246436414,2026-06-23T11:32:31+00:00,-0.43051109680829447,-0.902585284349861,3.0,0.5109523809523822,0.0,0.0,11459.266666666666,0.0,0.0
6084,user129,2026-08-13T14:44:50+00:00,0,,14.733333333333333,36,13.203240740740739,3.062552139753797,2026-06-23T11:32:31+00:00,-0.656059028990507,-0.7547095802227721,3.0,1.5300925925925934,0.0,0.0,62.15,1.0,0.0
6082,user129,2026-08-16T14:29:16+00:00,0,,14.483333333333333,37,13.244594594594593,3.031055609671279,2026-06-23T11:32:31+00:00,-0.6052939880428939,-0.7960020025346224,6.0,1.2387387387387392,0.0,0.0,4304.433333333333,0.0,0.0
6083,user129,2026-08-20T14:45:26+00:00,0,,14.75,38,13.277192982456139,2.9974731586832895,2026-06-23T11:32:31+00:00,-0.6593458151000688,-0.7518398074789774,3.0,1.472807017543861,0.0,0.0,5776.166666666667,0.0,0.0
6090,user129,2026-08-22T14:37:02+00:00,0,,14.616666666666667,39,13.314957264957265,2.96793834952931,2026-06-23T11:32:31+00:00,-0.6327053285625163,-0.7743926440821854,5.0,1.3017094017094024,0.0,0.0,2871.6,0.0,0.0
6111,user129,2026-08-22T14:42:09+00:00,0,,14.7,40,13.3475,2.9376425497326935,2026-06-23T11:32:31+00:00,-0.6494480483301835,-0.760405965600031,5.0,1.3524999999999991,0.0,0.0,5.116666666666666,1.0,0.0
6088,user129,2026-08-23T11:02:41+00:00,0,,11.033333333333333,41,13.38048780487805,2.9090874868158982,2026-06-23T11:32:31+00:00,0.2503800040544418,-0.9681476403781076,6.0,2.347154471544716,0.0,0.0,1220.5333333333333,2.0,0.0
6092,user129,2026-08-23T12:51:25+00:00,0,,12.85,42,13.324603174603174,2.89643604689393,2026-06-23T11:32:31+00:00,-0.22069743502150088,-0.9753423205085128,6.0,0.4746031746031747,0.0,0.0,108.73333333333333,3.0,0.0
6086,user129,2026-08-25T14:34:47+00:00,0,,14.566666666666666,43,13.31356589147287,2.863451991959669,2026-06-23T11:32:31+00:00,-0.6225146366376191,-0.7826081568524144,1.0,1.253100775193797,0.0,0.0,2983.366666666667,0.0,0.0
6123,user129,2026-08-26T01:17:01+00:00,1,unusual_device+unusual_hour,1.2833333333333332,44,13.342045454545456,2.8368794400766917,2026-06-23T11:32:31+00:00,0.32969064526278724,0.9440890203927842,2.0,11.941287878787877,0.0,1.0,642.2333333333333,1.0,0.0
6107,user129,2026-08-28T13:22:41+00:00,0,,13.366666666666667,45,13.074074074074074,3.320937238591115,2026-06-23T11:32:31+00:00,-0.3502073812594677,-0.9366721892483976,4.0,0.29259259259259274,0.0,0.0,3605.6666666666665,0.0,0.0
6074,user129,2026-09-02T13:52:16+00:00,0,,13.866666666666667,46,13.080434782608696,3.284918885070906,2026-06-23T11:32:31+00:00,-0.46947156278589086,-0.8829475928589269,2.0,0.7862318840579707,0.0,0.0,7229.583333333333,0.0,0.0
6121,user129,2026-09-08T14:29:35+00:00,1,unusual_device,14.483333333333333,47,13.097163120567377,3.251764967467933,2026-06-23T11:32:31+00:00,-0.6052939880428939,-0.7960020025346224,1.0,1.3861702127659559,0.0,0.0,8677.316666666668,0.0,0.0
6115,user129,2026-09-10T13:31:49+00:00,0,,13.516666666666667,48,13.126041666666667,3.2237991344646457,2026-06-23T11:32:31+00:00,-0.38671096163682106,-0.9222009716704516,3.0,0.390625,0.0,0.0,2822.233333333333,0.0,0.0
6101,user129,2026-09-11T15:01:45+00:00,0,,15.016666666666667,49,13.134013605442178,3.191211640862502,2026-06-23T11:32:31+00:00,-0.7101853756232854,-0.7040147244559684,4.0,1.8826530612244898,0.0,0.0,1529.9333333333334,0.0,0.0
6114,user129,2026-09-13T15:07:01+00:00,0,,15.116666666666667,50,13.171666666666667,3.1701143512498096,2026-06-23T11:32:31+00:00,-0.7283709698824001,-0.6851829903263593,6.0,1.9450000000000003,0.0,0.0,2885.266666666667,0.0,0.0
6085,user129,2026-09-16T10:12:42+00:00,0,,10.2,51,13.209803921568628,3.150443784609499,2026-06-23T11:32:31+00:00,0.4539904997395473,-0.8910065241883676,2.0,3.009803921568629,0.0,0.0,4025.6833333333334,0.0,0.0
6098,user129,2026-09-17T13:31:14+00:00,0,,13.516666666666667,52,13.15192307692308,3.14726623648423,2026-06-23T11:32:31+00:00,-0.38671096163682106,-0.9222009716704516,3.0,0.364743589743588,0.0,0.0,1638.5333333333333,0.0,0.0
6120,user129,2026-09-18T12:52:15+00:00,1,unusual_device,12.866666666666667,53,13.158805031446542,3.117828633114294,2026-06-23T11:32:31+00:00,-0.22495105434386498,-0.9743700647852352,4.0,0.2921383647798752,0.0,0.0,1401.0166666666667,1.0,0.0
6130,user130,2026-06-22T09:38:41+00:00,0,,9.633333333333333,0,,,,0.5807029557109399,-0.8141155183563191,0.0,0.0,1.0,1.0,1440.0,0.0,0.0
6151,user130,2026-06-22T10:08:12+00:00,0,,10.133333333333333,1,9.633333333333333,0.0,2026-06-22T09:38:41+00:00,0.4694715627858911,-0.8829475928589268,0.0,0.5,0.0,0.0,29.516666666666666,1.0,0.0
6168,user130,2026-06-23T23:35:40+00:00,1,unusual_device+unusual_hour,23.583333333333332,2,9.883333333333333,0.25,2026-06-22T09:38:41+00:00,-0.10886687485196514,0.9940563382223195,1.0,10.3,0.0,1.0,2247.4666666666667,0.0,0.0
6148,user130,2026-06-24T09:53:14+00:00,0,,9.883333333333333,3,14.449999999999998,6.461466981696614,2026-06-22T09:38:41+00:00,0.5262139236518698,-0.8503522249955627,2.0,4.566666666666665,0.0,0.0,617.5666666666667,1.0,0.0
6157,user130,2026-06-26T09:48:12+00:00,0,,9.8,4,13.308333333333332,5.93490732867835,2026-06-22T09:38:41+00:00,0.5446390350150269,-0.8386705679454242,4.0,3.508333333333331,0.0,0.0,2874.9666666666667,0.0,0.0
6127,user130,2026-06-26T10:15:58+00:00,0,,10.25,5,12.606666666666666,5.490705277507111,2026-06-22T09:38:41+00:00,0.4422886902190017,-0.8968727415326881,4.0,2.3566666666666656,0.0,0.0,27.766666666666666,1.0,0.0
6136,user130,2026-06-28T07:16:25+00:00,0,,7.266666666666667,6,12.213888888888889,5.088671301752939,2026-06-22T09:38:41+00:00,0.9455185755993168,-0.32556815445715664,6.0,4.947222222222222,0.0,0.0,2700.45,0.0,0.0
6142,user130,2026-06-29T10:26:03+00:00,0,,10.433333333333334,7,11.507142857142856,5.0191921909240635,2026-06-22T09:38:41+00:00,0.39874906892524614,-0.917060074385124,0.0,1.0738095238095227,0.0,0.0,1629.6333333333334,0.0,0.0
6163,user130,2026-07-03T09:11:06+00:00,1,unusual_location,9.183333333333334,8,11.372916666666667,4.708436116134764,2026-06-22T09:38:41+00:00,0.672366807434668,-0.7402181274868321,4.0,2.189583333333333,1.0,0.0,5685.05,0.0,16723.860518795125
6147,user130,2026-07-10T10:36:13+00:00,0,,10.6,9,11.12962962962963,4.49217273846504,2026-06-22T09:38:41+00:00,0.35836794954530066,-0.9335804264972016,4.0,0.5296296296296301,0.0,0.0,10165.116666666667,0.0,0.0
6153,user130,2026-07-10T11:42:25+00:00,0,,11.7,10,11.076666666666666,4.264610181482007,2026-06-22T09:38:41+00:00,0.07845909572784551,-0.996917333733128,4.0,0.6233333333333331,0.0,0.0,66.2,1.0,0.0
6145,user130,2026-07-11T10:06:04+00:00,0,,10.1,11,11.133333333333333,4.070092943122622,2026-06-22T09:38:41+00:00,0.4771587602596086,-0.8788171126619653,5.0,1.0333333333333332,0.0,0.0,1343.65,2.0,0.0
6155,user130,2026-07-13T10:44:58+00:00,0,,10.733333333333333,12,11.047222222222222,3.9072690646038026,2026-06-22T09:38:41+00:00,0.32556815445715703,-0.9455185755993167,0.0,0.31388888888889,0.0,0.0,2918.9,0.0,0.0
6166,user130,2026-07-16T10:37:25+00:00,1,unusual_device,10.616666666666667,13,11.023076923076921,3.754914377923394,2026-06-22T09:38:41+00:00,0.35429103799771566,-0.9351352096860118,3.0,0.4064102564102541,0.0,1.0,4312.45,0.0,0.0
6164,user130,2026-07-19T09:15:23+00:00,1,unusual_location,9.25,14,10.994047619047619,3.6198395515112,2026-06-22T09:38:41+00:00,0.659345815100069,-0.7518398074789773,6.0,1.7440476190476186,1.0,0.0,4237.966666666666,0.0,11223.861979543246
6162,user130,2026-07-19T23:38:50+00:00,1,unusual_hour,23.633333333333333,15,10.877777777777776,3.524053151881218,2026-06-22T09:38:41+00:00,-0.09584575252022448,0.9953961983671787,6.0,11.244444444444444,0.0,0.0,863.45,1.0,0.0
6140,user130,2026-07-22T11:09:56+00:00,0,,11.15,16,11.674999999999999,4.601762192658132,2026-06-22T09:38:41+00:00,0.22069743502150113,-0.9753423205085127,2.0,0.5249999999999986,0.0,0.0,3571.1,0.0,0.0
6137,user130,2026-07-23T10:26:11+00:00,0,,10.433333333333334,17,11.644117647058822,4.466073787022164,2026-06-22T09:38:41+00:00,0.39874906892524614,-0.917060074385124,3.0,1.2107843137254886,0.0,0.0,1396.25,1.0,0.0
6131,user130,2026-07-29T10:42:38+00:00,0,,10.7,18,11.57685185185185,4.349095758467929,2026-06-22T09:38:41+00:00,0.3338068592337712,-0.9426414910921783,2.0,0.8768518518518515,0.0,0.0,8656.45,0.0,0.0
6138,user130,2026-08-01T08:00:23+00:00,0,,8.0,19,11.530701754385964,4.237624786956268,2026-06-22T09:38:41+00:00,0.8660254037844387,-0.4999999999999998,5.0,3.530701754385964,0.0,0.0,4157.75,0.0,0.0
6128,user130,2026-08-06T10:46:38+00:00,0,,10.766666666666667,20,11.354166666666666,4.201394857663345,2026-06-22T09:38:41+00:00,0.31730465640509214,-0.9483236552061993,3.0,0.5874999999999986,0.0,0.0,7366.25,0.0,0.0
6134,user130,2026-08-07T11:39:48+00:00,0,,11.65,21,11.326190476190476,4.102049982503494,2026-06-22T09:38:41+00:00,0.09150161866340258,-0.9958049275746617,4.0,0.32380952380952444,0.0,0.0,1493.1666666666667,0.0,0.0
6160,user130,2026-08-13T10:55:01+00:00,0,,10.916666666666666,22,11.340909090909092,4.008304911613238,2026-06-22T09:38:41+00:00,0.2798290140309927,-0.9600498543859285,3.0,0.42424242424242564,0.0,0.0,8595.216666666667,0.0,0.0
6158,user130,2026-08-17T11:25:29+00:00,0,,11.416666666666666,23,11.322463768115943,3.9211541012056927,2026-06-22T09:38:41+00:00,0.15212338618991708,-0.9883615104677607,0.0,0.09420289855072284,0.0,0.0,5790.466666666666,0.0,0.0
6141,user130,2026-08-18T08:36:25+00:00,0,,8.6,24,11.326388888888891,3.8386403983734514,2026-06-22T09:38:41+00:00,0.777145961456971,-0.6293203910498373,1.0,2.7263888888888914,0.0,0.0,1270.9333333333334,1.0,0.0
6135,user130,2026-08-18T10:35:14+00:00,0,,10.583333333333334,25,11.217333333333336,3.798840407867175,2026-06-22T09:38:41+00:00,0.36243803828370136,-0.9320078692827987,1.0,0.6340000000000021,0.0,0.0,118.81666666666666,2.0,0.0
6139,user130,2026-08-19T09:58:14+00:00,0,,9.966666666666667,26,11.19294871794872,3.7270642564529424,2026-06-22T09:38:41+00:00,0.5075383629607044,-0.8616291604415256,2.0,1.2262820512820536,0.0,0.0,1403.0,1.0,0.0
6167,user130,2026-08-19T10:39:42+00:00,1,unusual_device+unusual_location,10.65,27,11.147530864197531,3.6647180672490873,2026-06-22T09:38:41+00:00,0.34611705707749285,-0.9381913359224842,2.0,0.4975308641975307,0.0,0.0,41.46666666666667,1.0,11223.861979543246
6161,user130,2026-08-20T22:39:16+00:00,1,unusual_hour,22.65,28,11.129761904761905,3.599865950830055,2026-06-22T09:38:41+00:00,-0.3461170570774934,0.9381913359224839,3.0,11.520238095238094,0.0,0.0,2159.5666666666666,0.0,0.0
6143,user130,2026-08-30T10:59:46+00:00,0,,10.983333333333333,29,11.527011494252873,4.114702201933434,2026-06-22T09:38:41+00:00,0.2630312144579752,-0.9647873238288129,6.0,0.5436781609195407,0.0,0.0,13700.5,0.0,0.0
6149,user130,2026-08-31T11:58:56+00:00,0,,11.966666666666667,30,11.508888888888889,4.0467195981650175,2026-06-22T09:38:41+00:00,0.008726535498373959,-0.9999619230641713,0.0,0.4577777777777783,0.0,0.0,1499.1666666666667,0.0,0.0
6165,user130,2026-09-01T12:11:35+00:00,1,unusual_device,12.183333333333334,31,11.523655913978493,3.9817364734460265,2026-06-22T09:38:41+00:00,-0.04797812852134395,-0.9988483864849507,1.0,0.6596774193548409,0.0,0.0,1452.65,0.0,0.0
6154,user130,2026-09-02T13:42:38+00:00,0,,13.7,32,11.544270833333332,3.9207084849388543,2026-06-22T09:38:41+00:00,-0.43051109680829447,-0.902585284349861,2.0,2.155729166666667,0.0,0.0,1531.05,0.0,0.0
6129,user130,2026-09-04T08:31:03+00:00,0,,8.516666666666667,33,11.609595959595959,3.878491216033063,2026-06-22T09:38:41+00:00,0.7906895737438432,-0.6122172800344494,4.0,3.0929292929292913,0.0,0.0,2568.4166666666665,0.0,0.0
6159,user130,2026-09-06T09:42:51+00:00,0,,9.7,34,11.51862745098039,3.856597701151559,2026-06-22T09:38:41+00:00,0.5664062369248332,-0.8241261886220155,6.0,1.8186274509803901,0.0,0.0,2951.8,0.0,0.0
6144,user130,2026-09-06T11:02:47+00:00,0,,11.033333333333333,35,11.466666666666665,3.8131601692284676,2026-06-22T09:38:41+00:00,0.2503800040544418,-0.9681476403781076,6.0,0.4333333333333318,0.0,0.0,79.93333333333334,1.0,0.0
6150,user130,2026-09-06T11:52:39+00:00,0,,11.866666666666667,36,11.454629629629629,3.7605009580398168,2026-06-22T09:38:41+00:00,0.0348994967025007,-0.9993908270190958,6.0,0.4120370370370381,0.0,0.0,49.86666666666667,2.0,0.0
6156,user130,2026-09-09T10:12:52+00:00,0,,10.2,37,11.465765765765765,3.7099370374726304,2026-06-22T09:38:41+00:00,0.4539904997395473,-0.8910065241883676,2.0,1.2657657657657655,0.0,0.0,4220.216666666666,0.0,0.0
6133,user130,2026-09-14T08:23:30+00:00,0,,8.383333333333333,38,11.432456140350876,3.666399406863555,2026-06-22T09:38:41+00:00,0.8115739819650124,-0.5842496656374342,0.0,3.049122807017543,0.0,0.0,7090.633333333333,0.0,0.0
6132,user130,2026-09-15T10:29:42+00:00,0,,10.483333333333333,39,11.354273504273502,3.651038407393291,2026-06-22T09:38:41+00:00,0.3867109616368213,-0.9222009716704516,1.0,0.8709401709401696,0.0,0.0,1566.2,0.0,0.0
6146,user130,2026-09-17T08:41:53+00:00,0,,8.683333333333334,40,11.3325,3.6076749784313993,2026-06-22T09:38:41+00:00,0.7632324697825288,-0.646123979642964,3.0,2.649166666666666,0.0,0.0,2772.1833333333334,0.0,0.0
6152,user130,2026-09-18T09:17:41+00:00,0,,9.283333333333333,41,11.267886178861788,3.586763134987135,2026-06-22T09:38:41+00:00,0.6527597524627227,-0.7575649843840494,4.0,1.9845528455284551,0.0,0.0,1475.8,0.0,0.0
6211,user131,2026-06-28T21:01:39+00:00,1,unusual_device+unusual_hour,21.016666666666666,0,,,,-0.7040147244559687,0.7101853756232851,6.0,0.0,1.0,1.0,1440.0,0.0,0.0
6175,user131,2026-07-02T09:16:07+00:00,0,,9.266666666666667,1,21.016666666666666,0.0,2026-06-28T21:01:39+00:00,0.6560590289905073,-0.754709580222772,3.0,11.749999999999998,0.0,1.0,5054.466666666666,0.0,0.0
6182,user131,2026-07-02T09:48:05+00:00,0,,9.8,2,15.141666666666666,5.874999999999999,2026-06-28T21:01:39+00:00,0.5446390350150269,-0.8386705679454242,3.0,5.341666666666665,0.0,0.0,31.966666666666665,1.0,0.0
6192,user131,2026-07-06T10:41:06+00:00,0,,10.683333333333334,3,13.361111111111109,5.417672271327065,2026-06-28T21:01:39+00:00,0.3379167180033274,-0.9411760152563705,0.0,2.6777777777777754,0.0,0.0,5813.016666666666,0.0,0.0
6184,user131,2026-07-07T08:57:10+00:00,0,,8.95,4,12.691666666666666,4.832995677860908,2026-06-28T21:01:39+00:00,0.7163019434246544,-0.69779045984168,1.0,3.741666666666667,0.0,0.0,1336.0666666666666,1.0,0.0
6173,user131,2026-07-10T07:09:51+00:00,0,,7.15,5,11.943333333333333,4.574526083529188,2026-06-28T21:01:39+00:00,0.9550199444571866,-0.29654157497557104,4.0,4.793333333333333,0.0,0.0,4212.683333333333,0.0,0.0
6213,user131,2026-07-12T09:50:57+00:00,0,,9.833333333333334,6,11.144444444444446,4.541992003298188,2026-06-28T21:01:39+00:00,0.5372996083468238,-0.8433914458128857,6.0,1.3111111111111118,0.0,0.0,3041.1,0.0,0.0
6214,user131,2026-07-12T09:51:56.958553+00:00,1,rapid_fire,9.85,7,10.957142857142857,4.230021737559602,2026-06-28T21:01:39+00:00,0.5336145159156117,-0.8457278217039732,6.0,1.1071428571428577,0.0,0.0,0.9993092166666667,1.0,0.0
6215,user131,2026-07-12T09:53:09.326331+00:00,1,rapid_fire,9.883333333333333,8,10.81875,3.9737282862641163,2026-06-28T21:01:39+00:00,0.5262139236518698,-0.8503522249955627,6.0,0.9354166666666668,0.0,0.0,1.2061296333333333,2.0,0.0
6216,user131,2026-07-12T09:54:21.470865+00:00,1,rapid_fire,9.9,9,10.714814814814815,3.757982815587327,2026-06-28T21:01:39+00:00,0.5224985647159489,-0.8526401643540922,6.0,0.8148148148148149,0.0,0.0,1.2024088999999998,3.0,0.0
6191,user131,2026-07-12T10:39:24+00:00,0,,10.65,10,10.633333333333335,3.573505903793142,2026-06-28T21:01:39+00:00,0.34611705707749285,-0.9381913359224842,6.0,0.01666666666666572,0.0,0.0,45.04215225,4.0,0.0
6208,user131,2026-07-16T08:24:46+00:00,1,unusual_location,8.4,11,10.634848484848487,3.407207560581178,2026-06-28T21:01:39+00:00,0.8090169943749475,-0.587785252292473,3.0,2.234848484848486,1.0,0.0,5625.366666666667,0.0,16854.549124485653
6201,user131,2026-07-17T10:54:16+00:00,0,,10.9,12,10.448611111111113,3.320115866545014,2026-06-28T21:01:39+00:00,0.2840153447039226,-0.958819734868193,4.0,0.4513888888888875,0.0,0.0,1589.5,0.0,0.0
6187,user131,2026-07-19T11:46:39+00:00,0,,11.766666666666667,13,10.483333333333336,3.1921310835711076,2026-06-28T21:01:39+00:00,0.06104853953485675,-0.998134798421867,6.0,1.2833333333333314,0.0,0.0,2932.383333333333,0.0,0.0
6197,user131,2026-07-20T09:55:29+00:00,0,,9.916666666666666,14,10.575000000000003,3.0937196366956377,2026-06-28T21:01:39+00:00,0.5187732581605218,-0.8549118706729464,0.0,0.6583333333333368,0.0,0.0,1328.8333333333333,1.0,0.0
6188,user131,2026-07-23T08:03:27+00:00,0,,8.05,15,10.531111111111112,2.9933250845386628,2026-06-28T21:01:39+00:00,0.8594064115014528,-0.5112930860770519,3.0,2.4811111111111117,0.0,0.0,4207.966666666666,0.0,0.0
6174,user131,2026-07-26T07:22:01+00:00,0,,7.366666666666666,16,10.37604166666667,2.959846847283656,2026-06-28T21:01:39+00:00,0.9366721892483977,-0.3502073812594673,6.0,3.009375000000003,0.0,0.0,4278.566666666667,0.0,0.0
6207,user131,2026-07-28T11:28:33+00:00,1,unusual_location,11.466666666666667,17,10.199019607843141,2.9574900515207636,2026-06-28T21:01:39+00:00,0.13917310096006574,-0.9902680687415703,1.0,1.2676470588235258,0.0,0.0,3126.5333333333333,0.0,16854.549124485653
6193,user131,2026-07-30T07:38:37+00:00,0,,7.633333333333333,18,10.269444444444447,2.888794068956717,2026-06-28T21:01:39+00:00,0.9099612708765433,-0.4146932426562388,3.0,2.6361111111111146,0.0,0.0,2650.0666666666666,0.0,0.0
6212,user131,2026-07-30T21:23:05+00:00,1,unusual_hour+unusual_location,21.383333333333333,19,10.130701754385967,2.8727000113993797,2026-06-28T21:01:39+00:00,-0.6327053285625163,0.7743926440821854,3.0,11.252631578947366,1.0,0.0,824.4666666666667,1.0,7715.747415523337
6171,user131,2026-08-04T08:14:05+00:00,0,,8.233333333333333,20,10.693333333333335,3.722138722114836,2026-06-28T21:01:39+00:00,0.8338858220671684,-0.5519369853120578,1.0,2.4600000000000026,0.0,0.0,6411.0,0.0,0.0
6205,user131,2026-08-06T10:27:57+00:00,0,,10.45,21,10.576190476190478,3.670018566871173,2026-06-28T21:01:39+00:00,0.3947438563842674,-0.9187912101488982,3.0,0.1261904761904784,0.0,0.0,3013.866666666667,0.0,0.0
6172,user131,2026-08-14T07:16:42+00:00,0,,7.266666666666667,22,10.570454545454545,3.5857353887643346,2026-06-28T21:01:39+00:00,0.9455185755993168,-0.32556815445715664,4.0,3.3037878787878787,0.0,0.0,11328.75,0.0,0.0
6189,user131,2026-08-15T10:01:37+00:00,0,,10.016666666666667,23,10.4268115942029,3.5710515478973375,2026-06-28T21:01:39+00:00,0.49621650367520803,-0.8681988144891424,5.0,0.41014492753623166,0.0,0.0,1604.9166666666667,0.0,0.0
6194,user131,2026-08-16T10:35:30+00:00,0,,10.583333333333334,24,10.409722222222223,3.4968236799652095,2026-06-28T21:01:39+00:00,0.36243803828370136,-0.9320078692827987,6.0,0.17361111111111072,0.0,0.0,1473.8833333333334,0.0,0.0
6195,user131,2026-08-17T08:05:08+00:00,0,,8.083333333333334,25,10.416666666666668,3.4263423971083538,2026-06-28T21:01:39+00:00,0.8549118706729465,-0.5187732581605216,0.0,2.333333333333334,0.0,0.0,1289.6333333333334,1.0,0.0
6210,user131,2026-08-20T08:23:12+00:00,1,unusual_device,8.383333333333333,26,10.326923076923077,3.3896369120884087,2026-06-28T21:01:39+00:00,0.8115739819650124,-0.5842496656374342,3.0,1.9435897435897438,0.0,1.0,4338.066666666667,0.0,0.0
6186,user131,2026-08-20T08:36:07+00:00,0,,8.6,27,10.254938271604939,3.346464305815777,2026-06-28T21:01:39+00:00,0.777145961456971,-0.6293203910498373,3.0,1.654938271604939,0.0,0.0,12.916666666666666,1.0,0.0
6190,user131,2026-08-21T09:17:15+00:00,0,,9.283333333333333,28,10.195833333333335,3.3004828440651304,2026-06-28T21:01:39+00:00,0.6527597524627227,-0.7575649843840494,4.0,0.9125000000000014,0.0,0.0,1481.1333333333334,0.0,0.0
6203,user131,2026-08-21T10:16:37+00:00,0,,10.266666666666667,29,10.164367816091955,3.2473500075612227,2026-06-28T21:01:39+00:00,0.4383711467890773,-0.898794046299167,4.0,0.10229885057471222,0.0,0.0,59.36666666666667,1.0,0.0
6206,user131,2026-08-22T21:27:52+00:00,1,unusual_hour,21.45,30,10.16777777777778,3.192821616774606,2026-06-28T21:01:39+00:00,-0.6190939493098336,0.7853169308807452,5.0,11.28222222222222,0.0,0.0,2111.25,0.0,0.0
6169,user131,2026-08-23T10:43:19+00:00,0,,10.716666666666667,31,10.531720430107528,3.7200665649965927,2026-06-28T21:01:39+00:00,0.32969064526278735,-0.9440890203927842,6.0,0.18494623655913855,0.0,0.0,795.45,1.0,0.0
6200,user131,2026-08-23T11:33:55+00:00,0,,11.55,32,10.5375,3.661620580805414,2026-06-28T21:01:39+00:00,0.11753739745783798,-0.9930684569549263,6.0,1.012500000000001,0.0,0.0,50.6,2.0,0.0
6209,user131,2026-08-24T13:03:09+00:00,1,unusual_device,13.05,33,10.568181818181818,3.609889529905396,2026-06-28T21:01:39+00:00,-0.2714404498650743,-0.9624552364536473,0.0,2.4818181818181824,0.0,1.0,1529.2333333333333,0.0,0.0
6183,user131,2026-08-29T09:45:28+00:00,0,,9.75,34,10.641176470588235,3.581041755387034,2026-06-28T21:01:39+00:00,0.5555702330196025,-0.831469612302545,5.0,0.8911764705882348,0.0,0.0,7002.316666666667,0.0,0.0
6185,user131,2026-08-30T11:57:55+00:00,0,,11.95,35,10.615714285714287,3.532634573442101,2026-06-28T21:01:39+00:00,0.013089595571344636,-0.999914327574007,6.0,1.3342857142857127,0.0,0.0,1572.45,0.0,0.0
6176,user131,2026-09-03T08:56:33+00:00,0,,8.933333333333334,36,10.652777777777779,3.490119430904236,2026-06-28T21:01:39+00:00,0.7193398003386511,-0.6946583704589974,3.0,1.719444444444445,0.0,0.0,5578.633333333333,0.0,0.0
6181,user131,2026-09-04T10:21:28+00:00,0,,10.35,37,10.606306306306307,3.45390572178878,2026-06-28T21:01:39+00:00,0.4186597375374284,-0.9081431738250811,4.0,0.2563063063063069,0.0,0.0,1524.9166666666667,0.0,0.0
6179,user131,2026-09-05T07:11:55+00:00,0,,7.183333333333334,38,10.599561403508773,3.4084035441704694,2026-06-28T21:01:39+00:00,0.9523957996432784,-0.30486429902801077,5.0,3.416228070175439,0.0,0.0,1250.45,1.0,0.0
6199,user131,2026-09-05T09:19:23+00:00,0,,9.316666666666666,39,10.511965811965812,3.407478679375431,2026-06-28T21:01:39+00:00,0.6461239796429641,-0.7632324697825286,5.0,1.1952991452991455,0.0,0.0,127.46666666666667,2.0,0.0
6196,user131,2026-09-06T11:40:12+00:00,0,,11.666666666666666,40,10.482083333333334,3.3697868946385583,2026-06-28T21:01:39+00:00,0.0871557427476582,-0.9961946980917455,6.0,1.1845833333333324,0.0,0.0,1580.8166666666666,0.0,0.0
6202,user131,2026-09-07T07:00:15+00:00,0,,7.0,41,10.510975609756098,3.3334504242769882,2026-06-28T21:01:39+00:00,0.9659258262890683,-0.25881904510252063,0.0,3.5109756097560982,0.0,0.0,1160.05,1.0,0.0
6180,user131,2026-09-09T08:24:43+00:00,0,,8.4,42,10.427380952380954,3.336739968409292,2026-06-28T21:01:39+00:00,0.8090169943749475,-0.587785252292473,2.0,2.0273809523809536,0.0,0.0,2964.4666666666667,0.0,0.0
6170,user131,2026-09-11T10:17:15+00:00,0,,10.283333333333333,43,10.380232558139536,3.3118381661759932,2026-06-28T21:01:39+00:00,0.4344452574044172,-0.9006982393225879,4.0,0.09689922480620261,0.0,0.0,2992.5333333333333,0.0,0.0
6177,user131,2026-09-14T08:40:52+00:00,0,,8.666666666666666,44,10.378030303030304,3.2740191929567857,2026-06-28T21:01:39+00:00,0.7660444431189783,-0.642787609686539,0.0,1.7113636363636378,0.0,0.0,4223.616666666667,0.0,0.0
6178,user131,2026-09-15T09:07:42+00:00,0,,9.116666666666667,45,10.340000000000002,3.2472503087845315,2026-06-28T21:01:39+00:00,0.685182990326359,-0.7283709698824004,1.0,1.2233333333333345,0.0,0.0,1466.8333333333333,0.0,0.0
6198,user131,2026-09-16T08:59:50+00:00,0,,8.983333333333333,46,10.313405797101451,3.2167110073635663,2026-06-28T21:01:39+00:00,0.7101853756232855,-0.7040147244559681,2.0,1.3300724637681185,0.0,0.0,1432.1333333333334,1.0,0.0
6204,user131,2026-09-17T08:28:19+00:00,0,,8.466666666666667,47,10.285106382978725,3.1880895997464167,2026-06-28T21:01:39+00:00,0.7986355100472927,-0.6018150231520484,3.0,1.8184397163120583,0.0,0.0,1408.4833333333333,1.0,0.0
6236,user132,2026-06-23T12:59:23+00:00,0,,12.983333333333333,0,,,,-0.254601948205527,-0.9670459389139433,1.0,0.0,1.0,1.0,1440.0,0.0,0.0
6227,user132,2026-06-24T11:08:40+00:00,0,,11.133333333333333,1,12.983333333333333,0.0,2026-06-23T12:59:23+00:00,0.2249510543438652,-0.9743700647852351,2.0,1.8499999999999996,0.0,0.0,1329.2833333333333,1.0,0.0
6252,user132,2026-06-26T10:49:19+00:00,0,,10.816666666666666,2,12.058333333333334,0.9249999999999998,2026-06-23T12:59:23+00:00,0.30486429902801077,-0.9523957996432784,4.0,1.2416666666666671,0.0,0.0,2860.65,0.0,0.0
6229,user132,2026-06-27T12:07:28+00:00,0,,12.116666666666667,3,11.644444444444446,0.9555232552680359,2026-06-23T12:59:23+00:00,-0.030538513209822857,-0.9995335908367129,5.0,0.47222222222222143,0.0,0.0,1518.15,0.0,0.0
6248,user132,2026-06-28T09:53:33+00:00,0,,9.883333333333333,4,11.762500000000001,0.8523965398282134,2026-06-23T12:59:23+00:00,0.5262139236518698,-0.8503522249955627,6.0,1.8791666666666682,0.0,0.0,1306.0833333333333,1.0,0.0
6260,user132,2026-06-29T12:33:51+00:00,1,unusual_device+unusual_location,12.55,5,11.386666666666667,1.0706384388142745,2026-06-23T12:59:23+00:00,-0.14349262199117954,-0.9896513868196701,0.0,1.163333333333334,1.0,1.0,1600.3,0.0,17257.730641387905
6238,user132,2026-07-01T12:13:56+00:00,0,,12.216666666666667,6,11.580555555555556,1.0691991060579231,2026-06-23T12:59:23+00:00,-0.05669278756337785,-0.9983916705573488,2.0,0.6361111111111111,0.0,0.0,2860.0833333333335,0.0,0.0
6219,user132,2026-07-04T10:03:27+00:00,0,,10.05,7,11.671428571428573,1.0146042424056205,2026-06-23T12:59:23+00:00,0.48862124149695485,-0.8724960070727972,5.0,1.6214285714285719,0.0,0.0,4189.516666666666,0.0,0.0
6234,user132,2026-07-06T10:47:43+00:00,0,,10.783333333333333,8,11.46875,1.0900891114185727,2026-06-23T12:59:23+00:00,0.3131638064837498,-0.9496991262018769,0.0,0.6854166666666668,0.0,0.0,2924.266666666667,0.0,0.0
6232,user132,2026-07-09T12:37:22+00:00,0,,12.616666666666667,9,11.392592592592592,1.0500767494322578,2026-06-23T12:59:23+00:00,-0.16074256560382613,-0.9869963665602319,3.0,1.2240740740740748,0.0,0.0,4429.65,0.0,0.0
6258,user132,2026-07-11T12:12:29+00:00,1,unusual_device,12.2,10,11.515,1.0617189940008713,2026-06-23T12:59:23+00:00,-0.052335956242943564,-0.9986295347545738,5.0,0.6849999999999987,0.0,1.0,2855.116666666667,0.0,0.0
6239,user132,2026-07-13T14:14:58+00:00,0,,14.233333333333333,11,11.577272727272728,1.0312851824980502,2026-06-23T12:59:23+00:00,-0.5519369853120577,-0.8338858220671684,0.0,2.6560606060606045,0.0,0.0,3002.483333333333,0.0,0.0
6235,user132,2026-07-15T11:01:48+00:00,0,,11.016666666666667,12,11.798611111111112,1.2303729172214815,2026-06-23T12:59:23+00:00,0.2546019482055273,-0.9670459389139432,2.0,0.781944444444445,0.0,0.0,2686.8333333333335,0.0,0.0
6217,user132,2026-07-16T12:39:00+00:00,0,,12.65,13,11.73846153846154,1.2003273167449486,2026-06-23T12:59:23+00:00,-0.169349503849025,-0.9855560590580776,3.0,0.911538461538461,0.0,0.0,1537.2,0.0,0.0
6251,user132,2026-07-20T12:55:24+00:00,0,,12.916666666666666,14,11.80357142857143,1.180247125242841,2026-06-23T12:59:23+00:00,-0.2376858923261727,-0.9713420698132615,0.0,1.1130952380952355,0.0,0.0,5776.4,0.0,0.0
6225,user132,2026-07-20T13:29:26+00:00,0,,13.483333333333333,15,11.877777777777778,1.1735458561740182,2026-06-23T12:59:23+00:00,-0.3786486173524327,-0.9255405040175665,0.0,1.6055555555555543,0.0,0.0,34.03333333333333,1.0,0.0
6254,user132,2026-07-20T23:10:06+00:00,1,unusual_hour,23.166666666666668,16,11.978125,1.2009070465173395,2026-06-23T12:59:23+00:00,-0.21643961393810288,0.9762960071199334,0.0,11.188541666666667,0.0,0.0,580.6666666666666,2.0,0.0
6259,user132,2026-07-21T12:50:29+00:00,1,unusual_device+unusual_location,12.833333333333334,17,12.636274509803922,2.8788741177901955,2026-06-23T12:59:23+00:00,-0.21643961393810293,-0.9762960071199334,1.0,0.19705882352941195,0.0,0.0,820.3833333333333,3.0,17257.730641387905
6241,user132,2026-07-22T11:02:36+00:00,0,,11.033333333333333,18,12.647222222222222,2.7981268536091943,2026-06-23T12:59:23+00:00,0.2503800040544418,-0.9681476403781076,2.0,1.613888888888889,0.0,0.0,1332.1166666666666,1.0,0.0
6233,user132,2026-07-28T11:10:46+00:00,0,,11.166666666666666,19,12.562280701754386,2.747235942673162,2026-06-23T12:59:23+00:00,0.21643961393810318,-0.9762960071199333,1.0,1.3956140350877195,0.0,0.0,8648.166666666666,0.0,0.0
6257,user132,2026-07-28T13:02:34+00:00,1,unusual_location,13.033333333333333,20,12.4925,2.694894736142562,2026-06-23T12:59:23+00:00,-0.26723837607825635,-0.9636304532086232,1.0,0.5408333333333335,1.0,0.0,111.8,1.0,7327.501390850381
6222,user132,2026-08-06T12:03:58+00:00,0,,12.05,21,12.518253968253967,2.632468738725657,2026-06-23T12:59:23+00:00,-0.013089595571344391,-0.999914327574007,3.0,0.4682539682539666,0.0,0.0,12901.4,0.0,0.0
6231,user132,2026-08-08T10:52:59+00:00,0,,10.866666666666667,22,12.496969696969698,2.5737929227470375,2026-06-23T12:59:23+00:00,0.2923717047227366,-0.9563047559630355,5.0,1.6303030303030308,0.0,0.0,2809.016666666667,0.0,0.0
6255,user132,2026-08-14T23:07:11+00:00,1,unusual_hour,23.116666666666667,23,12.42608695652174,2.5390801811584462,2026-06-23T12:59:23+00:00,-0.22920039092241423,0.9733792584604485,4.0,10.690579710144927,0.0,0.0,9374.2,0.0,0.0
6244,user132,2026-08-16T13:46:48+00:00,0,,13.766666666666667,24,12.871527777777779,3.2774852005721,2026-06-23T12:59:23+00:00,-0.44619781310980877,-0.8949343616020251,6.0,0.8951388888888889,0.0,0.0,2319.616666666667,0.0,0.0
6224,user132,2026-08-17T14:35:51+00:00,0,,14.583333333333334,25,12.907333333333334,3.2160537585335507,2026-06-23T12:59:23+00:00,-0.6259234721840591,-0.7798844830928818,0.0,1.6760000000000002,0.0,0.0,1489.05,0.0,0.0
6247,user132,2026-08-21T10:02:46+00:00,0,,10.033333333333333,26,12.971794871794872,3.170027802025517,2026-06-23T12:59:23+00:00,0.49242356010346716,-0.8703556959398997,4.0,2.9384615384615387,0.0,0.0,5486.916666666667,0.0,0.0
6250,user132,2026-08-21T14:41:32+00:00,0,,14.683333333333334,27,12.862962962962964,3.159880100519174,2026-06-23T12:59:23+00:00,-0.6461239796429636,-0.7632324697825291,4.0,1.8203703703703695,0.0,0.0,278.76666666666665,1.0,0.0
6253,user132,2026-08-24T12:18:22+00:00,0,,12.3,28,12.92797619047619,3.1212757286142283,2026-06-23T12:59:23+00:00,-0.07845909572784526,-0.996917333733128,0.0,0.6279761904761898,0.0,0.0,4176.833333333333,0.0,0.0
6228,user132,2026-08-24T14:25:39+00:00,0,,14.416666666666666,29,12.90632183908046,3.069128240552357,2026-06-23T12:59:23+00:00,-0.5913096483635824,-0.8064446042674825,0.0,1.5103448275862057,0.0,0.0,127.28333333333333,1.0,0.0
6221,user132,2026-08-25T10:06:34+00:00,0,,10.1,30,12.956666666666669,3.029697454642405,2026-06-23T12:59:23+00:00,0.4771587602596086,-0.8788171126619653,1.0,2.856666666666669,0.0,0.0,1180.9166666666667,2.0,0.0
6249,user132,2026-08-25T12:33:56+00:00,0,,12.55,31,12.86451612903226,3.022866088586261,2026-06-23T12:59:23+00:00,-0.14349262199117954,-0.9896513868196701,1.0,0.3145161290322598,0.0,0.0,147.36666666666667,2.0,0.0
6218,user132,2026-08-25T14:41:41+00:00,0,,14.683333333333334,32,12.854687500000002,2.975762140865835,2026-06-23T12:59:23+00:00,-0.6461239796429636,-0.7632324697825291,1.0,1.828645833333331,0.0,0.0,127.75,2.0,0.0
6256,user132,2026-08-26T11:34:22+00:00,1,unusual_location,11.566666666666666,33,12.910101010101013,2.947046513847402,2026-06-23T12:59:23+00:00,0.11320321376790689,-0.9935718556765875,2.0,1.343434343434346,0.0,0.0,1252.6833333333334,2.0,17257.730641387905
6226,user132,2026-08-29T11:55:57+00:00,0,,11.916666666666666,34,12.87058823529412,2.912243309184131,2026-06-23T12:59:23+00:00,0.021814885034561218,-0.9997620270799091,5.0,0.9539215686274538,0.0,0.0,4341.583333333333,0.0,0.0
6242,user132,2026-08-31T11:13:08+00:00,0,,11.216666666666667,35,12.843333333333335,2.874734494296545,2026-06-23T12:59:23+00:00,0.2036417511401777,-0.9790454724845838,0.0,1.6266666666666687,0.0,0.0,2837.1833333333334,0.0,0.0
6240,user132,2026-09-02T12:36:40+00:00,0,,12.6,36,12.798148148148151,2.8471037313495398,2026-06-23T12:59:23+00:00,-0.1564344650402303,-0.9876883405951378,2.0,0.1981481481481513,0.0,0.0,2963.5333333333333,0.0,0.0
6245,user132,2026-09-04T12:42:53+00:00,0,,12.7,37,12.792792792792795,2.8085496362299307,2026-06-23T12:59:23+00:00,-0.18223552549214703,-0.9832549075639546,4.0,0.09279279279279606,0.0,0.0,2886.2166666666667,0.0,0.0
6223,user132,2026-09-07T11:53:26+00:00,0,,11.883333333333333,38,12.790350877192985,2.77138846590152,2026-06-23T12:59:23+00:00,0.030538513209823103,-0.9995335908367129,0.0,0.9070175438596522,0.0,0.0,4270.55,0.0,0.0
6230,user132,2026-09-09T12:37:17+00:00,0,,12.616666666666667,39,12.767094017094019,2.73938117447737,2026-06-23T12:59:23+00:00,-0.16074256560382613,-0.9869963665602319,2.0,0.15042735042735167,0.0,0.0,2923.85,0.0,0.0
6220,user132,2026-09-09T14:52:36+00:00,0,,14.866666666666667,40,12.763333333333335,2.7050241321577073,2026-06-23T12:59:23+00:00,-0.6819983600624984,-0.7313537016191706,2.0,2.1033333333333317,0.0,0.0,135.31666666666666,1.0,0.0
6246,user132,2026-09-10T10:23:21+00:00,0,,10.383333333333333,41,12.814634146341465,2.6914604369180823,2026-06-23T12:59:23+00:00,0.41071885261347724,-0.9117620435770886,3.0,2.431300813008132,0.0,0.0,1170.75,2.0,0.0
6237,user132,2026-09-14T10:16:20+00:00,0,,10.266666666666667,42,12.756746031746033,2.6849350920883803,2026-06-23T12:59:23+00:00,0.4383711467890773,-0.898794046299167,0.0,2.4900793650793656,0.0,0.0,5752.983333333334,0.0,0.0
6243,user132,2026-09-20T09:04:42+00:00,0,,9.066666666666666,43,12.698837209302328,2.6799388596250937,2026-06-23T12:59:23+00:00,0.6946583704589975,-0.719339800338651,6.0,3.632170542635661,0.0,0.0,8568.366666666667,0.0,0.0
6277,user133,2026-06-23T09:58:51+00:00,0,,9.966666666666667,0,,,,0.5075383629607044,-0.8616291604415256,1.0,0.0,1.0,1.0,1440.0,0.0,0.0
6267,user133,2026-06-27T06:14:36+00:00,0,,6.233333333333333,1,9.966666666666667,0.0,2026-06-23T09:58:51+00:00,0.998134798421867,-0.06104853953485678,5.0,3.7333333333333334,0.0,0.0,5535.75,0.0,0.0
6272,user133,2026-06-27T09:23:23+00:00,0,,9.383333333333333,2,8.1,1.8666666666666667,2026-06-23T09:58:51+00:00,0.6327053285625162,-0.7743926440821856,5.0,1.2833333333333332,0.0,0.0,188.78333333333333,1.0,0.0
6292,user133,2026-06-30T09:24:23+00:00,0,,9.4,3,8.527777777777777,1.6398020055128455,2026-06-23T09:58:51+00:00,0.6293203910498374,-0.7771459614569709,1.0,0.8722222222222236,0.0,0.0,4321.0,0.0,0.0
6269,user133,2026-07-04T07:17:27+00:00,0,,7.283333333333333,4,8.745833333333334,1.469475293732048,2026-06-23T09:58:51+00:00,0.9440890203927843,-0.32969064526278696,5.0,1.4625000000000004,0.0,0.0,5633.066666666667,0.0,0.0
6287,user133,2026-07-11T07:23:05+00:00,0,,7.383333333333334,5,8.453333333333333,1.4386490576617743,2026-06-23T09:58:51+00:00,0.9351352096860117,-0.35429103799771566,5.0,1.0699999999999994,0.0,0.0,10085.633333333333,0.0,0.0
6297,user133,2026-07-12T09:42:03+00:00,1,unusual_device,9.7,6,8.275,1.3725061559600191,2026-06-23T09:58:51+00:00,0.5664062369248332,-0.8241261886220155,6.0,1.424999999999999,0.0,1.0,1578.9666666666667,0.0,0.0
6284,user133,2026-07-16T07:53:43+00:00,0,,7.883333333333333,7,8.478571428571428,1.3650313760483206,2026-06-23T09:58:51+00:00,0.8808907382053855,-0.4733196671848433,3.0,0.5952380952380949,0.0,0.0,5651.666666666667,0.0,0.0
6281,user133,2026-07-20T07:58:33+00:00,0,,7.966666666666667,8,8.404166666666665,1.2919556128426222,2026-06-23T09:58:51+00:00,0.8703556959398997,-0.492423560103467,0.0,0.4374999999999982,0.0,0.0,5764.833333333333,0.0,0.0
6276,user133,2026-07-25T08:31:03+00:00,0,,8.516666666666667,9,8.355555555555554,1.2258028359375712,2026-06-23T09:58:51+00:00,0.7906895737438432,-0.6122172800344494,5.0,0.1611111111111132,0.0,0.0,7232.5,0.0,0.0
6270,user133,2026-07-26T08:11:40+00:00,0,,8.183333333333334,10,8.371666666666666,1.1639026782529733,2026-06-23T09:58:51+00:00,0.8410390129643925,-0.5409744713679938,6.0,0.18833333333333258,0.0,0.0,1420.6166666666666,1.0,0.0
6283,user133,2026-07-27T08:32:30+00:00,0,,8.533333333333333,11,8.354545454545454,1.111057620383692,2026-06-23T09:58:51+00:00,0.788010753606722,-0.6156614753256583,0.0,0.1787878787878796,0.0,0.0,1460.8333333333333,0.0,0.0
6298,user133,2026-07-27T20:13:49+00:00,1,unusual_device+unusual_hour,20.216666666666665,12,8.369444444444444,1.0649037805024428,2026-06-23T09:58:51+00:00,-0.8362861558477599,0.5482932295199132,0.0,11.847222222222221,0.0,1.0,701.3166666666667,1.0,0.0
6288,user133,2026-07-28T08:43:58+00:00,0,,8.716666666666667,13,9.28076923076923,3.318575318314586,2026-06-23T09:58:51+00:00,0.7575649843840495,-0.6527597524627226,1.0,0.5641025641025639,0.0,0.0,750.15,1.0,0.0
6295,user133,2026-08-04T05:47:48+00:00,1,unusual_location,5.783333333333333,14,9.240476190476189,3.2011574933220874,2026-06-23T09:58:51+00:00,0.9983916705573488,0.05669278756337759,1.0,3.4571428571428555,1.0,0.0,9903.833333333334,0.0,6734.358161413964
6271,user133,2026-08-04T07:55:08+00:00,0,,7.916666666666667,15,9.009999999999998,3.210594729721974,2026-06-23T09:58:51+00:00,0.8767267557075076,-0.48098876891938785,1.0,1.093333333333331,0.0,0.0,127.33333333333333,1.0,0.0
6265,user133,2026-08-06T07:50:18+00:00,0,,7.833333333333333,16,8.941666666666665,3.119890266944941,2026-06-23T09:58:51+00:00,0.8870108331782218,-0.4617486132350338,3.0,1.1083333333333316,0.0,0.0,2875.1666666666665,0.0,0.0
6278,user133,2026-08-07T09:33:36+00:00,0,,9.55,17,8.876470588235293,3.0379519826907972,2026-06-23T09:58:51+00:00,0.5983246005706588,-0.8012538126910608,4.0,0.6735294117647079,0.0,0.0,1543.3,0.0,0.0
6274,user133,2026-08-09T06:01:57+00:00,0,,6.016666666666667,18,8.913888888888888,2.9563869444699042,2026-06-23T09:58:51+00:00,0.9999904807207345,-0.00436330928474646,6.0,2.8972222222222213,0.0,0.0,2668.35,0.0,0.0
6268,user133,2026-08-10T07:00:28+00:00,0,,7.0,19,8.761403508771929,2.9493633599462674,2026-06-23T09:58:51+00:00,0.9659258262890683,-0.25881904510252063,0.0,1.761403508771929,0.0,0.0,1498.5166666666667,0.0,0.0
6290,user133,2026-08-12T08:12:12+00:00,0,,8.2,20,8.673333333333334,2.900203058025037,2026-06-23T09:58:51+00:00,0.8386705679454243,-0.5446390350150268,2.0,0.4733333333333345,0.0,0.0,2951.733333333333,0.0,0.0
6273,user133,2026-08-14T07:35:50+00:00,0,,7.583333333333333,21,8.65079365079365,2.8321027962320318,2026-06-23T09:58:51+00:00,0.9153114791194472,-0.40274668985873713,4.0,1.0674603174603172,0.0,0.0,2843.633333333333,0.0,0.0
6266,user133,2026-08-17T07:14:20+00:00,0,,7.233333333333333,22,8.602272727272727,2.7759077842446307,2026-06-23T09:58:51+00:00,0.9483236552061993,-0.3173046564050922,0.0,1.3689393939393932,0.0,0.0,4298.5,0.0,0.0
6264,user133,2026-08-24T08:52:08+00:00,0,,8.866666666666667,23,8.542753623188405,2.7292069687784584,2026-06-23T09:58:51+00:00,0.7313537016191706,-0.6819983600624984,0.0,0.323913043478262,0.0,0.0,10177.8,0.0,0.0
6291,user133,2026-08-24T09:44:37+00:00,0,,9.733333333333333,24,8.55625,2.672527467984123,2026-06-23T09:58:51+00:00,0.5591929034707469,-0.8290375725550416,0.0,1.1770833333333321,0.0,0.0,52.483333333333334,1.0,0.0
6294,user133,2026-08-24T19:59:02+00:00,1,unusual_hour,19.983333333333334,25,8.603333333333332,2.628670978101122,2026-06-23T09:58:51+00:00,-0.8681988144891425,0.49621650367520775,0.0,11.380000000000003,0.0,0.0,614.4166666666666,2.0,0.0
6296,user133,2026-08-26T08:51:14+00:00,1,unusual_device,8.85,26,9.04102564102564,3.381347246952129,2026-06-23T09:58:51+00:00,0.7343225094356857,-0.6788007455329415,2.0,0.19102564102564124,0.0,0.0,2212.2,0.0,0.0
6275,user133,2026-08-28T09:12:59+00:00,0,,9.2,27,9.033950617283951,3.31833502762847,2026-06-23T09:58:51+00:00,0.6691306063588583,-0.7431448254773941,4.0,0.1660493827160483,0.0,0.0,2901.75,0.0,0.0
6263,user133,2026-08-30T08:04:24+00:00,0,,8.066666666666666,28,9.039880952380951,3.2586860096727928,2026-06-23T09:58:51+00:00,0.8571673007021124,-0.5150380749100538,6.0,0.9732142857142847,0.0,0.0,2811.4166666666665,0.0,0.0
6282,user133,2026-08-30T08:25:29+00:00,0,,8.416666666666666,29,9.00632183908046,3.206929201003824,2026-06-23T09:58:51+00:00,0.8064446042674828,-0.5913096483635821,6.0,0.589655172413794,0.0,0.0,21.083333333333332,1.0,0.0
6293,user133,2026-08-30T20:59:04+00:00,1,unusual_hour,20.983333333333334,30,8.986666666666668,3.1548035097586005,2026-06-23T09:58:51+00:00,-0.710185375623286,0.7040147244559678,6.0,11.996666666666666,0.0,0.0,753.5833333333334,2.0,0.0
6262,user133,2026-08-31T08:33:37+00:00,0,,8.55,31,9.373655913978496,3.7582639508974838,2026-06-23T09:58:51+00:00,0.7853169308807448,-0.6190939493098341,0.0,0.8236559139784951,0.0,0.0,694.55,1.0,0.0
6261,user133,2026-09-07T08:11:45+00:00,0,,8.183333333333334,32,9.347916666666668,3.701850020785403,2026-06-23T09:58:51+00:00,0.8410390129643925,-0.5409744713679938,0.0,1.1645833333333346,0.0,0.0,10058.133333333333,0.0,0.0
6289,user133,2026-09-14T08:57:43+00:00,0,,8.95,33,9.312626262626264,3.6507921521821607,2026-06-23T09:58:51+00:00,0.7163019434246544,-0.69779045984168,0.0,0.3626262626262644,0.0,0.0,10125.966666666667,0.0,0.0
6279,user133,2026-09-15T10:57:43+00:00,0,,10.95,34,9.301960784313726,3.5972251576824377,2026-06-23T09:58:51+00:00,0.2714404498650746,-0.9624552364536472,1.0,1.648039215686273,0.0,0.0,1560.0,0.0,0.0
6280,user133,2026-09-18T06:32:16+00:00,0,,6.533333333333333,35,9.349047619047619,3.556078950989268,2026-06-23T09:58:51+00:00,0.9902680687415704,-0.13917310096006535,4.0,2.815714285714286,0.0,0.0,4054.55,0.0,0.0
6286,user133,2026-09-19T07:14:10+00:00,0,,7.233333333333333,36,9.270833333333336,3.5367414010151097,2026-06-23T09:58:51+00:00,0.9483236552061993,-0.3173046564050922,5.0,2.0375000000000023,0.0,0.0,1481.9,0.0,0.0
6285,user133,2026-09-19T07:27:37+00:00,0,,7.45,37,9.215765765765768,3.504231560273551,2026-06-23T09:58:51+00:00,0.9288095528719242,-0.3705574375098363,5.0,1.7657657657657682,0.0,0.0,13.45,1.0,0.0
6310,user134,2026-06-25T18:36:19+00:00,0,,18.6,0,,,,-0.9876883405951378,0.15643446504023067,3.0,0.0,1.0,1.0,1440.0,0.0,0.0
6305,user134,2026-06-27T18:11:18+00:00,0,,18.183333333333334,1,18.6,0.0,2026-06-25T18:36:19+00:00,-0.9988483864849507,0.04797812852134433,5.0,0.41666666666666785,0.0,0.0,2854.983333333333,0.0,0.0
6315,user134,2026-06-28T17:08:27+00:00,0,,17.133333333333333,2,18.391666666666666,0.20833333333333393,2026-06-25T18:36:19+00:00,-0.9743700647852351,-0.22495105434386525,6.0,1.2583333333333329,0.0,0.0,1377.15,1.0,0.0
6306,user134,2026-07-04T16:36:30+00:00,0,,16.6,3,17.97222222222222,0.6170919454471946,2026-06-25T18:36:19+00:00,-0.9335804264972019,-0.3583679495452999,5.0,1.37222222222222,0.0,0.0,8608.05,0.0,0.0
6299,user134,2026-07-05T17:31:22+00:00,0,,17.516666666666666,4,17.629166666666666,0.799164059780246,2026-06-25T18:36:19+00:00,-0.992004949679715,-0.12619896913583006,6.0,0.11250000000000071,0.0,0.0,1494.8666666666666,0.0,0.0
6312,user134,2026-07-05T17:36:27+00:00,0,,17.6,5,17.606666666666666,0.7162091562913419,2026-06-25T18:36:19+00:00,-0.9945218953682734,-0.10452846326765336,6.0,0.006666666666664156,0.0,0.0,5.083333333333333,1.0,0.0
6325,user134,2026-07-09T16:27:46+00:00,0,,16.45,6,17.605555555555554,0.6538112386633235,2026-06-25T18:36:19+00:00,-0.9187912101488984,-0.39474385638426707,3.0,1.155555555555555,0.0,0.0,5691.316666666667,0.0,0.0
6304,user134,2026-07-09T17:02:52+00:00,0,,17.033333333333335,7,17.44047619047619,0.727948691222228,2026-06-25T18:36:19+00:00,-0.9681476403781079,-0.25038000405444094,3.0,0.4071428571428548,0.0,0.0,35.1,1.0,0.0
6316,user134,2026-07-09T17:15:45+00:00,0,,17.25,8,17.389583333333334,0.6941190209739091,2026-06-25T18:36:19+00:00,-0.9807852804032303,-0.19509032201612866,3.0,0.13958333333333428,0.0,0.0,12.883333333333333,2.0,0.0
6300,user134,2026-07-10T18:25:37+00:00,0,,18.416666666666668,9,17.374074074074073,0.6558902681819176,2026-06-25T18:36:19+00:00,-0.9940563382223196,0.10886687485196471,4.0,1.0425925925925945,0.0,0.0,1509.8666666666666,0.0,0.0
6311,user134,2026-07-15T16:32:53+00:00,0,,16.533333333333335,10,17.47833333333333,0.6964214081845691,2026-06-25T18:36:19+00:00,-0.9271838545667873,-0.3746065934159123,2.0,0.9449999999999967,0.0,0.0,7087.266666666666,0.0,0.0
6318,user134,2026-07-16T19:04:00+00:00,0,,19.066666666666666,11,17.39242424242424,0.7174366419203028,2026-06-25T18:36:19+00:00,-0.961261695938319,0.2756373558169985,3.0,1.6742424242424256,0.0,0.0,1591.1166666666666,0.0,0.0
6319,user134,2026-07-19T17:57:07+00:00,0,,17.95,12,17.531944444444445,0.8282192614650593,2026-06-25T18:36:19+00:00,-0.999914327574007,-0.013089595571344698,6.0,0.4180555555555543,0.0,0.0,4253.116666666667,0.0,0.0
6301,user134,2026-07-21T18:43:36+00:00,0,,18.716666666666665,13,17.564102564102562,0.8034872220367485,2026-06-25T18:36:19+00:00,-0.9824503977255099,0.18652403600873346,1.0,1.152564102564103,0.0,0.0,2926.483333333333,0.0,0.0
6317,user134,2026-07-24T17:00:46+00:00,0,,17.0,14,17.64642857142857,0.8292083280136332,2026-06-25T18:36:19+00:00,-0.9659258262890683,-0.25881904510252063,4.0,0.6464285714285687,0.0,0.0,4217.166666666667,0.0,0.0
6335,user134,2026-07-24T17:40:36+00:00,1,unusual_device,17.666666666666668,15,17.60333333333333,0.8171585820072795,2026-06-25T18:36:19+00:00,-0.9961946980917455,-0.08715574274765825,4.0,0.06333333333333613,0.0,1.0,39.833333333333336,1.0,0.0
6309,user134,2026-07-26T17:14:26+00:00,0,,17.233333333333334,16,17.607291666666665,0.7913589039939812,2026-06-25T18:36:19+00:00,-0.9799247046208296,-0.1993679344171973,6.0,0.37395833333333073,0.0,0.0,2853.8333333333335,0.0,0.0
6339,user134,2026-07-29T15:15:21+00:00,0,,15.25,17,17.58529411764706,0.7727567651402172,2026-06-25T18:36:19+00:00,-0.7518398074789773,-0.6593458151000691,2.0,2.3352941176470594,0.0,0.0,4200.916666666667,0.0,0.0
6340,user134,2026-07-29T15:16:18.446535+00:00,1,rapid_fire,15.266666666666667,18,17.455555555555556,0.9220213971433219,2026-06-25T18:36:19+00:00,-0.754709580222772,-0.6560590289905073,2.0,2.188888888888888,0.0,0.0,0.9574422499999999,1.0,0.0
6341,user134,2026-07-29T15:17:13.302960+00:00,1,rapid_fire,15.283333333333333,19,17.340350877192982,1.0218993294147396,2026-06-25T18:36:19+00:00,-0.7575649843840494,-0.6527597524627227,2.0,2.057017543859649,0.0,0.0,0.91427375,2.0,0.0
6342,user134,2026-07-29T15:18:18.415866+00:00,1,rapid_fire,15.3,20,17.2375,1.0922692357350972,2026-06-25T18:36:19+00:00,-0.7604059656000312,-0.6494480483301834,2.0,1.9375,0.0,0.0,1.0852150999999999,3.0,0.0
6314,user134,2026-07-29T17:28:32+00:00,0,,17.466666666666665,21,17.145238095238096,1.143015861994476,2026-06-25T18:36:19+00:00,-0.9902680687415703,-0.13917310096006583,2.0,0.3214285714285694,0.0,0.0,130.22640223333332,4.0,0.0
6307,user134,2026-07-31T18:11:14+00:00,0,,18.183333333333334,22,17.159848484848485,1.11874139115145,2026-06-25T18:36:19+00:00,-0.9988483864849507,0.04797812852134433,4.0,1.0234848484848484,0.0,0.0,2922.7,0.0,0.0
6322,user134,2026-08-01T15:51:15+00:00,0,,15.85,23,17.204347826086956,1.1138805540446646,2026-06-25T18:36:19+00:00,-0.8457278217039729,-0.533614515915612,5.0,1.354347826086956,0.0,0.0,1300.0166666666667,1.0,0.0
6327,user134,2026-08-01T16:03:49+00:00,0,,16.05,24,17.147916666666667,1.1235104593704566,2026-06-25T18:36:19+00:00,-0.872496007072797,-0.4886212414969553,5.0,1.0979166666666664,0.0,0.0,12.566666666666666,2.0,0.0
6321,user134,2026-08-01T17:34:29+00:00,0,,17.566666666666666,25,17.104,1.1216384840441633,2026-06-25T18:36:19+00:00,-0.9935718556765875,-0.11320321376790694,5.0,0.4626666666666672,0.0,0.0,90.66666666666667,3.0,0.0
6333,user134,2026-08-05T05:16:19+00:00,1,unusual_hour,5.266666666666667,26,17.121794871794872,1.1034500018761013,2026-06-25T18:36:19+00:00,0.981627183447664,0.1908089953765447,2.0,11.855128205128207,0.0,0.0,5021.833333333333,0.0,0.0
6331,user134,2026-08-09T18:46:47+00:00,0,,18.766666666666666,27,16.682716049382716,2.486976288445417,2026-06-25T18:36:19+00:00,-0.9799247046208297,0.19936793441719694,6.0,2.08395061728395,0.0,0.0,6570.466666666666,0.0,0.0
6326,user134,2026-08-20T16:39:57+00:00,0,,16.65,28,16.757142857142856,2.47259354137749,2026-06-25T18:36:19+00:00,-0.938191335922484,-0.34611705707749335,3.0,0.10714285714285765,0.0,0.0,15713.166666666666,0.0,0.0
6324,user134,2026-08-21T16:09:59+00:00,0,,16.15,29,16.753448275862066,2.4296672876241034,2026-06-25T18:36:19+00:00,-0.8849876374630418,-0.46561452032511164,4.0,0.6034482758620676,0.0,0.0,1410.0333333333333,1.0,0.0
6308,user134,2026-08-22T16:58:44+00:00,0,,16.966666666666665,30,16.73333333333333,2.391284328711402,2026-06-25T18:36:19+00:00,-0.963630453208623,-0.26723837607825707,5.0,0.23333333333333428,0.0,0.0,1488.75,0.0,0.0
6320,user134,2026-08-28T19:21:07+00:00,0,,19.35,31,16.74086021505376,2.3527602896300697,2026-06-25T18:36:19+00:00,-0.9381913359224842,0.346117057077493,4.0,2.6091397849462403,0.0,0.0,8782.383333333333,0.0,0.0
6338,user134,2026-08-31T06:28:44+00:00,1,unusual_hour+unusual_location,6.466666666666667,32,16.82239583333333,2.3597853648829954,2026-06-25T18:36:19+00:00,0.992546151641322,-0.12186934340514759,0.0,10.355729166666665,1.0,0.0,3547.616666666667,0.0,18535.33691523991
6329,user134,2026-08-31T19:12:24+00:00,0,,19.2,33,16.508585858585857,2.924225763634261,2026-06-25T18:36:19+00:00,-0.9510565162951536,0.30901699437494723,0.0,2.6914141414141426,0.0,0.0,763.6666666666666,1.0,0.0
6330,user134,2026-09-01T16:01:11+00:00,0,,16.016666666666666,34,16.587745098039218,2.916569490884061,2026-06-25T18:36:19+00:00,-0.8681988144891424,-0.4962165036752081,1.0,0.5710784313725519,0.0,0.0,1248.7833333333333,1.0,0.0
6337,user134,2026-09-01T16:18:42+00:00,1,unusual_device+unusual_location,16.3,35,16.571428571428573,2.8761762850485604,2026-06-25T18:36:19+00:00,-0.9025852843498606,-0.43051109680829514,1.0,0.27142857142857224,1.0,1.0,17.516666666666666,2.0,13471.61327244116
6336,user134,2026-09-01T17:09:44+00:00,1,unusual_device,17.15,36,16.563888888888886,2.836298829351857,2026-06-25T18:36:19+00:00,-0.9753423205085126,-0.22069743502150163,1.0,0.5861111111111121,0.0,1.0,51.03333333333333,3.0,0.0
6302,user134,2026-09-01T18:52:09+00:00,0,,18.866666666666667,37,16.579729729729728,2.799321923298084,2026-06-25T18:36:19+00:00,-0.9743700647852352,0.22495105434386492,1.0,2.2869369369369394,0.0,0.0,102.41666666666667,4.0,0.0
6332,user134,2026-09-03T06:30:51+00:00,1,unusual_hour,6.5,38,16.639912280701754,2.7863953623117346,2026-06-25T18:36:19+00:00,0.9914448613738104,-0.1305261922200516,3.0,10.139912280701754,0.0,0.0,2138.7,0.0,0.0
6323,user134,2026-09-06T18:23:37+00:00,0,,18.383333333333333,39,16.37991452991453,3.1833438033729005,2026-06-25T18:36:19+00:00,-0.9949685182509117,0.10018806161207608,6.0,2.0034188034188034,0.0,0.0,5032.766666666666,0.0,0.0
6328,user134,2026-09-06T20:54:03+00:00,0,,20.9,40,16.43,3.1588240603814017,2026-06-25T18:36:19+00:00,-0.7253743710122879,0.6883545756937537,6.0,4.469999999999999,0.0,0.0,150.43333333333334,1.0,0.0
6313,user134,2026-09-07T17:02:33+00:00,0,,17.033333333333335,41,16.5390243902439,3.1953485200705054,2026-06-25T18:36:19+00:00,-0.9681476403781079,-0.25038000405444094,0.0,0.49430894308943607,0.0,0.0,1208.5,2.0,0.0
6303,user134,2026-09-11T19:01:45+00:00,0,,19.016666666666666,42,16.550793650793647,3.157978793144296,2026-06-25T18:36:19+00:00,-0.9647873238288132,0.26303121445797406,4.0,2.4658730158730187,0.0,0.0,5879.2,0.0,0.0
6334,user134,2026-09-13T17:00:16+00:00,1,unusual_location,17.0,43,16.60813953488372,3.1430912960425914,2026-06-25T18:36:19+00:00,-0.9659258262890683,-0.25881904510252063,6.0,0.3918604651162809,0.0,0.0,2758.516666666667,0.0,13471.61327244116
6356,user135,2026-06-25T11:47:05+00:00,0,,11.783333333333333,0,,,,0.056692787563378096,-0.9983916705573488,3.0,0.0,1.0,1.0,1440.0,0.0,0.0
6366,user135,2026-06-26T10:25:38+00:00,0,,10.416666666666666,1,11.783333333333333,0.0,2026-06-25T11:47:05+00:00,0.4027466898587373,-0.9153114791194471,4.0,1.3666666666666671,0.0,1.0,1358.55,1.0,0.0
6371,user135,2026-06-26T11:46:10+00:00,0,,11.766666666666667,2,11.1,0.6833333333333336,2026-06-25T11:47:05+00:00,0.06104853953485675,-0.998134798421867,4.0,0.6666666666666679,0.0,0.0,80.53333333333333,2.0,0.0
6345,user135,2026-06-28T11:13:35+00:00,0,,11.216666666666667,3,11.322222222222223,0.640360623707503,2026-06-25T11:47:05+00:00,0.2036417511401777,-0.9790454724845838,6.0,0.10555555555555607,0.0,0.0,2847.4166666666665,0.0,0.0
6362,user135,2026-07-02T09:45:51+00:00,0,,9.75,4,11.295833333333334,0.5564489344644907,2026-06-25T11:47:05+00:00,0.5555702330196025,-0.831469612302545,3.0,1.5458333333333343,0.0,0.0,5672.266666666666,0.0,0.0
6374,user135,2026-07-03T11:59:48+00:00,0,,11.983333333333333,5,10.986666666666668,0.7937533901939852,2026-06-25T11:47:05+00:00,0.004363309284746866,-0.9999904807207345,4.0,0.9966666666666644,0.0,0.0,1573.95,0.0,0.0
6385,user135,2026-07-04T10:40:18+00:00,0,,10.666666666666666,6,11.152777777777779,0.814249067061103,2026-06-25T11:47:05+00:00,0.3420201433256689,-0.9396926207859083,5.0,0.4861111111111125,0.0,0.0,1360.5,1.0,0.0
6397,user135,2026-07-13T10:36:17+00:00,1,unusual_location,10.6,7,11.083333333333334,0.7728015412913087,2026-06-25T11:47:05+00:00,0.35836794954530066,-0.9335804264972016,0.0,0.4833333333333343,1.0,0.0,12955.983333333334,0.0,11313.952890358567
6344,user135,2026-07-13T11:44:36+00:00,0,,11.733333333333333,8,11.022916666666667,0.7403517135269037,2026-06-25T11:47:05+00:00,0.06975647374412597,-0.9975640502598242,0.0,0.7104166666666654,0.0,0.0,68.31666666666666,1.0,0.0
6372,user135,2026-07-14T08:32:47+00:00,0,,8.533333333333333,9,11.101851851851853,0.732846827024097,2026-06-25T11:47:05+00:00,0.788010753606722,-0.6156614753256583,1.0,2.5685185185185198,0.0,0.0,1248.1833333333334,2.0,0.0
6354,user135,2026-07-15T10:48:54+00:00,0,,10.8,10,10.845,1.0378409747590855,2026-06-25T11:47:05+00:00,0.3090169943749475,-0.9510565162951535,2.0,0.04499999999999993,0.0,0.0,1576.1166666666666,0.0,0.0
6365,user135,2026-07-16T07:18:41+00:00,0,,7.3,11,10.840909090909092,0.9896271013954424,2026-06-25T11:47:05+00:00,0.9426414910921784,-0.3338068592337708,3.0,3.540909090909092,0.0,0.0,1229.7833333333333,1.0,0.0
6346,user135,2026-07-16T08:00:01+00:00,0,,8.0,12,10.545833333333333,1.3621729135085223,2026-06-25T11:47:05+00:00,0.8660254037844387,-0.4999999999999998,3.0,2.5458333333333325,0.0,0.0,41.333333333333336,2.0,0.0
6351,user135,2026-07-16T11:05:23+00:00,0,,11.083333333333334,13,10.350000000000001,1.4741070018799358,2026-06-25T11:47:05+00:00,0.23768589232617293,-0.9713420698132614,3.0,0.7333333333333325,0.0,0.0,185.36666666666667,2.0,0.0
6360,user135,2026-07-17T08:29:56+00:00,0,,8.483333333333333,14,10.402380952380954,1.4329852448710492,2026-06-25T11:47:05+00:00,0.7960020025346222,-0.6052939880428942,4.0,1.9190476190476211,0.0,0.0,1284.55,1.0,0.0
6368,user135,2026-07-18T10:10:54+00:00,0,,10.166666666666666,15,10.274444444444445,1.4648203867478424,2026-06-25T11:47:05+00:00,0.4617486132350339,-0.8870108331782217,5.0,0.10777777777777864,0.0,0.0,1540.9666666666667,0.0,0.0
6401,user135,2026-07-18T21:04:00+00:00,1,unusual_device+unusual_hour,21.066666666666666,16,10.267708333333333,1.4185461643831374,2026-06-25T11:47:05+00:00,-0.6946583704589969,0.7193398003386514,5.0,10.798958333333333,0.0,1.0,653.1,1.0,0.0
6394,user135,2026-07-19T08:50:01+00:00,0,,8.833333333333334,17,10.902941176470588,2.889677568089593,2026-06-25T11:47:05+00:00,0.7372773368101241,-0.6755902076156602,6.0,2.0696078431372538,0.0,0.0,706.0166666666667,2.0,0.0
6393,user135,2026-07-28T08:14:12+00:00,0,,8.233333333333333,18,10.787962962962963,2.847994776249043,2026-06-25T11:47:05+00:00,0.8338858220671684,-0.5519369853120578,1.0,2.5546296296296305,0.0,0.0,12924.183333333332,0.0,0.0
6390,user135,2026-07-28T09:23:30+00:00,0,,9.383333333333333,19,10.653508771929824,2.8301198440692223,2026-06-25T11:47:05+00:00,0.6327053285625162,-0.7743926440821856,1.0,1.2701754385964907,0.0,0.0,69.3,1.0,0.0
6388,user135,2026-07-28T09:59:04+00:00,0,,9.983333333333333,20,10.59,2.772315518358856,2026-06-25T11:47:05+00:00,0.5037739770455267,-0.8638355052043954,1.0,0.6066666666666674,0.0,0.0,35.56666666666667,2.0,0.0
6386,user135,2026-07-29T10:47:57+00:00,0,,10.783333333333333,21,10.56111111111111,2.7085858653125108,2026-06-25T11:47:05+00:00,0.3131638064837498,-0.9496991262018769,2.0,0.2222222222222232,0.0,0.0,1488.8833333333334,0.0,0.0
6357,user135,2026-07-30T09:41:21+00:00,0,,9.683333333333334,22,10.57121212121212,2.646716003176245,2026-06-25T11:47:05+00:00,0.5699967625963032,-0.8216469379421636,3.0,0.8878787878787868,0.0,0.0,1373.4,1.0,0.0
6379,user135,2026-07-31T10:30:03+00:00,0,,10.5,23,10.532608695652172,2.594864299137602,2026-06-25T11:47:05+00:00,0.3826834323650899,-0.9238795325112867,4.0,0.03260869565217206,0.0,0.0,1488.7,0.0,0.0
6380,user135,2026-07-31T11:56:33+00:00,0,,11.933333333333334,24,10.531249999999998,2.5402378155838523,2026-06-25T11:47:05+00:00,0.017452406437283883,-0.9998476951563913,4.0,1.4020833333333353,0.0,0.0,86.5,1.0,0.0
6363,user135,2026-08-01T10:36:49+00:00,0,,10.6,25,10.587333333333332,2.50403354610117,2026-06-25T11:47:05+00:00,0.35836794954530066,-0.9335804264972016,5.0,0.012666666666667936,0.0,0.0,1360.2666666666667,1.0,0.0
6359,user135,2026-08-01T10:49:45+00:00,0,,10.816666666666666,26,10.587820512820512,2.4554081148598077,2026-06-25T11:47:05+00:00,0.30486429902801077,-0.9523957996432784,5.0,0.22884615384615437,0.0,0.0,12.933333333333334,2.0,0.0
6367,user135,2026-08-01T11:52:37+00:00,0,,11.866666666666667,27,10.596296296296295,2.409896149485109,2026-06-25T11:47:05+00:00,0.0348994967025007,-0.9993908270190958,5.0,1.2703703703703724,0.0,0.0,62.86666666666667,3.0,0.0
6396,user135,2026-08-01T21:33:15+00:00,1,unusual_hour,21.55,28,10.641666666666666,2.3781849988781127,2026-06-25T11:47:05+00:00,-0.5983246005706586,0.801253812691061,5.0,10.908333333333335,0.0,0.0,580.6333333333333,3.0,0.0
6349,user135,2026-08-03T09:02:48+00:00,0,,9.033333333333333,29,11.017816091954023,3.069594838398866,2026-06-25T11:47:05+00:00,0.700909264299851,-0.7132504491541815,0.0,1.9844827586206897,0.0,0.0,2129.55,0.0,0.0
6400,user135,2026-08-03T09:32:05+00:00,1,unusual_device+unusual_location,9.533333333333333,30,10.951666666666666,3.038951908751388,2026-06-25T11:47:05+00:00,0.6018150231520486,-0.7986355100472926,0.0,1.418333333333333,1.0,1.0,29.283333333333335,1.0,7715.747415523337
6353,user135,2026-08-03T11:57:25+00:00,0,,11.95,31,10.905913978494626,3.0000195590374856,2026-06-25T11:47:05+00:00,0.013089595571344636,-0.999914327574007,0.0,1.0440860215053736,0.0,0.0,145.33333333333334,2.0,0.0
6377,user135,2026-08-05T09:16:27+00:00,0,,9.266666666666667,32,10.938541666666667,2.958355156903072,2026-06-25T11:47:05+00:00,0.6560590289905073,-0.754709580222772,2.0,1.671875,0.0,0.0,2719.0333333333333,0.0,0.0
6361,user135,2026-08-07T12:46:15+00:00,0,,12.766666666666667,33,10.887878787878789,2.9272499842268522,2026-06-25T11:47:05+00:00,-0.199367934417197,-0.9799247046208297,4.0,1.878787878787879,0.0,0.0,3089.8,0.0,0.0
6391,user135,2026-08-09T10:55:39+00:00,0,,10.916666666666666,34,10.943137254901961,2.901298778491475,2026-06-25T11:47:05+00:00,0.2798290140309927,-0.9600498543859285,6.0,0.026470588235294912,0.0,0.0,2769.4,0.0,0.0
6350,user135,2026-08-11T09:52:52+00:00,0,,9.866666666666667,35,10.942380952380953,2.8595546963162795,2026-06-25T11:47:05+00:00,0.5299192642332049,-0.848048096156426,1.0,1.0757142857142856,0.0,0.0,2817.2166666666667,0.0,0.0
6358,user135,2026-08-11T10:56:29+00:00,0,,10.933333333333334,36,10.912500000000001,2.825095254047984,2026-06-25T11:47:05+00:00,0.2756373558169992,-0.9612616959383189,1.0,0.02083333333333215,0.0,0.0,63.61666666666667,1.0,0.0
6355,user135,2026-08-12T10:40:43+00:00,0,,10.666666666666666,37,10.913063063063063,2.7866588407125743,2026-06-25T11:47:05+00:00,0.3420201433256689,-0.9396926207859083,2.0,0.24639639639639732,0.0,0.0,1424.2333333333333,1.0,0.0
6370,user135,2026-08-14T10:16:34+00:00,0,,10.266666666666667,38,10.906578947368422,2.7500306736026814,2026-06-25T11:47:05+00:00,0.4383711467890773,-0.898794046299167,4.0,0.6399122807017541,0.0,0.0,2855.85,0.0,0.0
6343,user135,2026-08-14T10:53:29+00:00,0,,10.883333333333333,39,10.890170940170941,2.716428645513089,2026-06-25T11:47:05+00:00,0.28819626813408944,-0.9575713608048144,4.0,0.00683760683760859,0.0,0.0,36.916666666666664,1.0,0.0
6376,user135,2026-08-15T10:23:23+00:00,0,,10.383333333333333,40,10.89,2.6822585839383777,2026-06-25T11:47:05+00:00,0.41071885261347724,-0.9117620435770886,5.0,0.5066666666666677,0.0,0.0,1409.9,1.0,0.0
6378,user135,2026-08-16T09:45:29+00:00,0,,9.75,41,10.877642276422765,2.650498776387712,2026-06-25T11:47:05+00:00,0.5555702330196025,-0.831469612302545,6.0,1.1276422764227654,0.0,0.0,1402.1,1.0,0.0
6387,user135,2026-08-21T10:48:16+00:00,0,,10.8,42,10.850793650793651,2.6243919738774313,2026-06-25T11:47:05+00:00,0.3090169943749475,-0.9510565162951535,4.0,0.05079365079365061,0.0,0.0,7262.783333333334,0.0,0.0
6392,user135,2026-08-22T09:30:38+00:00,0,,9.5,43,10.849612403100776,2.59370757241746,2026-06-25T11:47:05+00:00,0.6087614290087209,-0.793353340291235,5.0,1.3496124031007763,0.0,0.0,1362.3666666666666,1.0,0.0
6348,user135,2026-08-23T09:50:35+00:00,0,,9.833333333333334,44,10.818939393939395,2.5719411343083083,2026-06-25T11:47:05+00:00,0.5372996083468238,-0.8433914458128857,6.0,0.9856060606060613,0.0,0.0,1459.95,0.0,0.0
6399,user135,2026-08-24T09:52:40+00:00,1,unusual_device,9.866666666666667,45,10.797037037037038,2.5473498426502945,2026-06-25T11:47:05+00:00,0.5299192642332049,-0.848048096156426,0.0,0.9303703703703707,0.0,0.0,1442.0833333333333,0.0,0.0
6382,user135,2026-08-26T08:26:08+00:00,0,,8.433333333333334,46,10.776811594202899,2.523159582450725,2026-06-25T11:47:05+00:00,0.8038568606172174,-0.5948227867513411,2.0,2.3434782608695652,0.0,0.0,2793.4666666666667,0.0,0.0
6375,user135,2026-08-28T11:00:14+00:00,0,,11.0,47,10.72695035460993,2.5189765670855055,2026-06-25T11:47:05+00:00,0.258819045102521,-0.9659258262890682,4.0,0.2730496453900706,0.0,0.0,3034.1,0.0,0.0
6373,user135,2026-08-29T08:04:15+00:00,0,,8.066666666666666,48,10.732638888888891,2.4929041852839378,2026-06-25T11:47:05+00:00,0.8571673007021124,-0.5150380749100538,5.0,2.6659722222222246,0.0,0.0,1264.0166666666667,1.0,0.0
6395,user135,2026-08-29T21:44:35+00:00,1,unusual_hour,21.733333333333334,49,10.67823129251701,2.495963189997701,2026-06-25T11:47:05+00:00,-0.5591929034707466,0.8290375725550418,5.0,11.055102040816324,0.0,0.0,820.3333333333334,1.0,0.0
6352,user135,2026-08-31T10:30:38+00:00,0,,10.5,50,10.899333333333336,2.9155882958866317,2026-06-25T11:47:05+00:00,0.3826834323650899,-0.9238795325112867,0.0,0.3993333333333364,0.0,0.0,2206.05,0.0,0.0
6402,user135,2026-09-03T09:17:03+00:00,0,,9.283333333333333,51,10.891503267973858,2.8873934777416856,2026-06-25T11:47:05+00:00,0.6527597524627227,-0.7575649843840494,3.0,1.6081699346405252,0.0,0.0,4246.416666666667,0.0,0.0
6403,user135,2026-09-03T09:18:26.350746+00:00,1,rapid_fire,9.3,52,10.860576923076925,2.868011813291022,2026-06-25T11:47:05+00:00,0.6494480483301838,-0.7604059656000309,3.0,1.5605769230769244,0.0,0.0,1.3891791,1.0,0.0
6404,user135,2026-09-03T09:19:38.353011+00:00,1,rapid_fire,9.316666666666666,53,10.8311320754717,2.8487502091346197,2026-06-25T11:47:05+00:00,0.6461239796429641,-0.7632324697825286,3.0,1.5144654088050338,0.0,0.0,1.20003775,2.0,0.0
6405,user135,2026-09-03T09:20:15.898549+00:00,1,rapid_fire,9.333333333333334,54,10.803086419753088,2.8296255224799443,2026-06-25T11:47:05+00:00,0.6427876096865391,-0.7660444431189782,3.0,1.4697530864197539,0.0,0.0,0.6257589666666666,3.0,0.0
6383,user135,2026-09-03T10:36:14+00:00,0,,10.6,55,10.776363636363639,2.81065198034856,2026-06-25T11:47:05+00:00,0.35836794954530066,-0.9335804264972016,3.0,0.1763636363636394,0.0,0.0,75.96835751666667,4.0,0.0
6347,user135,2026-09-05T11:09:00+00:00,0,,11.15,56,10.773214285714289,2.7855417503549504,2026-06-25T11:47:05+00:00,0.22069743502150113,-0.9753423205085127,5.0,0.3767857142857114,0.0,0.0,2912.766666666667,0.0,0.0
6384,user135,2026-09-09T10:17:13+00:00,0,,10.283333333333333,57,10.779824561403512,2.761442148090828,2026-06-25T11:47:05+00:00,0.4344452574044172,-0.9006982393225879,2.0,0.49649122807017854,0.0,0.0,5708.216666666666,0.0,0.0
6389,user135,2026-09-12T10:34:48+00:00,0,,10.566666666666666,58,10.771264367816094,2.738295875495774,2026-06-25T11:47:05+00:00,0.3665012267242976,-0.9304175679820245,5.0,0.204597701149428,0.0,0.0,4337.583333333333,0.0,0.0
6364,user135,2026-09-14T09:27:39+00:00,0,,9.45,59,10.767796610169494,2.715119250825495,2026-06-25T11:47:05+00:00,0.6190939493098342,-0.7853169308807447,0.0,1.317796610169495,0.0,0.0,2812.85,0.0,0.0
6398,user135,2026-09-17T10:04:36+00:00,1,unusual_device,10.066666666666666,60,10.745833333333337,2.6976784000321463,2026-06-25T11:47:05+00:00,0.48480962024633717,-0.8746197071393957,3.0,0.6791666666666707,0.0,0.0,4356.95,0.0,0.0
6381,user135,2026-09-19T10:10:56+00:00,0,,10.166666666666666,61,10.734699453551917,2.6768645427712223,2026-06-25T11:47:05+00:00,0.4617486132350339,-0.8870108331782217,5.0,0.5680327868852508,0.0,0.0,2886.3333333333335,0.0,0.0
6369,user135,2026-09-20T09:09:50+00:00,0,,9.15,62,10.725537634408607,2.656153195987569,2026-06-25T11:47:05+00:00,0.6788007455329417,-0.7343225094356856,6.0,1.5755376344086063,0.0,0.0,1378.9,1.0,0.0
6441,user136,2026-06-23T11:00:49+00:00,0,,11.0,0,,,,0.258819045102521,-0.9659258262890682,1.0,0.0,1.0,1.0,1440.0,0.0,0.0
6437,user136,2026-06-23T14:58:49+00:00,0,,14.966666666666667,1,11.0,0.0,2026-06-23T11:00:49+00:00,-0.7009092642998509,-0.7132504491541817,1.0,3.966666666666667,0.0,0.0,238.0,1.0,0.0
6417,user136,2026-06-24T11:04:28+00:00,0,,11.066666666666666,2,12.983333333333334,1.9833333333333334,2026-06-23T11:00:49+00:00,0.24192189559966817,-0.9702957262759964,2.0,1.9166666666666679,0.0,0.0,1205.65,1.0,0.0
6442,user136,2026-06-25T10:26:29+00:00,0,,10.433333333333334,3,12.344444444444443,1.854390852031676,2026-06-23T11:00:49+00:00,0.39874906892524614,-0.917060074385124,3.0,1.9111111111111097,0.0,0.0,1402.0166666666667,1.0,0.0
6436,user136,2026-06-27T14:40:31+00:00,0,,14.666666666666666,4,11.866666666666667,1.8066236157232334,2026-06-23T11:00:49+00:00,-0.6427876096865389,-0.7660444431189783,5.0,2.799999999999999,0.0,0.0,3134.0333333333333,0.0,0.0
6435,user136,2026-06-28T13:26:20+00:00,0,,13.433333333333334,5,12.426666666666666,1.9660903110262027,2026-06-23T11:00:49+00:00,-0.36650122672429736,-0.9304175679820245,6.0,1.0066666666666677,0.0,0.0,1365.8166666666666,1.0,0.0
6430,user136,2026-06-30T12:05:26+00:00,0,,12.083333333333334,6,12.594444444444443,1.8335774248281707,2026-06-23T11:00:49+00:00,-0.021814885034560975,-0.9997620270799091,1.0,0.5111111111111093,0.0,0.0,2799.1,0.0,0.0
6440,user136,2026-06-30T12:28:37+00:00,0,,12.466666666666667,7,12.52142857142857,1.706958547532188,2026-06-23T11:00:49+00:00,-0.12186934340514731,-0.9925461516413221,1.0,0.05476190476190368,0.0,0.0,23.183333333333334,1.0,0.0
6407,user136,2026-07-03T13:05:12+00:00,0,,13.083333333333334,8,12.514583333333333,1.5968162225538387,2026-06-23T11:00:49+00:00,-0.2798290140309925,-0.9600498543859286,4.0,0.5687500000000014,0.0,0.0,4356.583333333333,0.0,0.0
6423,user136,2026-07-03T13:06:07+00:00,0,,13.1,9,12.577777777777776,1.516066222209128,2026-06-23T11:00:49+00:00,-0.28401534470392237,-0.9588197348681932,4.0,0.5222222222222239,0.0,0.0,0.9166666666666666,1.0,0.0
6411,user136,2026-07-06T11:44:06+00:00,0,,11.733333333333333,10,12.629999999999999,1.4467741895525905,2026-06-23T11:00:49+00:00,0.06975647374412597,-0.9975640502598242,0.0,0.8966666666666665,0.0,0.0,4237.983333333334,0.0,0.0
6418,user136,2026-07-08T12:11:24+00:00,0,,12.183333333333334,11,12.548484848484845,1.4033231581264765,2026-06-23T11:00:49+00:00,-0.04797812852134395,-0.9988483864849507,2.0,0.3651515151515117,0.0,0.0,2907.3,0.0,0.0
6428,user136,2026-07-09T13:21:02+00:00,0,,13.35,12,12.518055555555554,1.3473646831894373,2026-06-23T11:00:49+00:00,-0.34611705707749263,-0.9381913359224843,3.0,0.8319444444444457,0.0,0.0,1509.6333333333334,0.0,0.0
6429,user136,2026-07-17T12:33:24+00:00,0,,12.55,13,12.58205128205128,1.313351254896295,2026-06-23T11:00:49+00:00,-0.14349262199117954,-0.9896513868196701,4.0,0.03205128205127927,0.0,0.0,11472.366666666667,0.0,0.0
6409,user136,2026-07-20T11:25:17+00:00,0,,11.416666666666666,14,12.579761904761904,1.265603855048582,2026-06-23T11:00:49+00:00,0.15212338618991708,-0.9883615104677607,0.0,1.163095238095238,0.0,0.0,4251.883333333333,0.0,0.0
6431,user136,2026-07-21T12:27:23+00:00,0,,12.45,15,12.50222222222222,1.256639649969928,2026-06-23T11:00:49+00:00,-0.11753739745783774,-0.9930684569549263,1.0,0.052222222222221504,0.0,0.0,1502.1,0.0,0.0
6444,user136,2026-07-21T12:51:36+00:00,1,unusual_location,12.85,16,12.49895833333333,1.2168017726069618,2026-06-23T11:00:49+00:00,-0.22069743502150088,-0.9753423205085128,1.0,0.3510416666666689,1.0,0.0,24.216666666666665,1.0,11313.952890358567
6439,user136,2026-07-22T11:22:51+00:00,0,,11.366666666666667,17,12.519607843137251,1.183357294622326,2026-06-23T11:00:49+00:00,0.16504760586067765,-0.9862856015372314,2.0,1.1529411764705841,0.0,0.0,1351.25,2.0,0.0
6443,user136,2026-07-26T01:36:09+00:00,1,unusual_hour,1.6,18,12.455555555555554,1.1799508255081157,2026-06-23T11:00:49+00:00,0.40673664307580015,0.9135454576426009,6.0,10.855555555555554,0.0,0.0,5173.3,0.0,0.0
6414,user136,2026-07-26T12:18:16+00:00,0,,12.3,19,11.884210526315787,2.68231959539109,2026-06-23T11:00:49+00:00,-0.07845909572784526,-0.996917333733128,6.0,0.4157894736842138,0.0,0.0,642.1166666666667,1.0,0.0
6447,user136,2026-07-27T14:28:52+00:00,1,unusual_device+unusual_location,14.466666666666667,20,11.904999999999998,2.6159717760964725,2026-06-23T11:00:49+00:00,-0.6018150231520484,-0.7986355100472928,0.0,2.561666666666669,0.0,1.0,1570.6,0.0,11313.952890358567
6445,user136,2026-07-29T12:57:38+00:00,1,unusual_device,12.95,21,12.026984126984125,2.610562976190787,2026-06-23T11:00:49+00:00,-0.24615329302899255,-0.9692309097067545,2.0,0.9230158730158742,0.0,0.0,2788.766666666667,0.0,0.0
6412,user136,2026-07-30T12:04:06+00:00,0,,12.066666666666666,22,12.068939393939393,2.5577782709209944,2026-06-23T11:00:49+00:00,-0.017452406437283637,-0.9998476951563913,3.0,0.002272727272726982,0.0,0.0,1386.4666666666667,1.0,0.0
6410,user136,2026-08-01T11:01:34+00:00,0,,11.016666666666667,23,12.068840579710145,2.501556541270763,2026-06-23T11:00:49+00:00,0.2546019482055273,-0.9670459389139432,5.0,1.052173913043477,0.0,0.0,2817.4666666666667,0.0,0.0
6415,user136,2026-08-04T09:13:43+00:00,0,,9.216666666666667,24,12.024999999999999,2.457895441226091,2026-06-23T11:00:49+00:00,0.6658816660008343,-0.7460573750616994,1.0,2.808333333333332,0.0,0.0,4212.15,0.0,0.0
6420,user136,2026-08-06T13:22:10+00:00,0,,13.366666666666667,25,11.912666666666665,2.470313880191476,2026-06-23T11:00:49+00:00,-0.3502073812594677,-0.9366721892483976,3.0,1.4540000000000024,0.0,0.0,3128.45,0.0,0.0
6446,user136,2026-08-11T12:42:41+00:00,1,unusual_device+unusual_location,12.7,26,11.968589743589742,2.4384269086758854,2026-06-23T11:00:49+00:00,-0.18223552549214703,-0.9832549075639546,1.0,0.7314102564102569,1.0,1.0,7160.516666666666,0.0,14289.194549388558
6422,user136,2026-08-11T13:44:57+00:00,0,,13.733333333333333,27,11.995679012345677,2.3968282908491094,2026-06-23T11:00:49+00:00,-0.43837114678907707,-0.8987940462991671,1.0,1.7376543209876552,0.0,0.0,62.266666666666666,1.0,0.0
6434,user136,2026-08-12T09:26:33+00:00,0,,9.433333333333334,28,12.057738095238093,2.3756264092166934,2026-06-23T11:00:49+00:00,0.6225146366376196,-0.7826081568524139,2.0,2.62440476190476,0.0,0.0,1181.6,2.0,0.0
6425,user136,2026-08-12T11:46:56+00:00,0,,11.766666666666667,29,11.967241379310343,2.382919274211052,2026-06-23T11:00:49+00:00,0.06104853953485675,-0.998134798421867,2.0,0.2005747126436752,0.0,0.0,140.38333333333333,3.0,0.0
6426,user136,2026-08-16T12:44:40+00:00,0,,12.733333333333333,30,11.960555555555553,2.3431439916129992,2026-06-23T11:00:49+00:00,-0.19080899537654472,-0.981627183447664,6.0,0.7727777777777796,0.0,0.0,5817.733333333334,0.0,0.0
6419,user136,2026-08-18T10:54:38+00:00,0,,10.9,31,11.985483870967741,2.3090818899447974,2026-06-23T11:00:49+00:00,0.2840153447039226,-0.958819734868193,1.0,1.0854838709677406,0.0,0.0,2769.9666666666667,0.0,0.0
6438,user136,2026-08-18T11:26:57+00:00,0,,11.433333333333334,32,11.951562499999998,2.2805501566348156,2026-06-23T11:00:49+00:00,0.14780941112961038,-0.9890158633619168,1.0,0.5182291666666643,0.0,0.0,32.31666666666667,1.0,0.0
6406,user136,2026-08-19T12:42:08+00:00,0,,12.7,33,11.935858585858584,2.247486891352959,2026-06-23T11:00:49+00:00,-0.18223552549214703,-0.9832549075639546,2.0,0.7641414141414149,0.0,0.0,1515.1833333333334,0.0,0.0
6433,user136,2026-08-20T11:43:20+00:00,0,,11.716666666666667,34,11.95833333333333,2.2179498350026394,2026-06-23T11:00:49+00:00,0.07410849019539918,-0.9972501850994857,3.0,0.2416666666666636,0.0,0.0,1381.2,1.0,0.0
6413,user136,2026-08-22T11:20:37+00:00,0,,11.333333333333334,35,11.951428571428568,2.186405949282221,2026-06-23T11:00:49+00:00,0.17364817766693028,-0.984807753012208,5.0,0.6180952380952345,0.0,0.0,2857.2833333333333,0.0,0.0
6427,user136,2026-08-25T11:05:47+00:00,0,,11.083333333333334,36,11.934259259259257,2.158216943967654,2026-06-23T11:00:49+00:00,0.23768589232617293,-0.9713420698132614,1.0,0.8509259259259228,0.0,0.0,4305.166666666667,0.0,0.0
6408,user136,2026-08-25T12:54:05+00:00,0,,12.9,37,11.911261261261258,2.1333194469355696,2026-06-23T11:00:49+00:00,-0.23344536385590528,-0.9723699203976767,1.0,0.9887387387387427,0.0,0.0,108.3,1.0,0.0
6424,user136,2026-08-30T11:40:41+00:00,0,,11.666666666666666,38,11.937280701754382,2.111003732224042,2026-06-23T11:00:49+00:00,0.0871557427476582,-0.9961946980917455,6.0,0.270614035087716,0.0,0.0,7126.6,0.0,0.0
6432,user136,2026-09-08T13:48:59+00:00,0,,13.8,39,11.930341880341876,2.0842027990623313,2026-06-23T11:00:49+00:00,-0.4539904997395471,-0.8910065241883677,1.0,1.8696581196581246,0.0,0.0,13088.3,0.0,0.0
6421,user136,2026-09-14T14:52:46+00:00,0,,14.866666666666667,40,11.97708333333333,2.0785835438132167,2026-06-23T11:00:49+00:00,-0.6819983600624984,-0.7313537016191706,0.0,2.889583333333338,0.0,0.0,8703.783333333333,0.0,0.0
6416,user136,2026-09-16T12:20:27+00:00,0,,12.333333333333334,41,12.047560975609754,2.1009081820420916,2026-06-23T11:00:49+00:00,-0.08715574274765794,-0.9961946980917455,2.0,0.28577235772358023,0.0,0.0,2727.6833333333334,0.0,0.0
6473,user137,2026-06-23T11:17:45+00:00,0,,11.283333333333333,0,,,,0.18652403600873463,-0.9824503977255098,1.0,0.0,1.0,1.0,1440.0,0.0,0.0
6452,user137,2026-06-27T09:22:44+00:00,0,,9.366666666666667,1,11.283333333333333,0.0,2026-06-23T11:17:45+00:00,0.6360782202777638,-0.77162458338772,5.0,1.916666666666666,0.0,0.0,5644.983333333334,0.0,0.0
6464,user137,2026-06-28T10:06:24+00:00,0,,10.1,2,10.325,0.958333333333333,2026-06-23T11:17:45+00:00,0.4771587602596086,-0.8788171126619653,6.0,0.22499999999999964,0.0,0.0,1483.6666666666667,0.0,0.0
6480,user137,2026-06-30T09:04:18+00:00,0,,9.066666666666666,3,10.25,0.7896318879823169,2026-06-23T11:17:45+00:00,0.6946583704589975,-0.719339800338651,1.0,1.1833333333333336,0.0,0.0,2817.9,0.0,0.0
6456,user137,2026-07-02T08:17:33+00:00,0,,8.283333333333333,4,9.954166666666666,0.8545121252634289,2026-06-23T11:17:45+00:00,0.8265897491271889,-0.5628049276950682,3.0,1.6708333333333325,0.0,0.0,2833.25,0.0,0.0
6459,user137,2026-07-05T11:26:49+00:00,0,,11.433333333333334,5,9.62,1.0152941555146577,2026-06-23T11:17:45+00:00,0.14780941112961038,-0.9890158633619168,6.0,1.8133333333333344,0.0,0.0,4509.266666666666,0.0,0.0
6450,user137,2026-07-05T12:52:19+00:00,0,,12.866666666666667,6,9.922222222222222,1.1470439732386941,2026-06-23T11:17:45+00:00,-0.22495105434386498,-0.9743700647852352,6.0,2.9444444444444446,0.0,0.0,85.5,1.0,0.0
6470,user137,2026-07-09T09:43:48+00:00,0,,9.716666666666667,7,10.342857142857143,1.4796464920705212,2026-06-23T11:17:45+00:00,0.5628049276950684,-0.8265897491271887,3.0,0.6261904761904766,0.0,0.0,5571.483333333334,0.0,0.0
6462,user137,2026-07-12T09:50:58+00:00,0,,9.833333333333334,8,10.264583333333334,1.3994899244407268,2026-06-23T11:17:45+00:00,0.5372996083468238,-0.8433914458128857,6.0,0.43125000000000036,0.0,0.0,4327.166666666667,0.0,0.0
6481,user137,2026-07-12T10:35:51+00:00,0,,10.583333333333334,9,10.216666666666667,1.3263939790478247,2026-06-23T11:17:45+00:00,0.36243803828370136,-0.9320078692827987,6.0,0.36666666666666714,0.0,0.0,44.88333333333333,1.0,0.0
6477,user137,2026-07-18T09:57:16+00:00,0,,9.95,10,10.253333333333334,1.2631266321667394,2026-06-23T11:17:45+00:00,0.5112930860770522,-0.8594064115014527,5.0,0.30333333333333456,0.0,0.0,8601.416666666666,0.0,0.0
6449,user137,2026-07-21T10:45:25+00:00,0,,10.75,11,10.225757575757576,1.2074968606597758,2026-06-23T11:17:45+00:00,0.32143946530316175,-0.9469301294951056,1.0,0.5242424242424235,0.0,0.0,4368.15,0.0,0.0
6468,user137,2026-07-22T08:00:19+00:00,0,,8.0,12,10.269444444444444,1.1651345760241234,2026-06-23T11:17:45+00:00,0.8660254037844387,-0.4999999999999998,2.0,2.269444444444444,0.0,0.0,1274.9,1.0,0.0
6460,user137,2026-07-26T11:22:33+00:00,0,,11.366666666666667,13,10.094871794871796,1.272328517073447,2026-06-23T11:17:45+00:00,0.16504760586067765,-0.9862856015372314,6.0,1.2717948717948708,0.0,0.0,5962.233333333334,0.0,0.0
6493,user137,2026-07-29T09:30:59+00:00,1,unusual_device,9.5,14,10.185714285714287,1.2690431519621193,2026-06-23T11:17:45+00:00,0.6087614290087209,-0.793353340291235,2.0,0.6857142857142868,0.0,1.0,4208.433333333333,0.0,0.0
6476,user137,2026-07-30T09:27:22+00:00,0,,9.45,15,10.140000000000002,1.237886490338659,2026-06-23T11:17:45+00:00,0.6190939493098342,-0.7853169308807447,3.0,0.690000000000003,0.0,0.0,1436.3833333333334,1.0,0.0
6486,user137,2026-08-01T08:41:56+00:00,0,,8.683333333333334,16,10.096875,1.2101598085181884,2026-06-23T11:17:45+00:00,0.7632324697825288,-0.646123979642964,5.0,1.4135416666666671,0.0,0.0,2834.5666666666666,0.0,0.0
6448,user137,2026-08-07T10:31:06+00:00,0,,10.516666666666667,17,10.01372549019608,1.220230280609469,2026-06-23T11:17:45+00:00,0.37864861735243294,-0.9255405040175664,4.0,0.5029411764705873,0.0,0.0,8749.166666666666,0.0,0.0
6488,user137,2026-08-08T10:39:04+00:00,0,,10.65,18,10.041666666666668,1.1914335436309023,2026-06-23T11:17:45+00:00,0.34611705707749285,-0.9381913359224842,5.0,0.6083333333333325,0.0,0.0,1447.9666666666667,0.0,0.0
6474,user137,2026-08-11T10:29:01+00:00,0,,10.483333333333333,19,10.073684210526318,1.1675850494269913,2026-06-23T11:17:45+00:00,0.3867109616368213,-0.9222009716704516,1.0,0.40964912280701427,0.0,0.0,4309.95,0.0,0.0
6487,user137,2026-08-12T07:18:41+00:00,0,,7.3,20,10.094166666666668,1.1415179343507682,2026-06-23T11:17:45+00:00,0.9426414910921784,-0.3338068592337708,2.0,2.7941666666666682,0.0,0.0,1249.6666666666667,1.0,0.0
6494,user137,2026-08-14T20:23:56+00:00,1,unusual_device+unusual_hour,20.383333333333333,21,9.961111111111112,1.262968005699874,2026-06-23T11:17:45+00:00,-0.8115739819650123,0.5842496656374345,4.0,10.42222222222222,0.0,1.0,3665.25,0.0,0.0
6453,user137,2026-08-16T09:02:12+00:00,0,,9.033333333333333,22,10.434848484848485,2.4971089803753945,2026-06-23T11:17:45+00:00,0.700909264299851,-0.7132504491541815,6.0,1.4015151515151523,0.0,0.0,2198.266666666667,0.0,0.0
6451,user137,2026-08-16T09:03:57+00:00,0,,9.05,23,10.373913043478263,2.458888176575407,2026-06-23T11:17:45+00:00,0.6977904598416802,-0.7163019434246543,6.0,1.323913043478262,0.0,0.0,1.75,1.0,0.0
6465,user137,2026-08-18T09:34:17+00:00,0,,9.566666666666666,24,10.318750000000001,2.42161042461646,2026-06-23T11:17:45+00:00,0.5948227867513413,-0.8038568606172173,1.0,0.752083333333335,0.0,0.0,2910.3333333333335,0.0,0.0
6482,user137,2026-08-19T09:26:59+00:00,0,,9.433333333333334,25,10.288666666666668,2.3772566822565318,2026-06-23T11:17:45+00:00,0.6225146366376196,-0.7826081568524139,2.0,0.8553333333333342,0.0,0.0,1432.7,1.0,0.0
6469,user137,2026-08-20T09:48:03+00:00,0,,9.8,26,10.255769230769232,2.336888053759827,2026-06-23T11:17:45+00:00,0.5446390350150269,-0.8386705679454242,3.0,0.45576923076923137,0.0,0.0,1461.0666666666666,0.0,0.0
6454,user137,2026-08-20T10:03:19+00:00,0,,10.05,27,10.23888888888889,2.29481881978466,2026-06-23T11:17:45+00:00,0.48862124149695485,-0.8724960070727972,3.0,0.18888888888889,0.0,0.0,15.266666666666667,1.0,0.0
6475,user137,2026-08-22T09:03:35+00:00,0,,9.05,28,10.23214285714286,2.253739963008527,2026-06-23T11:17:45+00:00,0.6977904598416802,-0.7163019434246543,5.0,1.1821428571428587,0.0,0.0,2820.266666666667,0.0,0.0
6479,user137,2026-08-24T08:46:00+00:00,0,,8.766666666666667,29,10.19137931034483,2.2250215061583014,2026-06-23T11:17:45+00:00,0.7489557207890021,-0.6626200482157376,0.0,1.4247126436781627,0.0,0.0,2862.4166666666665,0.0,0.0
6457,user137,2026-08-26T09:43:37+00:00,0,,9.716666666666667,30,10.14388888888889,2.202521632858546,2026-06-23T11:17:45+00:00,0.5628049276950684,-0.8265897491271887,2.0,0.4272222222222233,0.0,0.0,2937.616666666667,0.0,0.0
6463,user137,2026-08-28T10:13:48+00:00,0,,10.216666666666667,31,10.130107526881721,2.1680203354253615,2026-06-23T11:17:45+00:00,0.45009844103743496,-0.892978943411137,4.0,0.08655913978494567,0.0,0.0,2910.1833333333334,0.0,0.0
6491,user137,2026-08-28T21:54:51+00:00,1,unusual_hour,21.9,32,10.1328125,2.133929296537617,2026-06-23T11:17:45+00:00,-0.5224985647159495,0.8526401643540918,4.0,11.767187499999999,0.0,0.0,701.05,1.0,0.0
6467,user137,2026-08-29T09:39:52+00:00,0,,9.65,33,10.489393939393938,2.9128122242200853,2026-06-23T11:17:45+00:00,0.5771451900372336,-0.8166415551616789,5.0,0.839393939393938,0.0,0.0,705.0166666666667,2.0,0.0
6458,user137,2026-08-31T09:34:23+00:00,0,,9.566666666666666,34,10.46470588235294,2.873159441265437,2026-06-23T11:17:45+00:00,0.5948227867513413,-0.8038568606172173,0.0,0.8980392156862731,0.0,0.0,2874.516666666667,0.0,0.0
6490,user137,2026-08-31T20:33:30+00:00,1,unusual_hour,20.55,35,10.439047619047617,2.835766302349675,2026-06-23T11:17:45+00:00,-0.785316930880745,0.619093949309834,0.0,10.110952380952384,0.0,0.0,659.1166666666667,1.0,0.0
6484,user137,2026-09-04T10:51:25+00:00,0,,10.85,36,10.719907407407407,3.2525484297275127,2026-06-23T11:17:45+00:00,0.296541574975571,-0.9550199444571866,4.0,0.1300925925925931,0.0,0.0,5177.916666666667,0.0,0.0
6466,user137,2026-09-07T06:09:12+00:00,0,,6.15,37,10.723423423423423,3.208363365857937,2026-06-23T11:17:45+00:00,0.9992290362407229,-0.03925981575906877,0.0,4.573423423423423,0.0,0.0,4037.7833333333333,0.0,0.0
6483,user137,2026-09-10T08:38:17+00:00,0,,8.633333333333333,38,10.603070175438596,3.2494080775926757,2026-06-23T11:17:45+00:00,0.7716245833877202,-0.6360782202777637,3.0,1.969736842105263,0.0,0.0,4469.083333333333,0.0,0.0
6492,user137,2026-09-11T08:04:17+00:00,1,unusual_location,8.066666666666666,39,10.552564102564101,3.2225534867920484,2026-06-23T11:17:45+00:00,0.8571673007021124,-0.5150380749100538,4.0,2.485897435897435,1.0,0.0,1406.0,1.0,18535.33691523991
6489,user137,2026-09-11T08:53:42+00:00,0,,8.883333333333333,40,10.490416666666665,3.2055981576939914,2026-06-23T11:17:45+00:00,0.7283709698824006,-0.6851829903263589,4.0,1.6070833333333319,0.0,0.0,49.416666666666664,1.0,0.0
6472,user137,2026-09-11T09:24:15+00:00,0,,9.4,41,10.45121951219512,3.1759542667771403,2026-06-23T11:17:45+00:00,0.6293203910498374,-0.7771459614569709,4.0,1.0512195121951198,0.0,0.0,30.55,2.0,0.0
6485,user137,2026-09-12T08:38:47+00:00,0,,8.633333333333333,42,10.426190476190474,3.142007460900394,2026-06-23T11:17:45+00:00,0.7716245833877202,-0.6360782202777637,5.0,1.792857142857141,0.0,0.0,1394.5333333333333,2.0,0.0
6471,user137,2026-09-15T08:48:48+00:00,0,,8.8,43,10.384496124031006,3.116991848369436,2026-06-23T11:17:45+00:00,0.7431448254773942,-0.6691306063588582,1.0,1.5844961240310056,0.0,0.0,4330.016666666666,0.0,0.0
6461,user137,2026-09-19T10:09:51+00:00,0,,10.15,44,10.348484848484846,3.0904030705814605,2026-06-23T11:17:45+00:00,0.4656145203251112,-0.884987637463042,5.0,0.1984848484848456,0.0,0.0,5841.05,0.0,0.0
6455,user137,2026-09-19T11:53:18+00:00,0,,11.883333333333333,45,10.344074074074072,3.056012401313543,2026-06-23T11:17:45+00:00,0.030538513209823103,-0.9995335908367129,5.0,1.5392592592592607,0.0,0.0,103.45,1.0,0.0
6478,user137,2026-09-20T09:05:19+00:00,0,,9.083333333333334,46,10.377536231884056,3.0309359402349667,2026-06-23T11:17:45+00:00,0.6915130557822694,-0.7223639620597555,6.0,1.2942028985507221,0.0,0.0,1272.0166666666667,2.0,0.0
6499,user138,2026-07-03T15:59:57+00:00,0,,15.983333333333333,0,,,,-0.8638355052043956,-0.5037739770455264,4.0,0.0,1.0,1.0,1440.0,0.0,0.0
6495,user138,2026-07-06T16:42:29+00:00,0,,16.7,1,15.983333333333333,0.0,2026-07-03T15:59:57+00:00,-0.9426414910921783,-0.33380685923377124,0.0,0.7166666666666668,0.0,1.0,4362.533333333334,0.0,0.0
6508,user138,2026-07-10T17:08:55+00:00,0,,17.133333333333333,2,16.341666666666665,0.3583333333333334,2026-07-03T15:59:57+00:00,-0.9743700647852351,-0.22495105434386525,4.0,0.7916666666666679,0.0,0.0,5786.433333333333,0.0,0.0
6514,user138,2026-07-14T17:35:52+00:00,0,,17.583333333333332,3,16.605555555555554,0.47421149628607345,2026-07-03T15:59:57+00:00,-0.9940563382223195,-0.10886687485196507,1.0,0.9777777777777779,0.0,0.0,5786.95,0.0,0.0
6533,user138,2026-07-15T19:44:46+00:00,1,unusual_device,19.733333333333334,4,16.849999999999998,0.5898446123062129,2026-07-03T15:59:57+00:00,-0.898794046299167,0.4383711467890774,2.0,2.8833333333333364,0.0,1.0,1568.9,0.0,0.0
6516,user138,2026-07-16T15:46:18+00:00,0,,15.766666666666667,5,17.426666666666666,1.268270913926166,2026-07-03T15:59:57+00:00,-0.8338858220671681,-0.5519369853120584,3.0,1.6599999999999984,0.0,0.0,1201.5333333333333,1.0,0.0
6515,user138,2026-07-16T17:48:53+00:00,0,,17.8,6,17.15,1.3126873763955182,2026-07-03T15:59:57+00:00,-0.9986295347545739,-0.052335956242943425,3.0,0.6500000000000021,0.0,0.0,122.58333333333333,2.0,0.0
6524,user138,2026-07-20T14:31:04+00:00,0,,14.516666666666667,7,17.24285714285714,1.236413693252254,2026-07-03T15:59:57+00:00,-0.6122172800344494,-0.7906895737438433,0.0,2.7261904761904727,0.0,0.0,5562.183333333333,0.0,0.0
6510,user138,2026-07-20T18:25:49+00:00,0,,18.416666666666668,8,16.902083333333334,1.466463941955463,2026-07-03T15:59:57+00:00,-0.9940563382223196,0.10886687485196471,0.0,1.5145833333333343,0.0,0.0,234.75,1.0,0.0
6529,user138,2026-07-24T04:19:14+00:00,1,unusual_hour,4.316666666666666,9,17.07037037037037,1.4622361063545872,2026-07-03T15:59:57+00:00,0.9044551454543679,0.4265687399014585,4.0,11.246296296296297,0.0,0.0,4913.416666666667,0.0,0.0
6496,user138,2026-07-26T17:04:20+00:00,0,,17.066666666666666,10,15.794999999999998,4.069821522158216,2026-07-03T15:59:57+00:00,-0.9702957262759965,-0.24192189559966779,6.0,1.2716666666666683,0.0,0.0,3645.1,0.0,0.0
6503,user138,2026-07-27T18:52:01+00:00,0,,18.866666666666667,11,15.910606060606058,3.897605278298178,2026-07-03T15:59:57+00:00,-0.9743700647852352,0.22495105434386492,0.0,2.9560606060606087,0.0,0.0,1547.6833333333334,0.0,0.0
6523,user138,2026-07-28T19:21:13+00:00,0,,19.35,12,16.156944444444445,3.8200643436343023,2026-07-03T15:59:57+00:00,-0.9381913359224842,0.346117057077493,1.0,3.1930555555555564,0.0,0.0,1469.2,0.0,0.0
6513,user138,2026-07-31T15:51:28+00:00,0,,15.85,13,16.402564102564103,3.767533631527963,2026-07-03T15:59:57+00:00,-0.8457278217039729,-0.533614515915612,4.0,0.5525641025641033,0.0,0.0,4110.25,0.0,0.0
6507,user138,2026-07-31T17:04:09+00:00,0,,17.066666666666666,14,16.363095238095237,3.6332742381139362,2026-07-03T15:59:57+00:00,-0.9702957262759965,-0.24192189559966779,4.0,0.7035714285714292,0.0,0.0,72.68333333333334,1.0,0.0
6527,user138,2026-08-02T16:05:20+00:00,0,,16.083333333333332,15,16.41,3.5144611303921174,2026-07-03T15:59:57+00:00,-0.8767267557075072,-0.48098876891938847,6.0,0.326666666666668,0.0,0.0,2821.1833333333334,0.0,0.0
6512,user138,2026-08-08T16:55:19+00:00,0,,16.916666666666668,16,16.38958333333333,3.403780960401079,2026-07-03T15:59:57+00:00,-0.9600498543859286,-0.27982901403099236,5.0,0.5270833333333371,0.0,0.0,8689.983333333334,0.0,0.0
6517,user138,2026-08-09T17:54:45+00:00,0,,17.9,17,16.420588235294115,3.3044806648604794,2026-07-03T15:59:57+00:00,-0.9996573249755573,-0.026176948307873482,6.0,1.4794117647058833,0.0,0.0,1499.4333333333334,0.0,0.0
6502,user138,2026-08-10T18:54:02+00:00,0,,18.9,18,16.502777777777776,3.229208183723552,2026-07-03T15:59:57+00:00,-0.9723699203976768,0.23344536385590478,0.0,2.397222222222222,0.0,0.0,1499.2833333333333,0.0,0.0
6518,user138,2026-08-10T19:21:10+00:00,0,,19.35,19,16.62894736842105,3.188336942548297,2026-07-03T15:59:57+00:00,-0.9381913359224842,0.346117057077493,0.0,2.721052631578953,0.0,0.0,27.133333333333333,1.0,0.0
6504,user138,2026-08-14T16:08:23+00:00,0,,16.133333333333333,20,16.764999999999997,3.1636867558102035,2026-07-03T15:59:57+00:00,-0.8829475928589265,-0.4694715627858915,4.0,0.6316666666666642,0.0,0.0,5567.216666666666,0.0,0.0
6505,user138,2026-08-17T16:52:18+00:00,0,,16.866666666666667,21,16.734920634920634,3.0903712246056294,2026-07-03T15:59:57+00:00,-0.9563047559630353,-0.2923717047227371,0.0,0.13174603174603305,0.0,0.0,4363.916666666667,0.0,0.0
6506,user138,2026-08-19T19:39:24+00:00,0,,19.65,22,16.74090909090909,3.019443420150991,2026-07-03T15:59:57+00:00,-0.9081431738250815,0.4186597375374277,2.0,2.90909090909091,0.0,0.0,3047.1,0.0,0.0
6520,user138,2026-08-21T17:02:17+00:00,0,,17.033333333333335,23,16.867391304347823,3.012075047746606,2026-07-03T15:59:57+00:00,-0.9681476403781079,-0.25038000405444094,4.0,0.16594202898551202,0.0,0.0,2722.883333333333,0.0,0.0
6497,user138,2026-08-21T17:31:55+00:00,0,,17.516666666666666,24,16.874305555555555,2.9488422836840917,2026-07-03T15:59:57+00:00,-0.992004949679715,-0.12619896913583006,4.0,0.6423611111111107,0.0,0.0,29.633333333333333,1.0,0.0
6509,user138,2026-08-27T17:41:18+00:00,0,,17.683333333333334,25,16.9,2.8920043030550437,2026-07-03T15:59:57+00:00,-0.9965655024977614,-0.08280820751220469,3.0,0.783333333333335,0.0,0.0,8649.383333333333,0.0,0.0
6532,user138,2026-08-28T18:41:55+00:00,1,unusual_device,18.683333333333334,26,16.930128205128202,2.8398417677072656,2026-07-03T15:59:57+00:00,-0.984040697646291,0.1779435454738411,4.0,1.7532051282051313,0.0,0.0,1500.6166666666666,0.0,0.0
6528,user138,2026-08-29T18:58:12+00:00,0,,18.966666666666665,27,16.99506172839506,2.806356009077884,2026-07-03T15:59:57+00:00,-0.968147640378108,0.2503800040544406,5.0,1.9716049382716037,0.0,0.0,1456.2833333333333,0.0,0.0
6501,user138,2026-08-31T15:47:36+00:00,0,,15.783333333333333,28,17.065476190476186,2.7799699116628163,2026-07-03T15:59:57+00:00,-0.8362861558477592,-0.5482932295199142,0.0,1.282142857142853,0.0,0.0,2689.4,0.0,0.0
6519,user138,2026-08-31T16:39:38+00:00,0,,16.65,29,17.02126436781609,2.7416187032513664,2026-07-03T15:59:57+00:00,-0.938191335922484,-0.34611705707749335,0.0,0.3712643678160923,0.0,0.0,52.03333333333333,1.0,0.0
6530,user138,2026-09-03T04:44:52+00:00,1,unusual_hour,4.733333333333333,30,17.008888888888887,2.6963615173226985,2026-07-03T15:59:57+00:00,0.9455185755993167,0.32556815445715676,3.0,11.724444444444448,0.0,0.0,3605.233333333333,0.0,0.0
6521,user138,2026-09-04T16:06:24+00:00,0,,16.1,31,16.61290322580645,3.4263649653735686,2026-07-03T15:59:57+00:00,-0.8788171126619653,-0.4771587602596087,4.0,0.512903225806447,0.0,0.0,2121.5333333333333,0.0,0.0
6522,user138,2026-09-06T16:02:37+00:00,0,,16.033333333333335,32,16.596874999999997,3.373583646993785,2026-07-03T15:59:57+00:00,-0.8703556959399,-0.49242356010346644,6.0,0.5635416666666622,0.0,0.0,2876.2166666666667,0.0,0.0
6531,user138,2026-09-08T16:32:00+00:00,1,unusual_location,16.533333333333335,33,16.579797979797977,3.3234797734160626,2026-07-03T15:59:57+00:00,-0.9271838545667873,-0.3746065934159123,1.0,0.0464646464646421,1.0,0.0,2909.383333333333,0.0,13699.536276697454
6498,user138,2026-09-11T17:51:22+00:00,0,,17.85,34,16.578431372549016,3.274249725494089,2026-07-03T15:59:57+00:00,-0.9992290362407229,-0.039259815759068124,4.0,1.2715686274509856,0.0,0.0,4399.366666666667,0.0,0.0
6500,user138,2026-09-12T15:43:20+00:00,0,,15.716666666666667,35,16.614761904761902,3.234081335737832,2026-07-03T15:59:57+00:00,-0.8265897491271885,-0.5628049276950688,5.0,0.8980952380952356,0.0,0.0,1311.9666666666667,1.0,0.0
6511,user138,2026-09-13T15:01:33+00:00,0,,15.016666666666667,36,16.58981481481481,3.1922607941789667,2026-07-03T15:59:57+00:00,-0.7101853756232854,-0.7040147244559684,6.0,1.5731481481481442,0.0,0.0,1398.2166666666667,1.0,0.0
6534,user138,2026-09-14T04:24:51+00:00,1,unusual_hour+unusual_location,4.4,37,16.547297297297295,3.159143537510332,2026-07-03T15:59:57+00:00,0.9135454576426009,0.4067366430758002,0.0,11.852702702702706,1.0,0.0,803.3,1.0,7327.501390850381
6526,user138,2026-09-17T15:22:19+00:00,0,,15.366666666666667,38,16.227631578947364,3.674022279766298,2026-07-03T15:59:57+00:00,-0.77162458338772,-0.6360782202777638,3.0,0.8609649122806964,0.0,0.0,4977.466666666666,0.0,0.0
6525,user138,2026-09-18T18:39:28+00:00,0,,18.65,39,16.205555555555552,3.6291659102579668,2026-07-03T15:59:57+00:00,-0.9855560590580777,0.1693495038490245,4.0,2.4444444444444464,0.0,0.0,1637.15,0.0,0.0
6536,user139,2026-06-24T19:06:27+00:00,0,,19.1,0,,,,-0.9588197348681929,0.28401534470392314,2.0,0.0,1.0,1.0,1440.0,0.0,0.0
6565,user139,2026-06-25T19:31:03+00:00,0,,19.516666666666666,1,19.1,0.0,2026-06-24T19:06:27+00:00,-0.9222009716704518,0.3867109616368206,3.0,0.4166666666666643,0.0,0.0,1464.6,0.0,0.0
6568,user139,2026-06-26T22:39:46+00:00,1,unusual_device,22.65,2,19.308333333333334,0.20833333333333215,2026-06-24T19:06:27+00:00,-0.3461170570774934,0.9381913359224839,4.0,3.341666666666665,0.0,1.0,1628.7166666666667,0.0,0.0
6563,user139,2026-07-01T19:40:19+00:00,0,,19.666666666666668,3,20.42222222222222,1.5844343150681348,2026-06-24T19:06:27+00:00,-0.9063077870366498,0.4226182617406996,2.0,0.7555555555555529,0.0,0.0,7020.55,0.0,0.0
6541,user139,2026-07-15T19:40:32+00:00,0,,19.666666666666668,4,20.233333333333334,1.4106243692461535,2026-06-24T19:06:27+00:00,-0.9063077870366498,0.4226182617406996,2.0,0.5666666666666664,0.0,0.0,20160.216666666667,0.0,0.0
6542,user139,2026-07-15T19:45:23+00:00,0,,19.75,5,20.12,1.281899632056529,2026-06-24T19:06:27+00:00,-0.8968727415326884,0.442288690219001,2.0,0.370000000000001,0.0,0.0,4.85,1.0,0.0
6548,user139,2026-07-24T20:33:00+00:00,0,,20.55,6,20.058333333333334,1.1783050444506193,2026-06-24T19:06:27+00:00,-0.785316930880745,0.619093949309834,4.0,0.49166666666666714,0.0,0.0,13007.616666666667,0.0,0.0
6550,user139,2026-07-26T20:24:46+00:00,0,,20.4,7,20.12857142857143,1.1043821186281388,2026-06-24T19:06:27+00:00,-0.8090169943749481,0.5877852522924722,6.0,0.2714285714285687,0.0,0.0,2871.766666666667,0.0,0.0
6544,user139,2026-07-30T16:21:12+00:00,0,,16.35,8,20.1625,1.0369476441299557,2026-06-24T19:06:27+00:00,-0.9081431738250814,-0.418659737537428,3.0,3.8125,0.0,0.0,5516.433333333333,0.0,0.0
6543,user139,2026-07-31T20:49:16+00:00,0,,20.816666666666666,9,19.73888888888889,1.5464016375739376,2026-06-24T19:06:27+00:00,-0.7402181274868326,0.6723668074346675,4.0,1.0777777777777757,0.0,0.0,1708.0666666666666,0.0,0.0
6567,user139,2026-08-01T20:26:02+00:00,1,unusual_location,20.433333333333334,10,19.846666666666668,1.5022538622571968,2026-06-24T19:06:27+00:00,-0.8038568606172173,0.5948227867513414,5.0,0.586666666666666,1.0,0.0,1416.7666666666667,1.0,16723.860518795125
6562,user139,2026-08-06T19:50:27+00:00,0,,19.833333333333332,11,19.900000000000002,1.4422380195551991,2026-06-24T19:06:27+00:00,-0.887010833178222,0.46174861323503325,3.0,0.06666666666666998,0.0,0.0,7164.416666666667,0.0,0.0
6549,user139,2026-08-08T17:16:45+00:00,0,,17.266666666666666,12,19.894444444444446,1.3809607051382022,2026-06-24T19:06:27+00:00,-0.9816271834476639,-0.19080899537654547,5.0,2.62777777777778,0.0,0.0,2726.3,0.0,0.0
6566,user139,2026-08-10T09:18:51+00:00,1,unusual_hour,9.3,13,19.692307692307693,1.500222424885344,2026-06-24T19:06:27+00:00,0.6494480483301838,-0.7604059656000309,0.0,10.392307692307693,0.0,0.0,2402.1,0.0,0.0
6538,user139,2026-08-13T17:05:35+00:00,0,,17.083333333333332,14,18.95,3.0419031219245958,2026-06-24T19:06:27+00:00,-0.9713420698132613,-0.23768589232617343,3.0,1.8666666666666671,0.0,0.0,4786.733333333334,0.0,0.0
6556,user139,2026-08-17T22:23:26+00:00,0,,22.383333333333333,15,18.825555555555557,2.975416974617088,2026-06-24T19:06:27+00:00,-0.4107188526134778,0.9117620435770883,0.0,3.557777777777776,0.0,0.0,6077.85,0.0,0.0
6540,user139,2026-08-20T19:03:53+00:00,0,,19.05,16,19.047916666666666,3.006901061401182,2026-06-24T19:06:27+00:00,-0.9624552364536472,0.2714404498650747,3.0,0.0020833333333349913,0.0,0.0,4120.45,0.0,0.0
6547,user139,2026-08-26T21:10:54+00:00,0,,21.166666666666668,17,19.048039215686273,2.917122554583905,2026-06-24T19:06:27+00:00,-0.6755902076156598,0.7372773368101244,2.0,2.1186274509803944,0.0,0.0,8767.016666666666,0.0,0.0
6560,user139,2026-08-28T20:32:44+00:00,0,,20.533333333333335,18,19.16574074074074,2.876171109960652,2026-06-24T19:06:27+00:00,-0.7880107536067218,0.6156614753256585,4.0,1.3675925925925938,0.0,0.0,2841.8333333333335,0.0,0.0
6558,user139,2026-08-30T19:03:22+00:00,0,,19.05,19,19.237719298245615,2.8160662814151736,2026-06-24T19:06:27+00:00,-0.9624552364536472,0.2714404498650747,6.0,0.1877192982456144,0.0,0.0,2790.633333333333,0.0,0.0
6554,user139,2026-08-30T20:43:01+00:00,0,,20.716666666666665,20,19.228333333333335,2.74506678728709,2026-06-24T19:06:27+00:00,-0.7575649843840502,0.6527597524627218,6.0,1.4883333333333297,0.0,0.0,99.65,1.0,0.0
6537,user139,2026-08-31T19:32:00+00:00,0,,19.533333333333335,21,19.29920634920635,2.6975958147287793,2026-06-24T19:06:27+00:00,-0.92050485345244,0.39073112848927427,0.0,0.23412698412698418,0.0,0.0,1368.9833333333333,1.0,0.0
6552,user139,2026-09-01T20:15:43+00:00,0,,20.25,22,19.309848484848487,2.6360249913119063,2026-06-24T19:06:27+00:00,-0.8314696123025455,0.5555702330196018,1.0,0.9401515151515127,0.0,0.0,1483.7166666666667,0.0,0.0
6557,user139,2026-09-02T19:55:03+00:00,0,,19.916666666666668,23,19.35072463768116,2.5852025881466494,2026-06-24T19:06:27+00:00,-0.8767267557075075,0.48098876891938813,2.0,0.565942028985507,0.0,0.0,1419.3333333333333,1.0,0.0
6553,user139,2026-09-05T20:45:27+00:00,0,,20.75,24,19.37430555555556,2.533296688179161,2026-06-24T19:06:27+00:00,-0.7518398074789772,0.6593458151000691,5.0,1.3756944444444414,0.0,0.0,4370.4,0.0,0.0
6569,user139,2026-09-06T08:53:11+00:00,1,unusual_device+unusual_hour,8.883333333333333,25,19.429333333333336,2.496710190986887,2026-06-24T19:06:27+00:00,0.7283709698824006,-0.6851829903263589,6.0,10.546000000000003,0.0,1.0,727.7333333333333,1.0,0.0
6546,user139,2026-09-07T20:00:50+00:00,0,,20.0,26,19.02371794871795,3.1791359529951784,2026-06-24T19:06:27+00:00,-0.8660254037844386,0.5000000000000001,0.0,0.9762820512820483,0.0,0.0,2107.65,0.0,0.0
6545,user139,2026-09-08T19:00:06+00:00,0,,19.0,27,19.05987654320988,3.1251510556388933,2026-06-24T19:06:27+00:00,-0.9659258262890684,0.2588190451025203,1.0,0.05987654320988156,0.0,0.0,1379.2666666666667,1.0,0.0
6561,user139,2026-09-08T19:57:44+00:00,0,,19.95,28,19.0577380952381,3.0688575317947744,2026-06-24T19:06:27+00:00,-0.8724960070727971,0.48862124149695496,1.0,0.8922619047618987,0.0,0.0,57.63333333333333,2.0,0.0
6535,user139,2026-09-09T22:14:07+00:00,0,,22.233333333333334,29,19.088505747126444,3.0198738379431362,2026-06-24T19:06:27+00:00,-0.4461978131098095,0.8949343616020247,2.0,3.1448275862068904,0.0,0.0,1576.3833333333334,0.0,0.0
6539,user139,2026-09-11T18:20:20+00:00,0,,18.333333333333332,30,19.19333333333334,3.022304737435642,2026-06-24T19:06:27+00:00,-0.9961946980917455,0.08715574274765789,4.0,0.8600000000000065,0.0,0.0,2646.2166666666667,0.0,0.0
6564,user139,2026-09-13T20:25:14+00:00,0,,20.416666666666668,31,19.165591397849468,2.977038578928361,2026-06-24T19:06:27+00:00,-0.8064446042674829,0.591309648363582,6.0,1.2510752688171998,0.0,0.0,3004.9,0.0,0.0
6551,user139,2026-09-16T20:17:33+00:00,0,,20.283333333333335,32,19.204687500000006,2.9382275528528674,2026-06-24T19:06:27+00:00,-0.8265897491271886,0.5628049276950685,2.0,1.0786458333333293,0.0,0.0,4312.316666666667,0.0,0.0
6555,user139,2026-09-17T18:02:52+00:00,0,,18.033333333333335,33,19.23737373737374,2.8992685432552814,2026-06-24T19:06:27+00:00,-0.9999619230641713,0.008726535498374096,3.0,1.2040404040404056,0.0,0.0,1305.3166666666666,1.0,0.0
6559,user139,2026-09-19T20:40:49+00:00,0,,20.666666666666668,34,19.20196078431373,2.8635492759822503,2026-06-24T19:06:27+00:00,-0.7660444431189781,0.6427876096865393,5.0,1.4647058823529377,0.0,0.0,3037.95,0.0,0.0
6596,user140,2026-06-23T05:45:15+00:00,0,,5.75,0,,,,0.9978589232386035,0.06540312923014327,1.0,0.0,1.0,1.0,1440.0,0.0,0.0
6601,user140,2026-06-30T06:45:40+00:00,0,,6.75,1,5.75,0.0,2026-06-23T05:45:15+00:00,0.9807852804032304,-0.1950903220161282,1.0,1.0,0.0,0.0,10140.416666666666,0.0,0.0
6573,user140,2026-06-30T06:47:55+00:00,0,,6.783333333333333,2,6.25,0.5,2026-06-23T05:45:15+00:00,0.9790454724845838,-0.20364175114017732,1.0,0.5333333333333332,0.0,1.0,2.25,1.0,0.0
6570,user140,2026-07-02T06:40:09+00:00,0,,6.666666666666667,3,6.427777777777777,0.47945442245314257,2026-06-23T05:45:15+00:00,0.984807753012208,-0.1736481776669303,3.0,0.23888888888888982,0.0,0.0,2872.233333333333,0.0,0.0
6584,user140,2026-07-05T07:56:15+00:00,0,,7.933333333333334,4,6.4875,0.4279107837959788,2026-06-23T05:45:15+00:00,0.8746197071393959,-0.484809620246337,6.0,1.4458333333333337,0.0,0.0,4396.1,0.0,0.0
6589,user140,2026-07-05T08:47:37+00:00,0,,8.783333333333333,5,6.776666666666666,0.693509592980195,2026-06-23T05:45:15+00:00,0.7460573750616996,-0.6658816660008342,6.0,2.006666666666667,0.0,0.0,51.36666666666667,1.0,0.0
6582,user140,2026-07-11T09:04:45+00:00,0,,9.066666666666666,6,7.111111111111111,0.9798273972466077,2026-06-23T05:45:15+00:00,0.6946583704589975,-0.719339800338651,5.0,1.9555555555555557,0.0,0.0,8657.133333333333,0.0,0.0
6592,user140,2026-07-18T06:38:43+00:00,0,,6.633333333333333,7,7.390476190476191,1.1363006372971878,2026-06-23T05:45:15+00:00,0.9862856015372314,-0.16504760586067727,5.0,0.757142857142858,0.0,0.0,9933.966666666667,0.0,0.0
6579,user140,2026-07-18T08:33:29+00:00,0,,8.55,8,7.295833333333333,1.0920085342564356,2026-06-23T05:45:15+00:00,0.7853169308807448,-0.6190939493098341,5.0,1.2541666666666673,0.0,0.0,114.76666666666667,1.0,0.0
6587,user140,2026-07-20T05:19:55+00:00,0,,5.316666666666666,9,7.435185185185186,1.1024228212521539,2026-06-23T05:45:15+00:00,0.9840406976462908,0.177943545473842,0.0,2.1185185185185196,0.0,0.0,2686.4333333333334,0.0,0.0
6598,user140,2026-07-20T07:22:32+00:00,0,,7.366666666666666,10,7.223333333333334,1.223819158753994,2026-06-23T05:45:15+00:00,0.9366721892483977,-0.3502073812594673,0.0,0.14333333333333265,0.0,0.0,122.61666666666666,1.0,0.0
6600,user140,2026-07-23T06:50:39+00:00,0,,6.833333333333333,11,7.236363636363635,1.1675930993057355,2026-06-23T05:45:15+00:00,0.9762960071199334,-0.2164396139381028,3.0,0.4030303030303024,0.0,0.0,4288.116666666667,0.0,0.0
6606,user140,2026-07-24T06:25:55+00:00,1,unusual_device,6.416666666666667,12,7.202777777777777,1.1234213890094629,2026-06-23T05:45:15+00:00,0.9940563382223196,-0.10886687485196461,4.0,0.7861111111111097,0.0,1.0,1415.2666666666667,1.0,0.0
6580,user140,2026-07-25T08:19:30+00:00,0,,8.316666666666666,13,7.142307692307692,1.0994873588786689,2026-06-23T05:45:15+00:00,0.8216469379421637,-0.569996762596303,5.0,1.1743589743589746,0.0,0.0,1553.5833333333333,0.0,0.0
6576,user140,2026-07-27T07:04:02+00:00,0,,7.066666666666666,14,7.226190476190475,1.1018151381422638,2026-06-23T05:45:15+00:00,0.961261695938319,-0.27563735581699883,0.0,0.15952380952380896,0.0,0.0,2804.5333333333333,0.0,0.0
6571,user140,2026-07-28T07:49:39+00:00,0,,7.816666666666666,15,7.215555555555555,1.0651980630757112,2026-06-23T05:45:15+00:00,0.8890171414857364,-0.45787391511695685,1.0,0.6011111111111118,0.0,0.0,1485.6166666666666,0.0,0.0
6586,user140,2026-07-28T08:43:13+00:00,0,,8.716666666666667,16,7.253124999999999,1.0415869761183867,2026-06-23T05:45:15+00:00,0.7575649843840495,-0.6527597524627226,1.0,1.4635416666666679,0.0,0.0,53.56666666666667,1.0,0.0
6594,user140,2026-07-29T07:23:52+00:00,0,,7.383333333333334,17,7.339215686274509,1.0675538769902044,2026-06-23T05:45:15+00:00,0.9351352096860117,-0.35429103799771566,2.0,0.04411764705882515,0.0,0.0,1360.65,2.0,0.0
6605,user140,2026-07-29T07:38:03+00:00,1,unusual_location,7.633333333333333,18,7.341666666666665,1.0375251000979848,2026-06-23T05:45:15+00:00,0.9099612708765433,-0.4146932426562388,2.0,0.29166666666666785,1.0,0.0,14.183333333333334,3.0,7715.747415523337
6597,user140,2026-07-30T07:23:23+00:00,0,,7.383333333333334,19,7.357017543859648,1.0119507504467002,2026-06-23T05:45:15+00:00,0.9351352096860117,-0.35429103799771566,3.0,0.026315789473685847,0.0,0.0,1425.3333333333333,2.0,0.0
6607,user140,2026-07-30T07:49:13+00:00,1,unusual_device,7.816666666666666,20,7.358333333333332,0.9863442603878222,2026-06-23T05:45:15+00:00,0.8890171414857364,-0.45787391511695685,3.0,0.4583333333333348,0.0,1.0,25.833333333333332,1.0,0.0
6595,user140,2026-08-02T08:46:02+00:00,0,,8.766666666666667,21,7.380158730158728,0.9675094717775842,2026-06-23T05:45:15+00:00,0.7489557207890021,-0.6626200482157376,6.0,1.3865079365079396,0.0,0.0,4376.816666666667,0.0,0.0
6590,user140,2026-08-15T07:07:42+00:00,0,,7.116666666666666,22,7.443181818181817,0.988400645299778,2026-06-23T05:45:15+00:00,0.9575713608048145,-0.28819626813408905,5.0,0.3265151515151503,0.0,0.0,18621.666666666668,0.0,0.0
6591,user140,2026-08-16T07:40:58+00:00,0,,7.666666666666667,23,7.4289855072463755,0.9689654998433013,2026-06-23T05:45:15+00:00,0.90630778703665,-0.42261826174069933,6.0,0.23768115942029144,0.0,0.0,1473.2666666666667,0.0,0.0
6603,user140,2026-08-21T06:59:33+00:00,0,,6.983333333333333,24,7.438888888888887,0.9497522418966193,2026-06-23T05:45:15+00:00,0.9670459389139432,-0.2546019482055275,4.0,0.45555555555555394,0.0,0.0,7158.583333333333,0.0,0.0
6581,user140,2026-08-21T10:03:59+00:00,0,,10.05,25,7.420666666666665,0.9348354578926356,2026-06-23T05:45:15+00:00,0.48862124149695485,-0.8724960070727972,4.0,2.629333333333336,0.0,0.0,184.43333333333334,1.0,0.0
6604,user140,2026-08-24T20:09:47+00:00,1,unusual_hour,20.15,26,7.521794871794871,1.0468896670692842,2026-06-23T05:45:15+00:00,-0.8457278217039735,0.533614515915611,0.0,11.371794871794872,0.0,0.0,4925.8,0.0,0.0
6588,user140,2026-08-25T06:38:37+00:00,0,,6.633333333333333,27,7.989506172839505,2.596726128687901,2026-06-23T05:45:15+00:00,0.9862856015372314,-0.16504760586067727,1.0,1.356172839506172,0.0,0.0,628.8333333333334,1.0,0.0
6593,user140,2026-08-31T06:06:22+00:00,0,,6.1,28,7.941071428571427,2.5623242570120905,2026-06-23T05:45:15+00:00,0.9996573249755573,-0.026176948307873017,0.0,1.8410714285714276,0.0,0.0,8607.75,0.0,0.0
6578,user140,2026-09-03T07:26:20+00:00,0,,7.433333333333334,29,7.8775862068965505,2.5400707288779323,2026-06-23T05:45:15+00:00,0.9304175679820246,-0.3665012267242972,3.0,0.44425287356321697,0.0,0.0,4399.966666666666,0.0,0.0
6575,user140,2026-09-06T07:28:48+00:00,0,,7.466666666666667,30,7.862777777777777,2.498650314682254,2026-06-23T05:45:15+00:00,0.9271838545667874,-0.37460659341591207,6.0,0.39611111111110997,0.0,0.0,4322.466666666666,0.0,0.0
6585,user140,2026-09-08T06:39:58+00:00,0,,6.65,31,7.849999999999999,2.4590153054426955,2026-06-23T05:45:15+00:00,0.9855560590580777,-0.1693495038490246,1.0,1.1999999999999984,0.0,0.0,2831.1666666666665,0.0,0.0
6577,user140,2026-09-08T08:10:42+00:00,0,,8.166666666666666,32,7.812499999999999,2.4292774417280723,2026-06-23T05:45:15+00:00,0.8433914458128858,-0.5372996083468236,1.0,0.35416666666666696,0.0,0.0,90.73333333333333,1.0,0.0
6574,user140,2026-09-10T08:37:59+00:00,0,,8.616666666666667,33,7.823232323232322,2.3929573274385274,2026-06-23T05:45:15+00:00,0.7743926440821857,-0.632705328562516,3.0,0.7934343434343454,0.0,0.0,2907.2833333333333,0.0,0.0
6572,user140,2026-09-10T09:37:36+00:00,0,,9.616666666666667,34,7.84656862745098,2.36131256914705,2026-06-23T05:45:15+00:00,0.5842496656374344,-0.8115739819650123,3.0,1.7700980392156875,0.0,0.0,59.61666666666667,1.0,0.0
6608,user140,2026-09-11T07:58:53+00:00,1,unusual_device+unusual_location,7.966666666666667,35,7.897142857142857,2.3459437662047677,2026-06-23T05:45:15+00:00,0.8703556959398997,-0.492423560103467,4.0,0.06952380952380999,1.0,0.0,1341.2833333333333,2.0,11313.952890358567
6602,user140,2026-09-17T06:59:03+00:00,0,,6.983333333333333,36,7.899074074074073,2.3131599640328355,2026-06-23T05:45:15+00:00,0.9670459389139432,-0.2546019482055275,3.0,0.9157407407407394,0.0,0.0,8580.166666666666,0.0,0.0
6599,user140,2026-09-17T08:40:46+00:00,0,,8.666666666666666,37,7.8743243243243235,2.2865141735805845,2026-06-23T05:45:15+00:00,0.7660444431189783,-0.642787609686539,3.0,0.7923423423423426,0.0,0.0,101.71666666666667,1.0,0.0
6583,user140,2026-09-18T07:36:48+00:00,0,,7.6,38,7.895175438596491,2.2597899681641764,2026-06-23T05:45:15+00:00,0.913545457642601,-0.4067366430758001,4.0,0.2951754385964911,0.0,0.0,1376.0333333333333,1.0,0.0
